Date,adjclose
1998-12-31,5.714678764343262
1999-01-31,5.339817047119141
1999-02-28,5.293918609619141
1999-03-31,6.042327404022217
1999-04-30,6.936776161193848
1999-05-31,6.78706693649292
1999-06-30,6.925620079040527
1999-07-31,7.056802749633789
1999-08-31,7.133969306945801
1999-09-30,6.805870056152344
1999-10-31,6.7051005363464355
1999-11-30,6.6934709548950195
1999-12-31,6.740425109863281
2000-01-31,6.794845104217529
2000-02-29,6.507192611694336
2000-03-31,7.31683874130249
2000-04-30,7.207633972167969
2000-05-31,8.053984642028809
2000-06-30,7.6108880043029785
2000-07-31,7.320872783660889
2000-08-31,8.12036418914795
2000-09-30,8.253878593444824
2000-10-31,8.029520988464355
2000-11-30,7.608367919921875
2000-12-31,8.38514518737793
2001-01-31,8.117956161499023
2001-02-28,8.01941967010498
2001-03-31,7.780176639556885
2001-04-30,8.583536148071289
2001-05-31,8.50243854522705
2001-06-30,7.727601051330566
2001-07-31,7.638486862182617
2001-08-31,7.315124034881592
2001-09-30,6.61116886138916
2001-10-31,6.877460956573486
2001-11-30,6.493386268615723
2001-12-31,6.864661693572998
2002-01-31,6.620415210723877
2002-02-28,6.846663475036621
2002-03-31,7.452757835388184
2002-04-30,7.1844682693481445
2002-05-31,7.058063983917236
2002-06-30,6.799555778503418
2002-07-31,5.857480525970459
2002-08-31,5.945714950561523
2002-09-30,5.521456241607666
2002-10-31,5.623223304748535
2002-11-30,5.855459213256836
2002-12-31,5.8568196296691895
2003-01-31,5.709936618804932
2003-02-28,5.877802848815918
2003-03-31,5.8849778175354
2003-04-30,5.83488130569458
2003-05-31,6.45449161529541
2003-06-30,6.371604919433594
2003-07-31,6.146411895751953
2003-08-31,6.538512229919434
2003-09-30,6.403690814971924
2003-10-31,6.464930534362793
2003-11-30,6.515522480010986
2003-12-31,7.368560314178467
2004-01-31,7.534388065338135
2004-02-29,7.9302287101745605
2004-03-31,7.880654811859131
2004-04-30,8.014954566955566
2004-05-31,7.990781307220459
2004-06-30,8.489129066467285
2004-07-31,8.75070858001709
2004-08-31,8.615873336791992
2004-09-30,9.457035064697266
2004-10-31,9.513894081115723
2004-11-30,10.155559539794922
2004-12-31,9.869094848632812
2005-01-31,10.203317642211914
2005-02-28,11.91519546508789
2005-03-31,11.687692642211914
2005-04-30,11.055184364318848
2005-05-31,11.36325740814209
2005-06-30,12.156330108642578
2005-07-31,13.01779556274414
2005-08-31,13.849184036254883
2005-09-30,14.719804763793945
2005-10-31,13.389616966247559
2005-11-30,13.589828491210938
2005-12-31,13.834388732910156
2006-01-31,15.85550594329834
2006-02-28,14.392596244812012
2006-03-31,15.003387451171875
2006-04-30,15.759069442749023
2006-05-31,15.32055377960205
2006-06-30,15.709417343139648
2006-07-31,16.23538589477539
2006-08-31,15.4104585647583
2006-09-30,14.846599578857422
2006-10-31,15.479909896850586
2006-11-30,16.807632446289062
2006-12-31,16.334102630615234
2007-01-31,16.183666229248047
2007-02-28,15.852132797241211
2007-03-31,16.8488826751709
2007-04-30,17.712568283081055
2007-05-31,19.09054946899414
2007-06-30,19.339414596557617
2007-07-31,19.342212677001953
2007-08-31,19.574878692626953
2007-09-30,21.023250579833984
2007-10-31,21.55726432800293
2007-11-30,20.649436950683594
2007-12-31,22.359477996826172
2008-01-31,19.612102508544922
2008-02-29,21.429609298706055
2008-03-31,20.928951263427734
2008-04-30,23.102094650268555
2008-05-31,24.303117752075195
2008-06-30,25.06998634338379
2008-07-31,21.0805606842041
2008-08-31,21.15139389038086
2008-09-30,17.993305206298828
2008-10-31,14.610675811767578
2008-11-30,14.292317390441895
2008-12-31,13.649273872375488
2009-01-31,13.406412124633789
2009-02-28,11.752041816711426
2009-03-31,12.194412231445312
2009-04-30,13.147909164428711
2009-05-31,14.842376708984375
2009-06-30,13.870361328125
2009-07-31,14.612236022949219
2009-08-31,14.770998001098633
2009-09-30,15.633970260620117
2009-10-31,16.019607543945312
2009-11-30,16.474817276000977
2009-12-31,16.6198787689209
2010-01-31,15.888150215148926
2010-02-28,16.36624526977539
2010-03-31,16.8272705078125
2010-04-30,17.526453018188477
2010-05-31,15.519591331481934
2010-06-30,14.59997272491455
2010-07-31,15.822516441345215
2010-08-31,15.046669006347656
2010-09-30,16.550670623779297
2010-10-31,17.489505767822266
2010-11-30,18.51396369934082
2010-12-31,20.239173889160156
2011-01-31,21.692249298095703
2011-02-28,23.290611267089844
2011-03-31,23.729063034057617
2011-04-30,23.946258544921875
2011-05-31,22.943546295166016
2011-06-30,22.502546310424805
2011-07-31,22.831037521362305
2011-08-31,20.498659133911133
2011-09-30,17.542049407958984
2011-10-31,20.899951934814453
2011-11-30,21.247732162475586
2011-12-31,20.81378173828125
2012-01-31,21.283466339111328
2012-02-29,22.54500961303711
2012-03-31,21.686063766479492
2012-04-30,21.531923294067383
2012-05-31,19.231834411621094
2012-06-30,20.156879425048828
2012-07-31,21.153024673461914
2012-08-31,21.723987579345703
2012-09-30,22.400875091552734
2012-10-31,21.946346282958984
2012-11-30,21.677875518798828
2012-12-31,21.898719787597656
2013-01-31,23.71696662902832
2013-02-28,23.82122039794922
2013-03-31,24.426925659179688
2013-04-30,24.10660743713379
2013-05-31,24.793434143066406
2013-06-30,24.231433868408203
2013-07-31,25.50644302368164
2013-08-31,25.24340057373047
2013-09-30,25.777095794677734
2013-10-31,26.859054565429688
2013-11-30,26.874591827392578
2013-12-31,27.646347045898438
2014-01-31,26.043977737426758
2014-02-28,27.377717971801758
2014-03-31,27.95494842529297
2014-04-30,29.4239444732666
2014-05-31,29.916738510131836
2014-06-30,31.566165924072266
2014-07-31,30.471912384033203
2014-08-31,31.137279510498047
2014-09-30,28.723726272583008
2014-10-31,27.709426879882812
2014-11-30,25.30045509338379
2014-12-31,25.247129440307617
2015-01-31,24.095762252807617
2015-02-28,25.202468872070312
2015-03-31,24.91132354736328
2015-04-30,26.54897117614746
2015-05-31,25.17142105102539
2015-06-30,24.294584274291992
2015-07-31,22.426258087158203
2015-08-31,21.47270965576172
2015-09-30,19.928098678588867
2015-10-31,22.152090072631836
2015-11-30,22.148834228515625
2015-12-31,19.819456100463867
2016-01-31,19.126163482666016
2016-02-29,18.59059715270996
2016-03-31,20.480501174926758
2016-04-30,22.336950302124023
2016-05-31,22.12847137451172
2016-06-30,22.73052406311035
2016-07-31,22.44405746459961
2016-08-31,22.82046127319336
2016-09-30,23.662124633789062
2016-10-31,22.995250701904297
2016-11-30,24.942241668701172
2016-12-31,25.373929977416992
2017-01-31,24.558679580688477
2017-02-28,24.046611785888672
2017-03-31,23.689285278320312
2017-04-30,22.991146087646484
2017-05-31,22.17778205871582
2017-06-30,22.15302085876465
2017-07-31,22.733116149902344
2017-08-31,21.48760223388672
2017-09-30,23.67555046081543
2017-10-31,23.478473663330078
2017-11-30,23.889896392822266
2017-12-31,25.14874839782715
2018-01-31,26.05014991760254
2018-02-28,23.227617263793945
2018-03-31,23.627838134765625
2018-04-30,25.871105194091797
2018-05-31,26.64571762084961
2018-06-30,26.797473907470703
2018-07-31,27.213871002197266
2018-08-31,26.268156051635742
2018-09-30,26.910680770874023
2018-10-31,23.862173080444336
2018-11-30,23.489105224609375
2018-12-31,20.567251205444336
2019-01-31,22.873218536376953
2019-02-28,23.400400161743164
2019-03-31,23.898386001586914
2019-04-30,23.894773483276367
2019-05-31,21.241806030273438
2019-06-30,23.237504959106445
2019-07-31,22.869125366210938
2019-08-31,20.965185165405273
2019-09-30,21.790016174316406
2019-10-31,21.333599090576172
2019-11-30,21.675912857055664
2019-12-31,22.982152938842773
2020-01-31,20.455801010131836
2020-02-29,17.328481674194336
2020-03-31,11.372519493103027
2020-04-30,14.87115478515625
2020-05-31,15.168572425842285
2020-06-30,15.002397537231445
2020-07-31,14.281011581420898
2020-08-31,14.13039493560791
2020-09-30,12.066420555114746
2020-10-31,11.57087230682373
2020-11-30,14.81006908416748
2020-12-31,15.473577499389648
2021-01-31,16.05333137512207
2021-02-28,19.65838623046875
2021-03-31,20.242433547973633
2021-04-30,20.37859344482422
2021-05-31,21.542139053344727
2021-06-30,22.454227447509766
2021-07-31,20.58685874938965
2021-08-31,20.174205780029297
2021-09-30,21.97606658935547
2021-10-31,24.245811462402344
2021-11-30,23.030778884887695
2021-12-31,23.717878341674805
2022-01-31,28.170848846435547
2022-02-28,30.162309646606445
2022-03-31,32.979042053222656
2022-04-30,32.422481536865234
2022-05-31,37.62129592895508
2022-06-30,31.19803810119629
2022-07-31,34.21269989013672
2022-08-31,35.120155334472656
2022-09-30,31.76311492919922
2022-10-31,39.69286346435547
2022-11-30,40.20005798339844
2022-12-31,38.97437286376953
2023-01-31,40.07048797607422
2023-02-28,37.29010772705078
2023-03-31,37.292091369628906
2023-04-30,38.327613830566406
2023-05-31,34.48268508911133
2023-06-30,36.866615295410156
2023-07-31,39.73255157470703
2023-08-31,40.38657760620117
2023-09-30,41.35719299316406
2023-10-31,38.97798156738281
2023-11-30,38.69887924194336
2023-12-31,38.72874069213867
2024-01-31,38.53011703491211
2024-02-29,39.791202545166016
2024-03-31,43.963863372802734
2024-04-30,43.54941177368164
2024-05-31,43.40039825439453
2024-06-30,42.7866325378418
2024-07-31,43.75361633300781
2024-08-31,42.847660064697266
2024-09-30,41.55447769165039
2024-10-31,41.928367614746094
2024-11-30,45.212974548339844
2024-12-31,40.88175964355469
2025-01-31,41.82672119140625
2025-02-28,43.43030548095703
2025-03-31,44.94742202758789
2025-04-30,38.71875
2025-05-31,39.21416473388672
2025-06-30,41.12360763549805
2025-07-31,42.2873420715332
2025-08-31,43.82929992675781
2025-09-30,43.68983459472656
2025-10-31,43.09811782836914
2025-11-30,44.23265838623047
2025-12-31,44.101722717285156
2026-01-31,50.355464935302734
2026-02-28,55.15920639038086
2026-03-31,60.82136917114258
2026-04-30,59.222900390625
2026-05-31,55.886959075927734
2026-06-30,53.11000061035156
2026-07-31,59.54999923706055
2026-08-31,57.310001373291016
