Date,port_lump,sp500_lump,world_lump,port_pac,port_pac_contributions,sp500_pac,world_pac
2003-04-30,10000.0,10000.0,10000.0,200.0,200.0,200.0,200.0
2003-05-31,10769.883300140791,10548.362239823395,10548.362239823395,415.39766600281587,400.0,410.9672447964679,410.9672447964679
2003-06-30,10930.535463539496,10660.718597399951,10660.718597399951,621.6162227809539,600.0,615.3446809954523,615.3446809954524
2003-07-31,11241.312213240602,10852.897310362572,10852.89731036257,839.1486953734972,800.0,826.4373805861668,826.4373805861669
2003-08-31,11687.024175777166,11076.74927065266,11076.74927065266,1071.9459305828818,1000.0,1043.4834856409502,1043.4834856409504
2003-09-30,11587.985771475904,10955.94485725868,10955.94485725868,1263.0977177058364,1200.0,1232.1031241929268,1232.1031241929268
2003-10-31,12300.684332743102,11542.384740335257,11542.384740335257,1539.5964073902023,1400.0,1498.0540231344519,1498.0540231344517
2003-11-30,12506.80082619955,11668.43342931383,11668.43342931383,1765.3389317480912,1600.0,1714.413532012657,1714.4135320126568
2003-12-31,13259.43460257612,12255.51381527378,12255.51381527378,2071.5417977165944,1800.0,2000.6717743179513,2000.6717743179515
2004-01-31,13553.952076906591,12497.799853608383,12497.799853608383,2317.3482929231895,2000.0,2240.224162370686,2240.2241623706864
2004-02-29,13763.74725657992,12667.405270288104,12667.405270288104,2552.520335843529,2200.0,2470.6258456241717,2470.6258456241717
2004-03-31,13628.02782625847,12499.621362796466,12499.621362796466,2725.759321850531,2400.0,2637.9016018280918,2637.9016018280918
2004-04-30,13142.14977579664,12263.108711124023,12263.108711124023,2835.3300960234983,2600.0,2787.9883216901594,2787.9883216901594
2004-05-31,13351.38398465487,12473.09618903949,12473.09618903949,3079.427089290946,2800.0,3035.7284706132814,3035.728470613281
2004-06-30,13677.838850337921,12703.86709944915,12703.86709944915,3354.830916791346,3000.0,3291.893981750408,3291.893981750408
2004-07-31,13162.617491722269,12294.561706471834,12294.561706471832,3429.9277986701527,3200.0,3385.8325794000602,3385.8325794000607
2004-08-31,13193.016309820438,12324.510912441294,12324.510912441296,3636.0707924227277,3400.0,3594.080372181904,3594.0803721819043
2004-09-30,13715.34534075791,12448.211512786165,12448.211512786165,3973.799794012199,3600.0,3830.154006493657,3830.1540064936576
2004-10-31,14057.826867883909,12608.608118247466,12608.608118247465,4270.838768670339,3800.0,4079.505971665887,4079.5059716658875
2004-11-30,14944.199339079218,13169.907630243762,13169.90763024376,4731.763649813459,4000.0,4461.114019882419,4461.11401988242
2004-12-31,15330.51113553647,13566.601698661749,13566.601698661749,5052.146118267327,4200.0,4795.4883465602825,4795.488346560285
2005-01-31,14976.412861496077,13262.424854043507,13262.424854043507,5131.872252785869,4400.0,4887.968678329429,4887.968678329431
2005-02-28,15757.838156465641,13539.660071448983,13539.660071448983,5587.546388234484,4600.0,5190.145849858862,5190.145849858864
2005-03-31,15243.061710296724,13291.980391244731,13291.980391244733,5616.710015957289,4800.0,5295.203018390206,5295.203018390209
2005-04-30,14870.628251874057,13042.951351211086,13042.951351211086,5683.538615510529,5000.0,5395.9958810307835,5395.995881030785
2005-05-31,15420.795741386582,13463.256685011505,13463.256685011507,6091.312670485215,5200.0,5769.880287166496,5769.880287166498
2005-06-30,15689.868912600028,13483.65657526526,13483.65657526526,6386.711218876765,5400.0,5978.622965657247,5978.622965657248
2005-07-31,16574.1527330621,13999.561394764649,13999.561394764649,6934.748206216984,5600.0,6407.374001011439,6407.374001011442
2005-08-31,16692.98714476073,13868.32286028841,13868.32286028841,7177.252700618657,5800.0,6547.308235376213,6547.308235376215
2005-09-30,17338.55887868013,13979.620995709834,13979.620995709833,7634.191335120695,6000.0,6799.85267106377,6799.852671063772
2005-10-31,16612.441069684988,13648.991128845193,13648.991128845193,7531.615617931263,6200.0,6839.030400987712,6839.030400987714
2005-11-30,17362.494987936872,14248.896762264254,14248.896762264254,8068.330052589839,6400.0,7339.622058345164,7339.622058345166
2005-12-31,17731.34955049929,14221.629820345905,14221.629820345903,8423.742046283087,6600.0,7525.576827215582,7525.576827215585
2006-01-31,19228.076371634168,14563.145704595894,14563.145704595894,9287.606332930682,6800.0,7906.294793939825,7906.294793939827
2006-02-28,18734.60061703919,14646.530066135721,14646.530066135721,9272.620478164636,7000.0,8151.563951916475,8151.563951916478
2006-03-31,19210.231890685172,14888.257879625331,14888.257879625331,9701.496338297662,7200.0,8486.098187788042,8486.098187788044
2006-04-30,19903.18252469071,15076.32775393297,15076.32775393297,10226.899672745743,7400.0,8793.295378516696,8793.2953785167
2006-05-31,18688.296095128368,14622.20614635934,14622.20614635934,9840.26208188024,7600.0,8728.428131111566,8728.428131111568
2006-06-30,18719.005619769112,14660.343915871339,14660.343915871339,10048.448677430515,7800.0,8951.193695824199,8951.1936958242
2006-07-31,18865.631646262664,14726.004322128647,14726.004322128649,10317.59079841214,8000.0,9191.284093288843,9191.284093288847
2006-08-31,19122.320068062123,15047.362086976118,15047.362086976118,10672.221289142155,8200.0,9591.860600512799,9591.8606005128
2006-09-30,19205.496386891606,15453.66369864466,15453.663698644661,10941.609933699037,8400.0,10050.855392979542,10050.855392979545
2006-10-31,20093.11284219505,15940.710445545072,15940.710445545072,11619.580789395673,8600.0,10567.624058208517,10567.624058208521
2006-11-30,20997.45320370795,16257.689752934873,16257.689752934873,12312.137602121988,8800.0,10977.76012248054,10977.760122480542
2006-12-31,21279.251270432116,16475.0835201203,16475.0835201203,12646.136418201924,9000.0,11324.551989255657,11324.551989255659
2007-01-31,21499.623132284112,16722.86699723451,16722.86699723451,12996.379222191203,9200.0,11694.872028315338,11694.87202831534
2007-02-28,21087.479214191102,16394.80926843115,16394.80926843115,12961.764780776599,9400.0,11665.450054386494,11665.450054386496
2007-03-31,21691.863135051935,16584.806980468777,16584.806980468777,13487.076300031047,9600.0,12000.639722282809,12000.639722282815
2007-04-30,22636.85065771643,17319.44480045519,17319.44480045519,14285.307557800093,9800.0,12732.21804058356,12732.218040583566
2007-05-31,23532.800621933744,17906.923918447275,17906.923918447275,15015.918632299703,10000.0,13364.097486532566,13364.09748653257
2007-06-30,23703.35853227367,17645.11013706572,17645.11013706572,15273.504563141158,10200.0,13368.703519727562,13368.703519727564
2007-07-31,23451.22901760338,17092.637159863385,17092.637159863385,15281.855651378459,10400.0,13150.12594341851,13150.125943418514
2007-08-31,23791.65645088718,17311.982815282325,17311.982815282325,15713.656365197985,10600.0,13518.878311290326,13518.87831129033
2007-09-30,25525.717162369743,17982.19693121904,17982.19693121904,16986.28445410621,10800.0,14242.24661476734,14242.246614767342
2007-10-31,27188.487657987956,18226.16144153655,18226.16144153655,18205.735316723934,11000.0,14635.471209875663,14635.471209875666
2007-11-30,25684.759499535052,17520.215872256384,17520.215872256384,17451.625128406176,11200.0,14268.60220193451,14268.60220193451
2007-12-31,25806.91078397412,17322.92579438655,17322.925794386545,17727.44360317915,11400.0,14307.927604084885,14307.927604084887
2008-01-31,23787.651132546853,16275.564340318424,16275.564340318424,16604.479678808384,11600.0,13642.855962147134,13642.855962147138
2008-02-29,23980.63091305259,15854.962805579844,15854.962805579846,16861.25065442951,11800.0,13490.290236258197,13490.290236258203
2008-03-31,23488.4344236716,15713.18128984749,15713.18128984749,16742.93435316043,12000.0,13569.654582878238,13569.654582878242
2008-04-30,25029.80545356033,16462.106374744188,16462.106374744188,17958.241705028493,12200.0,14416.414428834269,14416.414428834274
2008-05-31,25861.93801526028,16710.96579543718,16710.96579543718,18743.693612501527,12400.0,14834.348905842262,14834.348905842264
2008-06-30,24226.224365009275,15314.330271008037,15314.330271008035,17765.800687348776,12600.0,13794.553497408546,13794.553497408548
2008-07-31,23359.065318590892,15176.714555649543,15176.714555649543,17451.13896822297,12800.0,13870.59460962155,13870.594609621552
2008-08-31,23054.96434520787,15411.25126858495,15411.25126858495,17474.64732055347,13000.0,14284.94690927584,14284.946909275843
2008-09-30,20121.627694199346,13959.924899138201,13959.924899138203,15563.288495887267,13200.0,13139.688190547387,13139.68819054739
2008-10-31,16075.76863239622,11653.927178239865,11653.927178239865,12763.175134048339,13400.0,11169.182887715306,11169.182887715306
2008-11-30,15027.05166591019,10842.73660553092,10842.73660553092,12153.181224743023,13600.0,10591.733730465197,10591.733730465197
2008-12-31,15794.188212632464,10948.95628726048,10948.95628726048,12928.640684778182,13800.0,10895.494490017392,10895.49449001739
2009-01-31,14935.985004460581,10049.890870840254,10049.890870840254,12476.09705529781,14000.0,10200.8190493848,10200.819049384798
2009-02-28,13733.865782199156,8970.040351048745,8970.040351048745,11679.687209662594,14200.0,9304.751450806356,9304.751450806354
2009-03-31,14990.790528056306,9717.343925681413,9717.343925681414,12870.850916657719,14400.0,10279.940162130617,10279.940162130615
2009-04-30,16625.31544637381,10682.714681598232,10682.714681598232,14379.7628073107,14600.0,11501.2021120003,11501.202112000296
2009-05-31,18326.325840829035,11307.163220957356,11307.163220957356,15911.734324672745,14800.0,12373.494602605148,12373.494602605142
2009-06-30,18057.616720679234,11299.755665871418,11299.755665871418,15939.964649415118,15000.0,12565.388471908771,12565.388471908765
2009-07-31,19627.66595311255,12142.786573616535,12142.786573616535,17461.607871181935,15200.0,13702.843330480384,13702.843330480378
2009-08-31,19691.31045613382,12591.328464372185,12591.328464372185,17804.348778576,15400.0,14409.012093220283,14409.012093220277
2009-09-30,21011.64026238574,13037.788087848896,13037.788087848894,19094.723192819674,15600.0,15119.92260850174,15119.922608501733
2009-10-31,20504.51802619448,12787.127411023423,12787.127411023423,18854.953824836753,15800.0,15029.231426143282,15029.231426143277
2009-11-30,21923.924293293258,13574.90418564204,13574.90418564204,20364.306344206354,16000.0,16155.1375407314,16155.137540731395
2009-12-31,22377.649984003037,13834.20025904924,13834.200259049241,20978.020919168892,16200.0,16663.718999014953,16663.718999014945
2010-01-31,21165.8700965191,13331.430811922848,13331.430811922846,20118.612113037896,16400.0,16258.117762129283,16258.117762129272
2010-02-28,21665.561755118968,13747.295663282825,13747.295663282825,20827.37053436785,16600.0,16965.278607947428,16965.27860794742
2010-03-31,22976.09218276822,14584.229135476171,14584.22913547617,22255.277773431084,16800.0,18198.122439916508,18198.122439916497
2010-04-30,23302.90714269702,14809.849440683389,14809.849440683389,22784.49959014522,17000.0,18679.650239634408,18679.650239634397
2010-05-31,21516.41513983,13633.13678375781,13633.13678375781,21293.512468884008,17200.0,17395.46358723408,17395.46358723407
2010-06-30,20900.377502836713,12927.746907690687,12927.746907690687,20809.606238032113,17400.0,16695.407782135135,16695.407782135124
2010-07-31,22324.088738868293,13810.726967608087,13810.726967608087,22339.897873006325,17600.0,18035.723435672975,18035.723435672964
2010-08-31,21614.117236787228,13189.508790617267,13189.508790617267,21814.455783864712,17800.0,17424.461345002608,17424.461345002594
2010-09-30,23879.623250201133,14370.691043750714,14370.691043750716,24277.905851552187,18000.0,19184.90342346485,19184.90342346484
2010-10-31,24825.19939206955,14919.679229573765,14919.679229573765,25470.475995150955,18200.0,20117.803831216537,20117.803831216523
2010-11-30,24566.448802267896,14919.679229573765,14919.679229573765,25450.486700813923,18400.0,20317.803831216537,20317.803831216526
2010-12-31,26080.463396814106,15917.095382714713,15917.095382714715,27186.385446630175,18600.0,21876.097493283654,21876.097493283643
2011-01-31,25938.835160953182,16287.965539425899,16287.965539425899,27375.740446956228,18800.0,22585.81308588944,22585.813085889426
2011-02-28,26540.652984342785,16853.77009047736,16853.77009047736,28324.303588341558,19000.0,23570.38963734771,23570.389637347696
2011-03-31,26878.64659674315,16855.795396037425,16855.795396037425,28793.194360903697,19200.0,23773.22207429975,23773.222074299734
2011-04-30,27820.858968052806,17343.963655891726,17343.963655891726,30042.170786985458,19400.0,24661.72903457461,24661.7290345746
2011-05-31,27268.29519018306,17149.454575719057,17149.454575719057,29713.70825316187,19600.0,24585.152680682564,24585.15268068255
2011-06-30,26725.26714792554,16860.146005543644,16860.146005543644,29321.708936375133,19800.0,24370.405066512783,24370.40506651277
2011-07-31,26779.46137771001,16522.874402257963,16522.874402257963,29539.589191979525,20000.0,24082.897687466266,24082.89768746625
2011-08-31,25326.94612339072,15614.513466225024,15614.513466225024,28290.357550900528,20200.0,22958.91718908622,22958.91718908621
2011-09-30,22303.947435058468,14530.549677422623,14530.549677422621,25470.178920817503,20400.0,21565.10288824915,21565.102888249134
2011-10-31,25026.720487808863,16116.512031422619,16116.512031422619,28614.98847239373,20600.0,24118.86390212473,24118.863902124715
2011-11-30,24707.594379465856,16051.016181242063,16051.016181242065,28478.73337297456,20800.0,24220.847315559422,24220.84731555941
2011-12-31,23973.480029388924,16218.72667140715,16218.72667140715,27996.937302545255,21000.0,24673.921023145194,24673.921023145183
2012-01-31,25954.457386532475,16970.859333984597,16218.72667140715,30338.346656715865,21200.0,26018.157700373427,24873.921023145183
2012-02-29,26998.528217761323,17707.48701668377,17270.66110309868,31747.22379534633,21400.0,27347.487384731125,26687.224860464983
2012-03-31,27019.286836246723,18277.02319322966,17264.387694457495,32212.046134575678,21600.0,28427.080485014732,26877.53097173372
2012-04-30,26732.493701006868,18155.007393947566,17333.47035766193,32086.789025186157,21800.0,28437.30379600116,27185.08019112961
2012-05-31,24479.354312224023,17064.700601294233,15854.471205417274,29723.527362643763,22000.0,26929.489261931467,25065.480611429113
2012-06-30,25526.28734018042,17757.20573655142,16202.125471955045,31172.9699546033,22200.0,28222.318842681703,25815.112394443462
2012-07-31,25712.557788049555,17967.269163425386,16740.392076584587,31618.2867662994,22400.0,28756.182013406833,26872.74140865763
2012-08-31,26434.266275736503,18417.393324149838,17090.741434553078,32785.979488195684,22600.0,29676.594902905537,27635.144466859914
2012-09-30,27373.926168056783,18884.292078175527,17855.142026851987,34053.66482579693,22800.0,30628.925319052054,29071.154085262173
2012-10-31,26798.32219960724,18540.628104215895,17453.83492620153,33462.04252657857,23000.0,30271.527766118466,28617.759083364435
2012-11-30,27068.447055407985,18645.561716914814,17753.2249754849,33972.408912049345,23200.0,30642.8542580021,29308.646750090684
2012-12-31,27688.835356908374,18812.145630862113,18117.43972539273,34781.181230912734,23400.0,31116.624856834947,30109.92575494539
2013-01-31,28395.697362859697,19775.151842537554,18969.870053075207,36047.402781485755,23600.0,32909.505520821884,31726.605720040552
2013-02-28,28125.198590144464,20027.456814314606,19089.341999816137,36008.28725702903,23800.0,33529.38759949027,32126.419389730967
2013-03-31,28557.376441261113,20787.92740671965,19492.954257111585,36956.15846792366,24000.0,35002.54541913604,33005.67887645578
2013-04-30,28787.28620566009,21187.310068268624,20019.26912565788,37539.50019463347,24200.0,35875.02274104379,34096.8408475975
2013-05-31,28722.52680735139,21687.533959469205,20539.124231187485,37942.87381540631,24400.0,36922.017636318895,35182.258626128496
2013-06-30,27593.055127671363,21398.127921463714,19648.090359717266,36800.316068706095,24600.0,36629.31732012501,33855.972317235886
2013-07-31,28988.333010134087,22503.911846043866,20791.061252851036,39018.431336711146,24800.0,38722.19834268921,36025.44569652567
2013-08-31,28570.239385205437,21828.96610999245,20440.37833621041,38628.69674075388,25000.0,37760.827695633016,35617.80435410003
2013-09-30,29819.4673292925,22519.782646738928,21589.846576436605,40471.4759946516,25200.0,39155.836386467745,37820.77779315325
2013-10-31,30899.97237441176,23562.59728982471,22138.60383620525,42171.001289918066,25400.0,41169.01017178368,38982.08274317273
2013-11-30,31375.96502146761,24260.93783672683,22589.946303679048,43177.17022915517,25600.0,42589.16382144936,39976.81530818651
2013-12-31,31734.93948728191,24889.934452884274,22947.55408627357,43987.313810105064,25800.0,43893.343722034806,40809.66410230794
2014-01-31,30554.085329863246,24012.610058743358,22003.788190546133,42792.231645719534,26000.0,42546.18411578317,39331.28177663392
2014-02-28,32086.920126929166,25105.571267496347,23166.354481165443,45203.17746535363,26200.0,44682.72198922779,41609.34315244782
2014-03-31,32051.94135608559,25313.835969869782,23247.99179166801,45206.05976611631,26400.0,45253.39006513689,41955.97282046512
2014-04-30,32104.280927746335,25489.804643456035,23104.301606126322,45399.11453407373,26600.0,45767.968188915576,41896.653152203915
2014-05-31,32901.26408660928,26081.325511856427,23839.067154709388,46749.98935698076,26800.0,47030.06767012832,43429.05513785886
2014-06-30,33865.48619662021,26619.773248055313,24148.200875626662,48290.83869858161,27000.0,48201.001201046805,44192.22253545711
2014-07-31,33668.75599319069,26262.061248404676,23751.032721316355,48118.42552546537,27200.0,47753.284319159065,43665.388120351956
2014-08-31,34786.709587786885,27298.450609601154,24409.67015849812,50025.15713076908,27400.0,49837.789703654475,45076.26849185362
2014-10-31,33826.582614087965,27555.87707281322,23827.153002701878,49241.048314060594,27600.0,50507.763846919814,44200.55958037368
2014-11-30,34323.73512164494,28312.88565852652,24254.119065056213,50427.29031198761,27800.0,52095.30127772875,45192.6029636411
2014-12-31,33663.585001497166,28241.073386630516,23951.0723984046,49708.034596353624,28000.0,52163.1677331307,44827.93732277794
2015-01-31,33185.02506983829,27404.3057363299,23352.79342084764,49061.15291452466,28200.0,50817.601433340125,43908.17065591064
2015-02-28,34815.36390324903,28944.553146391303,24913.656954052418,51833.78115643218,28400.0,53873.78322266639,47042.922878116326
2015-03-31,34401.05377804262,28489.960655274957,24556.028813416877,51416.01161206323,28600.0,53227.6614256848,46567.63570249254
2015-04-30,35302.841790638166,28770.1338315585,24993.880163705515,52676.53268042208,28800.0,53951.107672179285,47597.969561725724
2015-05-31,35263.19290185804,29140.00525946538,25100.831915217732,53124.82545658809,29000.0,54844.707964367626,48001.64686911892
2015-06-30,34523.5306534309,28548.107177904425,24420.192133700333,52292.66975300979,29200.0,53930.69040881707,46900.02345887391
2015-07-31,34358.55026796356,29192.98978454863,25062.82815063857,52735.918341901095,29400.0,55348.94855785042,48334.23341532742
2015-08-31,31974.826081953735,27413.670242913253,23415.64965550556,49318.918929285166,29600.0,52175.417223623044,45357.61227018192
2015-09-30,31022.10934558273,26714.185398369693,22583.60555690218,47999.19764065534,29800.0,51044.11377967446,43945.88959020615
2015-10-31,33653.96922261094,28986.4795031166,24156.372280092386,52379.91566885342,30000.0,55585.898381897925,47206.36780278912
2015-11-30,33603.72840385917,29092.430831859452,24224.022050409476,52640.79243916394,30200.0,55989.07585960073,47538.56894219591
2015-12-31,33005.509673585264,28589.64366330941,23798.798949567285,52077.9419153053,30400.0,55221.44998179494,46904.08746537365
2016-01-31,31068.415993052855,27166.258915695707,22345.566813244237,49121.84471796767,30600.0,52672.1547974666,44239.97119740427
2016-02-29,31163.451889057433,27143.82865661799,22215.63083341785,49456.784792344806,30800.0,52828.66518478363,44182.7226767886
2016-03-31,33357.555986034626,28969.67959349586,23720.157403101308,52912.19050052265,31000.0,56582.22680801201,47374.943815438
2016-04-30,33535.06587249796,29083.858726076476,23973.18279695797,53381.22953892347,31200.0,57005.23616355453,48080.29728397237
2016-05-31,33859.31269929384,29578.61555808086,24168.087549699132,54343.73793021273,31400.0,58174.974406253896,48671.19566960698
2016-06-30,34442.13004123286,29681.425131573662,23987.026264853135,55287.19365539843,31600.0,58577.17941801036,48506.56320935095
2016-07-31,35998.60405801098,30763.950953428415,24983.45214869263,57973.45883932587,31800.0,60913.57647476628,50721.53557750622
2016-08-31,36041.63890281886,30800.79379319795,25066.487900013115,58148.1395489614,32000.0,61186.526439523615,51090.11519531646
2016-09-30,36631.7907596562,30802.57099882691,25139.145748421695,59164.03764703526,32200.0,61390.0569017557,51438.2052612182
2016-10-31,35946.25813774371,30268.55615017261,24606.333532782974,58203.61844338746,32400.0,60525.75606964273,50547.99701038972
2016-11-30,36110.247334297346,31383.595721162263,25018.054554417915,58948.31222404611,32600.0,62955.41686835691,51593.782220241905
2016-12-31,36770.054726674425,32019.804956745487,25537.604289332186,60416.83928640192,32800.0,64431.651051256245,52865.2298748725
2017-01-31,38224.174506436386,32592.78162111154,26246.981794757292,62878.13674853301,33000.0,65784.61973887996,54533.70767206459
2017-02-28,39686.31905639018,33873.4051114282,26935.392083932587,65633.96423920934,33200.0,68569.40462525461,56164.027004088726
2017-03-31,40134.92507230001,33915.744124161356,27211.45964822018,66394.7099149919,33400.0,68855.11082709597,56939.66615154523
2017-04-30,41206.152461863196,34252.39800925122,27669.23055864756,68373.54942955369,33600.0,69738.57926238593,58097.54651337023
2017-05-31,43295.797795135455,34735.797940327546,28245.823524506308,72089.72946876976,33800.0,70922.79135754179,59508.22841441757
2017-06-30,43502.704915277725,34957.2423186331,28359.217813000505,72662.44669233444,34000.0,71574.93163849477,59947.12721001291
2017-07-31,45282.66779556083,35675.75490891346,29047.639064197887,75696.63077817854,34200.0,73246.08571472185,61602.346341645214
2017-08-31,47420.585124295525,35779.84548817301,29072.347461986334,79535.50101498065,34400.0,73659.79464702071,61854.74630691423
2017-09-30,47592.67836888479,36500.79350838935,29686.630991793132,80038.684934722,34600.0,75344.00684513838,63361.70481607478
2017-10-31,50308.407096557814,37360.89014710997,30318.553981144174,84798.09651986156,34800.0,77319.39638620005,64910.450584121725
2017-11-30,53236.630596098934,38502.85615552069,30911.65262026254,90253.50707985806,35000.0,79882.7266525884,66380.24398950463
2017-12-31,55736.342140399756,38969.82579524098,31397.558343382734,94639.66043644825,35200.0,81051.55888503787,67623.68676019208
2018-01-31,57686.345305712704,41166.130435374245,33026.051288863586,97944.03837085105,35400.0,85819.55248615329,71331.1154472253
2018-02-28,55851.338870811844,39669.32836120819,31586.418323943428,95235.90587754824,35600.0,82899.1502815561,68421.73296840083
2018-03-31,53276.02244810349,38581.956995800974,31048.336507686246,90705.76166777643,35800.0,80826.81127415053,67456.15319390663
2018-04-30,54758.422133641114,38781.36351798107,31279.967166431634,93691.73365745129,36000.0,81444.55559274068,68159.39797150901
2018-05-31,55006.59372517291,39724.09009192039,31486.648262902618,94479.55513907713,36200.0,83624.37115091093,68809.75839013091
2018-06-30,53976.19038125768,39952.54962235963,31535.06281645995,93220.9411483699,36400.0,84305.30814713174,69115.56176764605
2018-07-31,56317.57578381278,41432.65811544685,32483.34663129118,97619.154069009,36600.0,87628.53817325931,71393.92035404523
2018-08-31,56966.07155865915,42755.18770943321,32854.733675651485,99347.06125929342,36800.0,90625.63930756217,72410.17790800189
2018-09-30,56622.752288260715,43009.37874701306,33099.91026169248,99072.55006789451,37000.0,91364.43299602593,73150.53475244838
2018-10-31,52176.80800771169,40037.24283761765,30738.20524275888,91647.95876225198,37200.0,85250.7516534909,68131.18570598059
2018-11-30,51476.84103538198,40779.89200691009,31084.351448257843,90559.70200258089,37400.0,87032.06433662941,69098.41825004158
2018-12-31,47822.12135572323,37189.30119679736,28709.12869008544,84002.09859136213,37600.0,79569.05899224819,64018.45814360632
2019-01-31,51320.71455228903,40166.88264651741,30925.915777003393,90235.07197030728,37800.0,86139.79859752482,69161.66951268398
2019-02-28,52699.84942831155,41468.91361660396,31846.850912725902,93050.92975745056,38000.0,89132.06621057344,71421.21762627037
2019-03-31,53880.127346200265,42219.547553066965,32320.0594822608,95334.775180653,38200.0,90945.45676966285,72682.45700343788
2019-04-30,56767.65137423493,43944.32055270589,33521.27786276567,100646.21268184167,38400.0,94860.80374440203,75583.7980495676
2019-05-31,55906.714119675285,41141.928033931465,31581.128365283945,99515.27573754614,38600.0,89011.3938685706,71409.14776314411
2019-06-30,60927.535141278364,44004.84174610453,33583.542148230794,108642.67255391489,38800.0,95405.36562010829,76136.87267707064
2019-07-31,60757.42279167658,44670.174875641496,33893.47609676056,108724.76043509705,39000.0,97047.8512185996,77039.52046429209
2019-08-31,59389.807528903024,43922.23965883728,33148.1525549027,106626.41143609624,39200.0,95622.93020936604,75545.40776568443
2019-09-30,59170.79518394048,44776.87303580962,33863.95693727823,106448.71032862843,39400.0,97683.54907569877,77376.74253939341
2019-10-31,61728.68638593517,45766.660116069,34727.34145703386,111162.46450864768,39600.0,100042.83149704353,79549.51500131702
2019-11-30,62174.34905885479,47423.32968461878,35701.42673985612,112454.94577589647,39800.0,103864.19941142437,81980.84076848818
2019-12-31,64331.25931218334,48801.236195881225,36789.56716450422,116318.76938405854,40000.0,107082.02117990472,84679.52709654026
2020-01-31,65774.12119143552,48781.51984625399,36398.507988503756,119435.7274167592,40200.0,107238.75861663892,83979.41577034797
2020-02-29,61781.968171724184,44919.69758390541,33396.64280362086,112128.97536588878,40400.0,98949.12920948619,77253.44824092518
2020-03-31,54296.48335125153,39310.51763329121,29024.205392978067,98995.9466431668,40600.0,86793.22519530941,67339.0822797707
2020-04-30,62176.13481114118,44302.318626766886,32163.875723544046,113772.36469275512,40800.0,98014.56334706118,74823.43393931647
2020-05-31,65582.97116692761,46413.10727125834,33780.25720061979,120366.53449357065,41000.0,102884.47755743767,78783.65281686239
2020-06-30,68042.98251439296,47236.21170392438,34664.61989864732,124714.36672872756,41200.0,104909.06277719299,81046.19850299488
2020-07-31,73921.18523398963,50018.0600294239,36361.356129641215,135507.3695753257,41400.0,111287.39694263606,85213.18333613081
2020-08-31,79016.45624904073,53509.15010900258,38735.28850121344,145336.11189157199,41600.0,119254.87787292448,90976.51638908741
2020-09-30,75432.79554038704,51505.58114086095,37441.09651336289,138929.6652797698,41800.0,114989.55984565288,88136.88293987165
2020-10-31,76496.45898332677,50221.36526480712,36316.205126660076,140680.54352222587,42000.0,112322.46437632175,85688.8723391535
2020-11-30,87388.00011057305,55684.277647873416,40985.05874659383,161021.55372504803,42200.0,124740.52691409827,96905.13354853311
2020-12-31,96872.06824728021,57747.28427093904,42596.69836611453,178464.53951304444,42400.0,129561.94868804686,100915.6966497691
2021-01-31,99488.80753103807,57158.82161393436,42248.06847961084,183103.3749893885,42600.0,128441.67242684714,100289.75874333651
2021-02-28,105245.31579519834,58748.13458282028,43301.521934363256,193465.57564976154,42800.0,132213.01994538348,102990.47881472728
2021-03-31,111657.27422359443,61415.26960139772,44900.65545268365,205589.7439058496,43000.0,138415.4228797454,106993.93697008133
2021-04-30,115484.24167904381,64664.77617050795,46840.83000621586,213075.4577207553,43200.0,145939.03846969744,111817.18604737679
2021-05-31,108930.99497474472,65089.37641791168,47594.92003373856,201680.009606514,43400.0,147097.29975984254,113817.32974450573
2021-06-30,111227.79736724119,66549.15590643974,48343.26596168665,206278.4189927226,43600.0,150596.29619865605,115806.9059258261
2021-07-31,115098.63963640764,68173.800330821,49206.468825076234,214193.5052590903,43800.0,154472.75805033735,118074.71931838187
2021-08-31,120536.07622756728,70202.64511235224,50424.8881842418,224477.36589232803,44000.0,159269.85029894824,121198.41059883077
2021-09-30,114212.03107995656,66930.7994229145,48301.25322902925,212950.1189472452,44200.0,152046.96228206466,116294.16167469902
2021-10-31,127556.35020415699,71626.91593114847,51120.03072098285,238043.25089474086,44400.0,162915.14876356628,123280.88755570042
2021-11-30,125857.88873706585,71051.4101664643,50073.495868171696,235099.58558020933,44600.0,161806.16308340747,120957.06775956761
2021-12-31,124035.70175397511,74337.3671723918,52084.21259984934,232533.42849067601,44800.0,169489.30935651442,126014.1362694062
2022-01-31,113893.29732567309,70416.73003657893,49389.9417547818,213416.44163095497,45000.0,160750.25076912317,119695.53501828523
2022-02-28,113098.10929835356,68338.2348892427,47950.42467409516,212270.48124919416,45200.0,156205.37528309674,116406.89419347467
2022-03-31,117034.95888693981,70907.10208204576,49328.35398267989,220421.4871676071,45400.0,162277.21064077882,119952.02559368029
2022-04-30,103492.50899972611,64683.64695506385,45194.562924919395,195212.15197868802,45600.0,148234.27997656824,110099.86348558485
2022-05-31,100668.31251123738,64829.64616962504,45394.70752421907,190341.2981095768,45800.0,148768.86359184675,110787.44189400709
2022-06-30,88384.7207952334,59483.7761948749,41493.51178314779,167705.77442417026,46000.0,136701.3432821959,101466.43118476323
2022-07-31,97048.0236411811,64961.48343505748,44867.1899652493,184778.860801379,46200.0,149489.81674067964,109916.27725449909
2022-08-31,91693.69867940394,62310.915415961375,42813.483314945195,174845.80433930588,46400.0,143590.31121092214,105085.07762401024
2022-09-30,83602.18760163539,56550.536278760526,38803.1120978808,159783.41598883457,46600.0,130515.9975937658,95441.67928274057
2022-10-31,87629.21812709082,61146.709020869195,41703.1557575891,168295.38591910843,46800.0,141323.74970406524,102774.74212001081
2022-11-30,91012.89076945857,64545.95149329894,44816.727079564494,174825.68977865792,47000.0,149380.1609492417,110647.93816177678
2022-12-31,85796.47502489455,60826.28036494741,42725.56476578567,164942.07289834594,47200.0,140971.64160796147,105685.07122661534
2023-01-31,96415.47251355833,64651.48510277002,45760.353601011084,184610.63428920484,47400.0,150036.97725140414,113391.8619727818
2023-02-28,94330.39393742698,63025.97992352574,44575.377805235694,180896.33950335157,47600.0,146464.66044827685,110655.5513610412
2023-03-31,102238.68404538505,65362.83317463166,46018.462241110705,195628.90916290038,47800.0,152095.2212797939,114437.91704754203
2023-04-30,103207.322708498,66407.00477244268,46847.55442376585,197838.4910372163,48000.0,154724.94322588577,116699.6891668784
2023-05-31,104799.43232428892,66713.56514854192,46382.16960599613,201000.42679597644,48200.0,155639.21330853438,115740.39143523076
2023-06-30,111659.6680676609,71036.57986650072,49168.98184153841,214314.844746375,48400.0,165924.57763176045,122894.5020716693
2023-07-31,114687.43537411395,73361.83318001138,50756.35154415422,220173.11439485507,48600.0,171555.81706721993,127062.02390963054
2023-08-31,110478.60781146308,72169.55604985669,49634.92415643151,212776.21199088232,48800.0,168967.6904846637,124454.67410577828
2023-09-30,106888.73034695988,68746.2377575817,47451.308148354656,205948.0547143037,49000.0,161152.81250425853,119179.47245540662
2023-10-31,109378.60673751123,67253.85591280047,46243.014565592945,210204.32287188797,49200.0,157854.41696347474,116344.7027644516
2023-11-30,119378.54922306303,73397.07856002041,50456.25209544138,229630.99172411257,49400.0,172473.4389822427,127144.96039668156
2023-12-31,126899.34751910949,76748.04787442599,52957.41595939034,244182.27450171477,49600.0,180547.77421354046,133647.65564693252
2024-01-31,127676.56143556364,77970.37547582814,53427.19185000825,246284.78417603613,49800.0,183623.2679088853,135033.22041294523
2024-02-29,142045.92804331562,82039.39662349918,55847.73787150891,272765.8434494501,50000.0,193405.9710287048,141350.96894366696
2024-03-31,149021.81248065954,84722.23788669491,57691.02380980655,285962.5859133817,50200.0,199930.70696021727,146216.33702031255
2024-04-30,140409.27066207203,81306.28158013074,55405.830573047366,269768.16896843555,50400.0,192069.60545543936,140624.5766666729
2024-05-31,149207.8591953796,85418.72021574568,58009.51753158461,286881.8935524769,50600.0,201984.40793873597,147432.94933304982
2024-06-30,152633.1782009589,88432.30400342784,59195.79624198544,293447.4680148535,50800.0,209310.44466220058,150647.91267781772
2024-07-31,153569.79185878523,89503.14381220101,60191.15411167284,295662.2052695603,51000.0,212045.01570003777,153381.00784597584
2024-08-31,152855.72154536465,91594.44395394076,61880.85272448565,295033.8813104844,51200.0,217199.58771282827,157886.75143926768
2024-09-30,158107.1997766418,93518.34246461334,62976.54754835618,304809.33276324545,51400.0,221961.76359687574,160882.3770438464
2024-10-31,159588.14739076895,92683.82543511633,61700.24244854845,307331.33479032974,51600.0,220181.07332011138,157821.87759946857
2024-11-30,176005.0828513343,98210.8944350616,64674.27662535071,338088.3801820282,51800.0,233511.26058859218,165629.10310136713
2024-12-31,173349.93121568963,95847.90967896693,62839.284239764915,332577.24503078195,52000.0,228092.9068171362,161129.73638431783
2025-01-31,180289.5520077759,98422.05279275397,64924.49887355892,346120.0718668639,52200.0,234418.6928395292,166676.55228638905
2025-02-28,171482.44415316285,97172.59116011085,64657.78348011633,330068.2310881933,52400.0,231642.7626047261,166191.83075611904
2025-03-31,163537.57204554256,91758.21016152762,61901.74320658084,314781.89528148493,52600.0,218935.80852093708,159307.89817996888
2025-04-30,168762.55902730595,90962.66001100627,62346.26886231847,324424.8988037094,52800.0,217237.61962735758,160651.9119707648
2025-05-31,181989.27105402222,96679.19634609562,65995.39447145798,349631.34657215385,53000.0,231089.8890948275,170254.86449426474
2025-06-30,191248.08987449514,101647.17974618492,68975.49221247857,367651.1145445594,53200.0,243164.73680086085,178142.9182007481
2025-07-31,197077.4755629468,103988.26082264748,69675.91531186018,378526.3072589192,53400.0,248965.17121732936,180151.90007092716
2025-08-31,197464.9141181247,106122.05187503739,71622.44470619767,380209.2195935447,53600.0,254273.82146782533,185384.78650470063
2025-09-30,207762.59815432288,109902.16318456516,73935.46895103749,400041.70239126723,53800.0,263531.1599876195,191571.72966991656
2025-10-31,212846.1703455228,112521.93643262047,75348.53623842669,410560.3805296645,54000.0,270013.0370950349,195433.08122723742
2025-11-30,204561.2399947335,112741.3580369979,75605.08513938337,395909.32755189575,54200.0,270739.57170402375,196298.4975007636
2025-12-31,204775.94356508867,113673.47454143444,76771.0308648124,396541.1721052746,54400.0,273177.9767364217,199525.7197259249
