date,WORLD,ALLWORLD,SP500,NASDAQ,ENERGY,HEALTH,EM,SMALLCAP,GOLD,BTC,COMMODITY,US_20Y,US_10Y,US_2Y,EU_30Y,EU_10Y,EU_3Y,WORLD2X
2017-12-31,100.0,100.0,100.0,100.0,100.0,100.0,100.0,100.0,100.0,100.0,100.0,100.0,100.0,100.0,100.0,100.0,100.0,100.0
2018-01-31,101.22113916570954,101.71629394133464,101.65346119994992,104.65693507917528,99.67914408142728,102.53827509087685,104.2151289293025,98.69158002978125,98.63886879696338,69.47926769963205,98.8138523280534,92.80952027944133,93.77478053071576,95.93298400508097,97.30512466240283,98.455933056429,99.65099937795674,98.89896951988601
2018-02-28,98.2276261754538,98.58842616338636,99.39290344975032,104.81792056046955,90.18149830522945,99.36446678207757,99.50527844690572,96.28898128748882,98.32796941615976,71.71697724711946,99.32605216697384,91.73989206050354,94.14527127248347,97.3120933113913,99.18706328162304,97.77295410451508,99.66307102546263,96.37040694912933
2018-03-31,95.98511246911738,96.53961765454936,96.09863091044303,99.94985893976526,91.19457720352361,95.89777039570473,99.45427918842103,96.88680533378712,98.29075303752707,47.81467695032348,96.67070747426001,93.75728097343804,94.85546878632155,96.88206838396945,102.05877364834164,98.9478643796059,99.86555373793641,88.74519802715218
2018-04-30,98.1371296401501,98.36946667778206,98.02966516632796,101.94717510186378,101.33551846039666,98.35001779512727,98.08799915878052,99.29047189896104,99.25262809565237,64.29956911309887,101.40180095201607,93.11653287777257,94.76452211750794,98.10462297681133,105.14020564072639,100.82345171040252,100.00616435489616,96.9873436639445
2018-05-31,102.64291377410323,102.69324803474609,104.33358373532084,111.93716357570705,108.44500413981335,102.37668038847438,99.24631768606528,109.52633364686824,101.86671742127875,54.18376800063507,107.48079009582439,98.43901400849884,99.71317586013295,102.31446245988569,99.15573131933215,97.35254683045113,98.44460244437109,108.19406817471659
2018-06-30,103.72788802890605,103.0129482059166,105.87993843938482,114.23999567376879,110.04625081117965,105.00375202430394,95.58929318342578,111.19305881661687,98.92733020739351,46.719292367104885,103.26189002974593,99.56453100655992,100.67498379849759,103.21234740147118,93.35700215058559,92.81224294274936,96.55175240317625,109.59563266358042
2018-07-31,105.52883381289956,104.86064642186838,108.44772498747442,115.98571817391208,110.37741004764155,110.50533618415155,97.74359417196979,111.63219672846472,95.55166368200165,56.06057794238147,100.7817776866823,96.82595805960095,98.73770560655595,101.86839385094282,94.70330014831946,93.83192607100615,97.04701202124934,113.47288776470583
2018-08-31,107.12646637328582,105.97713037243798,112.31946012253246,123.14010683740328,106.93208079244805,115.71185383748397,94.40601130306699,116.8709599329566,94.06795156111247,50.89385150335374,99.00255617876243,98.58133394013073,100.1860882422275,102.56085093153646,91.501855593931,89.95281351894097,95.8047577402617,118.24415526889098
2018-09-30,108.17897253326865,106.8732862407824,113.25216256464716,123.08122248731014,109.80450428100048,119.40953468979852,94.0793667350838,114.42134928269513,93.59722024718093,48.026573742841336,101.73877486852913,96.44523373369948,99.04523201351203,102.663350632423,93.13322086644143,91.73222307613398,96.60381430264738,120.15532814493237
2018-10-31,103.03699712664832,101.46640785311078,108.12997685587345,115.38702133324914,99.86289543854424,114.17013539295193,88.03918286431983,104.46120455885546,97.67371761788051,46.9689124117704,102.15662278209503,96.74652067344313,100.98633941987825,105.42372397861686,87.20162703493293,88.08266225409609,94.52679921730008,111.13460461197609
2018-11-30,103.77286387926054,102.65547459247566,109.68709386115324,114.61244426634893,97.90118173822144,122.89633095542357,91.9795141456289,105.83165865085545,97.90973989497512,29.74512953248588,100.64698554917993,98.15843490026555,102.0272871581086,105.37754655653153,86.96117075923881,88.90949619837795,95.32350911078413,111.25957808768344
2018-12-31,95.44804871271492,94.86106532017263,99.61679787482836,104.25445703037244,85.3695390700121,110.94161629819321,88.40437227706943,92.77715569522132,102.1487184705497,27.59785260104622,94.06928092199568,102.70579148479044,104.65568120620132,105.80618895994758,91.78799531280676,92.28573056810993,97.1151411414311,92.3471034105728
2019-01-31,102.39116239300434,102.0645374232807,107.14588228598902,113.17662429048214,94.54677034727003,115.79360737228875,97.14295567093055,102.85234291193528,105.019042032165,25.39112325105375,98.8812483968046,103.13719730725148,104.99159256314938,105.6406427274351,93.20856092441923,94.13288200537392,98.05751073248264,107.28109144688622
2019-02-28,106.43587928400949,105.5698204924485,111.66366830899995,117.66266153432797,97.63924922709425,118.15039851303048,96.55865968484449,109.20075650376128,105.45645406877287,28.57359542020529,99.75737800884144,102.6453693557569,105.30245433927273,106.71545149640806,91.31798820309162,94.00697923164239,97.8833676960577,117.02273542713633
2019-03-31,109.46179081854935,108.66835839280724,115.20501327855688,123.91551734315863,101.05051478186256,120.30723730703201,98.95650670381039,108.34445448879593,105.25480150647128,30.8382290525429,101.29397109835988,109.21957578111028,109.93102695927384,108.86872149318816,92.37788621211129,95.21590475796124,98.33007059723154,124.54141888135644
2019-04-30,113.98522837945202,112.83910308018949,120.39215018084528,131.25403610600986,101.44029344629742,117.51145704207171,101.69120610899589,112.473716889805,104.84313041669364,40.353747792813095,100.64698554917993,107.89735331414529,109.63251274916139,109.50982820089988,94.6882761306788,96.02121432961651,97.82121621222339,134.2352277353983
2019-05-31,107.90929054987184,106.50340896145167,113.26172161009099,121.04294804804185,90.61543131053625,115.46258667255411,94.69487455942284,104.14462731620209,107.24099544368349,64.98051744110678,98.66558868949224,114.79525956762645,114.00040428929574,110.9039631808509,94.59529313732554,96.00889554908728,97.64299312660478,122.01230286643536
2019-06-30,112.31163887833453,111.00469540388234,118.56766588453516,127.46141566186925,97.02135337315954,120.45953998286085,98.43505196365167,109.05020067908589,113.31253368255294,80.23325937849285,99.17778210116981,113.9980890639113,113.16643853480024,109.12678795533819,100.5744102101967,99.25712154275094,98.43941649582999,128.92360164388796
2019-07-31,115.53187439589074,113.22006781292092,122.67917904482903,132.95036088303215,97.32285867511958,120.7922478905477,97.66594497506908,111.90881261094867,116.83923562541894,76.2485839853855,100.10782985365616,116.41569822330484,115.33172612864003,111.09959094040889,112.29717025313795,105.11934392947148,99.9953795922517,140.8981803103161
2019-08-31,113.9721767369966,111.67912452514506,121.67220119225972,131.55710925251017,89.99487179177777,121.1189589673453,94.78737661023344,107.31413959340664,125.53905344529109,73.44104243548455,98.8138523280534,128.01022109186832,122.06303675394432,113.05903095746399,119.44203886506988,107.68278134506156,100.29385361422311,136.9825710041569
2019-09-30,117.70196529892434,115.43161070199044,125.39124552949855,134.2112486573879,94.55470468216718,122.30943394116105,97.44144370703201,110.69330268097369,122.44585728792626,63.93611688773299,100.84916732819063,126.20172906723943,121.53274580170503,114.15459631114638,131.86548716617588,112.90971555487597,101.4478022939337,147.70140077050976
2019-10-31,118.41124688425275,116.34167359373353,125.72973504491401,137.43012452134448,90.81656613488084,126.13775220940227,99.59097759134491,111.54081352375856,123.86648257751318,69.57171680891562,100.26957784776187,122.79353508781628,119.28298384944418,112.3693377161882,130.5971449436784,111.91789039324634,101.27875339009391,144.37090108034144
2019-11-30,123.31043165712823,120.60264429617837,131.96954536967462,144.87647972373426,93.46978628874936,134.1646641869984,100.78706284340768,117.58013349557088,121.66978351706025,57.987186430324,99.44735994893169,123.18111092527622,120.01722939980024,113.77709599312138,123.77134788576623,109.29031331631927,100.7654439639301,159.36719633344651
2019-12-31,124.90753139515851,122.63182330217516,133.49418679389825,147.94701181743903,97.41689131316178,136.46603557071538,106.73139579977394,118.80093177214081,123.99886030592948,54.16931289785344,102.6688226210155,117.82487205582395,116.6708083959121,112.053738943625,119.80763720267862,108.35593391455556,100.7340382252198,159.02057449828285
2020-01-31,125.5201559525161,122.76552097541371,135.53538306006365,154.83578698594573,88.06958843204792,134.9073741859462,101.73896669432409,116.9224805924539,131.20077341614677,71.51698714516002,95.9832817129322,128.22371431820105,123.13468443709976,114.49701094342576,122.41336532457208,109.43335423556273,100.91576393361284,163.978273245247
2020-02-29,115.50229651192947,113.90050802427166,125.16768035315123,145.87864317252888,74.82175741602173,126.38705243974178,98.1814561646081,106.88909340219517,130.0185551147564,65.96363448698604,91.46784794248852,136.9621876636061,128.02543451803663,115.97748766136895,131.92760443824952,112.84210055277974,101.4868196599306,135.51776539781952
2020-03-31,100.07773677741731,98.32936863566546,109.20775753521768,134.84260481326348,48.956848674507434,121.10787742384817,82.44904948451722,83.67947198553858,131.22628827722912,49.239626762540986,80.34775368825724,144.21143187564417,132.99993041962998,117.10233319220993,123.42476810922498,106.79683022576265,99.45261862181582,104.38948762892832
2020-04-30,112.46576002497125,109.51534419883143,124.808969784421,157.2173818418696,64.91965651880214,138.27300599230233,89.75933293814697,96.60904245264489,141.54632648636309,67.1491335602405,79.20204622845853,148.9982138850153,135.72696443277326,118.84265135738117,117.0621251464601,104.54826125622606,98.80448761529446,125.73803347425918
2020-05-31,115.96564709305133,112.99619803848981,128.37325105984652,164.54164599604027,65.01157279099515,140.2185217102263,90.74556229107141,101.10128942334116,143.3158479022439,72.03594104141801,80.33427575995556,143.05303713878374,133.19738401577445,116.78608531811558,117.2066069732208,105.05375823785765,99.33714291639913,128.54205137455733
2020-06-30,117.2230287501529,114.58043077837125,128.6972216907441,172.27207386914245,63.3383601443948,134.74916079047802,95.29339825653179,103.00612453860538,145.73365872872245,68.53627763069036,81.96522077482852,141.0528356689968,131.1519692430117,115.05596604988891,122.68116584320481,108.16371209537334,100.53238855130813,130.82140838950068
2020-07-31,116.48711764679251,114.36411382052523,129.10175702859664,175.1919726716055,57.118450383722916,134.6199004330727,97.72601876815503,100.4318915978143,151.1356569836459,80.45636265970296,82.78743867365873,138.57169216426607,125.6307362042902,109.11729561024524,130.16441160716934,110.89824974812952,100.98928305505683,122.93925517415884
2020-08-31,123.61344472293048,120.78723458942939,137.57971336610422,193.61624481873503,56.29797735830044,137.5695917823974,100.15990805351906,105.52319598562094,150.92067299361963,82.67522270788932,87.1411244499967,131.37860384991362,123.17400706780919,108.6438542432959,135.2089950494578,112.71846633622609,101.46828355411633,136.8908333275391
2020-09-30,121.27623813659376,118.98197669227564,134.41534503775193,185.16532342996732,48.79610482459444,136.58916072511198,100.6356804763736,103.61348314408163,146.94915426621634,77.47648284968659,85.45626129467422,134.19205071944342,125.4553256841533,110.30801496349368,136.62731850872743,113.35226320479102,101.67182479310546,135.11947518393634
2020-10-31,118.27071755249001,116.9630747218301,131.7748724209967,180.50105864598342,47.04596770121387,132.35665240602538,102.60445624623198,106.47067459189621,146.95574111251773,99.54063859519377,87.5050542231131,130.4093196494627,123.94180329125584,110.89721089547679,145.4767307175998,115.72121554640049,102.1361972263021,128.60856672098674
2020-11-30,130.21154214903228,127.52226757149816,142.5358104386636,195.85394929919963,58.74360454385072,139.38236171784308,109.09507049926592,122.81653033121567,135.5958890238272,138.29141162960826,88.71815132442013,128.6934412784157,121.45744230683768,108.1564312865936,148.3257714730401,116.96961194137656,102.3678977847883,150.03424320134033
2020-12-31,131.71811879029275,129.93483175401198,143.86948383154734,199.96942740742676,59.736520881880054,140.81267041892966,113.75217452020996,129.87274535358694,140.70067262042306,198.9007840851285,89.72907307395937,123.67640301124932,117.29321976007992,105.3428447429426,151.33162224899718,118.00073105704463,102.55466568268443,151.42212725012075
2021-01-31,132.57876371761833,131.45607194270303,144.5166320352434,203.4673893874047,62.8943841767792,144.90526617204634,119.10429963636177,138.18638471384097,139.3341502029709,230.4764706126853,94.21754456055686,120.81000026991546,117.12411834001783,106.95860629935017,150.39160218225774,117.63128910358827,102.35339553058994,155.12069132202083
2021-02-28,135.43337493135604,134.0182969723632,148.0417131897201,202.52085184330656,76.76264320593063,141.38567448535326,119.64400592883028,146.27011940591305,129.91052985782844,313.1163100966902,100.53915569552375,112.78716772212356,113.30613548941643,106.5520029074302,150.0490842830022,117.97674729159891,102.41932311880784,164.17994439492261
2021-03-31,145.6674646226279,142.97883646503567,160.5291136141753,213.67309414529183,81.98836415621645,152.5598393892444,123.20109798761662,153.8366279698171,133.63588155472456,423.9427052149896,100.5256777672221,112.93333977186528,114.48169150427825,110.49269922256843,145.72240882947068,116.75545808766834,102.3313159966893,191.35938329379465
2021-04-30,146.90579141514277,144.09048928948394,163.39911704678607,218.7713782979102,79.79362292225528,153.28274665034516,120.53104602951628,151.37704292084874,133.2225374418475,401.7083210889945,106.03854893166047,111.48039536047125,111.73630545935839,106.83066270791308,141.19461773818125,115.78923443202828,102.16292905660227,192.51070849189122
2021-05-31,148.49969281026827,145.4560362281217,163.6223282066827,215.02679086524034,83.91379296595038,155.3438822582195,121.88535776571202,151.0035012417582,142.67327335875325,258.34453238676576,108.32995742401503,111.28251469606529,112.0198603448899,106.33357661568354,135.26518181888648,113.82754361557753,101.93754907386605,189.94090523433223
2021-06-30,154.48621817487304,150.85587305564937,171.34199929625916,234.02372074501307,89.58420397871267,162.7623683006448,126.02258665506882,157.54973198824652,136.01170340199627,248.354090990581,111.17401239468077,117.52501503141013,116.25033249223824,108.69176973430731,139.1642485018764,115.10344196990867,102.21325380987794,213.11498933745207
2021-07-31,157.36276049518122,152.34174602937685,175.6567117757442,240.89983246988007,82.19576115527077,170.902773894198,117.99907753117911,151.94893724920885,139.32682467739568,295.2497869546583,115.3929060335164,121.51665378138759,118.74393070064411,108.92077793037491,144.09923287949553,116.57758420650262,102.25238222457426,221.15059454082152
2021-08-31,162.57281441562702,156.92172353338455,182.35757932825038,253.10761137972887,81.20429843951045,176.28442972823314,120.82764421972621,156.5615413055615,140.64769998046194,337.2729317437886,115.40639038906093,121.87952852247,119.16989197793035,109.80438211857295,148.49553692452002,117.99283083032375,102.41602573160225,236.65352645666178
2021-09-30,158.34761252363327,152.81866375368108,176.78550326150494,242.7418021290635,89.94616532276862,169.36017344883203,118.10286617324239,154.6116383157636,138.31124423978275,318.4051222530141,123.56112189066859,120.69390932370203,118.86944181345407,111.50092467565062,144.07557473251867,116.38255603532504,102.29419288210799,231.2290873862627
2021-10-31,166.4122390054166,159.93170205510097,187.86149342119228,259.9932725077915,98.53950639140648,176.78476156033327,118.53090557973557,160.05352600059553,139.50778224705263,442.72286944643497,126.93084820131358,120.82940779380368,117.86037790992674,110.32261710985433,141.02289065894894,114.50315360641233,101.97377397560147,253.6793665405723
2021-11-30,168.6369872632323,161.63921101886592,192.7902307599896,274.3466194036317,96.83517032925636,177.30255916284068,117.61688037535892,158.40944394990402,143.56666171668692,425.79859826465724,120.8788277685943,127.89515709143468,123.43263027611417,114.09279451502996,141.48028138985958,114.00434601100089,101.92688910340325,264.8501355803151
2021-12-31,174.9193946869295,167.45512660502908,201.14369230991622,276.73396614233496,99.44597312262022,192.7558762417862,119.05643219894641,161.55577791166425,147.51703791641307,344.9183876200408,124.7742254192185,125.85194735123113,122.22132769057967,113.37056447021072,141.43631137483067,113.69741086361589,101.7240026502306,285.80226102355687
2022-01-31,168.43883902043498,162.3151583022292,193.4848656721164,256.43741097595756,119.94529756054419,182.31914922855447,120.87483473670852,148.41448766430145,147.13675664626487,291.0832148115493,136.06955202310002,123.29224498997998,121.24913828732046,114.21921506711111,132.1015558876285,110.65924654582014,101.07938551146525,258.2362574634419
2022-02-28,163.11007325247832,156.9442320073898,187.29215079365972,244.33107412641536,128.09509252693937,180.09166769850972,115.35612075546095,149.56391833665106,155.29510609461792,325.87208703942343,144.49386779971246,121.63079892471626,120.681947798788,113.48150763607423,123.93346264146501,106.3224736872443,99.97149464868966,247.89143762422282
2022-03-31,168.0862082502786,160.26623179714247,194.6671585456221,256.17655764190255,140.29851613177317,190.75352054580904,111.64768724067659,151.55560943986205,159.64115674323057,344.15887816272857,159.72503226636601,115.68311813587626,115.87807807310418,112.04080604373685,123.43648966432741,105.90557835173344,100.06984890242911,271.3401690181076
2022-04-30,163.64178593170925,156.56060230192912,188.69917181503294,235.2052425466839,146.56620681159805,192.78233601486883,111.35904871913253,145.10203574598287,166.16333999798582,302.87526550771616,174.68661245801482,113.28759984572432,117.39046675934335,118.35681995063521,112.38972782101193,100.69684408110957,98.24729166509124,272.4217528250278
2022-05-31,160.25735038891563,153.32886764486668,184.3970177366745,225.68664987785567,165.81582975388432,190.7615328803669,109.24118430298653,141.74987012527205,156.35806753447795,248.9303601899611,175.9671120553159,108.50467092148395,115.11851792960435,116.01716450029859,103.62459217404245,96.16962336912891,96.78229730841615,246.8396023783603
2022-06-30,151.06944255040747,145.30833290903087,174.48677239138829,212.01687330351214,141.80884628617486,191.60094065324483,106.8494690345587,133.95577196169356,157.8738038709634,159.76058074441016,161.07291507793258,110.59871720311621,117.6911618818987,119.03942449334286,94.71465853934707,91.31796597774257,95.2632381569985,222.36287844012043
2022-07-31,167.42740257700947,159.461046128666,195.30846172001662,244.5816264802313,159.39128582260898,202.75117334044972,109.13266024972961,151.80066982834273,158.1169188949426,193.14517554808148,170.40705850095742,116.6438201556823,124.14365867334476,122.36937208365542,99.25369927448585,93.68593705340406,96.19968397287137,276.28514507800486
2022-08-31,162.42933671877748,155.04616014959498,190.4652063066336,235.90056120146753,166.3489192492202,194.23927727831796,109.48189432491051,151.24260694969658,156.18655834906917,168.70826222286553,171.5527659607561,113.37035838072593,121.39979126925479,123.43500376719435,100.82954043793532,94.42622671542642,96.38870978846845,269.58062869179787
2022-09-30,150.14253091296948,143.27421715800554,176.29558654355682,215.24486452381643,153.44044271476966,193.07345858510166,98.77460031030608,139.34945183925694,154.60578006530585,166.76045938133637,163.93719015467224,107.40085885713005,117.29416299387874,124.49562817329993,90.70241045592898,88.32493717207727,93.96866847580198,244.5817315671786
2022-10-31,159.3303958924622,150.4480438677865,188.22195920267458,221.03354390468164,189.33098602247767,208.96310819663267,95.60054142406855,152.95302123022455,150.22404720436663,173.67492364746641,162.15122646898007,101.42199284729749,113.67236035123935,122.7095798521987,85.91638194178199,85.89354793698864,93.1363456789656,262.69850080242156
2022-11-30,165.09812960044272,157.15677399271308,191.5748727088421,224.93896739990134,184.88782541730535,211.0011164562818,106.54929288015626,150.7290468938105,154.59637533261858,140.27465398848807,160.36527563777366,103.97928284290441,113.74018268173482,119.03099831913381,91.6481831715876,88.19291636205399,93.80011330610334,254.38081177385533
2022-12-31,152.43020452166465,145.18337394664172,174.84044050372063,198.20834453935234,173.59687033328674,200.50885588910043,100.46699848746769,136.46586035614342,156.04001088155863,130.93585286164085,150.66046026386016,99.14180434366861,108.6993453428012,115.62684330294408,91.98661530842696,88.40015931814399,94.0016342986269,217.73335654001914
2023-01-31,160.39947762347245,153.34682342060916,182.58264047191454,215.46459234589443,175.3548390266048,193.38811469678126,107.71969377287347,147.24175756144015,162.55911997710513,179.88981026612743,147.66140590410384,102.58284221928533,110.30836145622823,114.42258316388873,90.17490832647222,88.80475234832119,94.18823481721337,235.76773707958748
2023-02-28,159.7722625818618,151.6008919425417,182.0092687486462,219.53488609262672,166.87050339385453,188.5739623354209,101.81497575719078,147.9700576260978,157.56122064570454,184.0139809847974,143.95471210418864,100.71296561052381,109.47399512710557,116.14998156764513,88.71537568392665,88.92038964921662,94.04735120124786,243.99130895512212
2023-03-31,160.50607543415853,152.4375966953032,183.67826189809892,233.90613165146883,162.3886516911174,187.53240664693288,102.26273928861549,137.00859796447364,165.06617408711793,220.3024602597087,140.31540151853895,102.24917685112638,110.74541761736347,115.00258852150354,86.30757957291983,89.44346213681264,94.05764053454875,237.6363109109219
2023-04-30,161.51089835841,153.04084752185742,184.45747717428605,232.37924561242357,164.970491446568,191.19436314595126,100.2364827626276,132.99723508447056,164.90841339068788,223.80152427866614,136.74349985612616,101.52325811451097,110.14177388063302,114.09332236228688,85.53549360275215,89.79939479472847,94.39328684810998,236.2182322137835
2023-05-31,164.36077055812106,155.6559692103458,190.47093230730897,257.68305561436705,152.55547356317865,188.13139007885096,100.55364543619751,135.58622494472127,167.2705661372323,213.93060746978682,134.16902916046513,101.70845516243459,111.67227086979122,116.89848249575398,84.30625227492126,89.54658015897195,94.7222804708759,254.5685020091757
2023-06-30,172.0724983717553,162.61482780634458,200.294877974132,270.5253448919632,161.07684027162063,193.71120108429744,103.6732441253418,144.70486156082714,161.59325684601458,236.5588381781697,135.86736381684645,100.09791753287685,109.08974766797617,114.89041112693967,87.87128051168786,91.57493159259208,94.84394319765693,270.636486002999
2023-07-31,175.11037216149757,166.07500232514352,203.9196835155414,276.98609296231604,171.13841056910516,193.00900800328432,108.37862305683174,151.3686319610381,163.39957044609693,223.66346379839314,142.74160857563876,96.90803305870644,106.49094707990012,113.69162630878465,87.85161875012,91.27399881764825,94.76440210885666,279.1856929166781
2023-08-31,172.6780404041527,162.59873901030159,202.28853379278922,275.16761013166786,175.41484821288392,193.26446725774827,102.04538924532739,144.88020372501188,162.06950696412366,200.0875283445233,144.39276726934278,95.88200549034805,106.69965998866002,115.16313638537696,86.4884614478429,91.12001100901156,95.25370865450653,278.1066653712246
2023-09-30,170.86556367400075,161.09329827886253,199.44482500082864,270.341246200662,185.9246613160569,194.11677113018433,102.33124472106326,141.17876624514048,159.95021887135258,215.37578335617442,147.62771429697113,93.01355473572032,106.48571989196172,119.28638224666868,83.00661798512634,89.34470088772264,95.05768224780064,278.6384217547933
2023-10-31,165.68979406503405,156.21717534596397,194.14858959873013,263.4458723973473,174.3606785187083,186.8536627029404,98.4704312973451,130.76648729671808,170.96487506069118,275.498215789084,147.89728571749015,89.64526536127224,103.98365487125672,119.09710619804422,78.91000698804461,87.10873899914263,94.90315368335175,258.08342733177255
2023-11-30,174.877184016078,164.54055704710353,204.95778394967274,282.4057326400539,167.45423242072042,190.57199564491825,102.67497249225568,138.13307285327252,169.78395967824903,289.9008154358951,138.9675187069724,92.49339627931913,105.04400537145062,116.38306140644087,84.02063593535577,90.59947785731138,96.25656202567872,279.3392736875124
2023-12-31,181.9789853608029,170.98722653202037,212.4854421375771,295.63786087775225,166.15268238575428,197.1189883900958,105.42781651743391,153.56102857262212,170.34143190907102,322.1219502455044,134.41164472438086,98.40793594219222,108.65530741503362,116.87684797750062,91.4587011461187,95.3960900976605,98.15034849945515,297.3306460717668
2024-01-31,187.3992966263285,175.0121359904909,220.3447337287893,307.2563998019871,168.72735793689893,207.10668698832654,102.74257997810477,150.62960321130512,172.69245250666978,331.2691147537997,136.97937966951244,98.9427847912651,110.27676092942933,119.6262422522673,91.28819327295595,95.7698180410518,98.42766012982612,327.3763202323695
2024-02-29,195.97233306777494,182.97829011071337,231.94185608574145,323.626652842673,174.32346951320588,213.74750035012923,107.06989529466362,159.17019512847773,172.53776353499651,476.2908968431563,135.42929579720658,97.15411370335899,108.40088032091,119.29931421826939,91.39324723973388,95.59557981335982,98.15910124489015,351.90643052541344
2024-03-31,203.27214960223438,189.72508906480664,240.51080994895284,329.09916117841607,193.39492108478348,219.72881446444617,110.44011696934737,165.39706642450292,187.7874964008757,557.4516311167225,139.64145368551277,98.6752740723383,109.65856675692945,120.35066095698812,95.03967986424382,97.27707921367076,98.46385850040637,379.8067559232439
2024-04-30,196.65543466099967,184.33435590518783,232.51021385527105,317.01849571952334,192.9800123554255,210.25662049786038,111.00821282242865,155.20431878575357,195.4809134233271,477.34265732206165,145.50478312200877,94.15327328208085,106.62791041077932,120.71514370343395,93.38550653123022,96.3098954380317,98.331545958478,366.749402370681
2024-05-31,203.6221151331045,190.63870899466568,241.57180534310672,332.80303528077997,190.19495736330973,212.9271638111491,111.92440931539107,161.22286776087086,195.9788532844029,525.4330051253946,145.1678156327386,95.49878600157187,107.3449475920919,120.19221533534909,93.8166102812043,96.70643663931587,98.45659785185819,371.56913853151246
2024-06-30,210.24919514956446,196.8294464786484,253.0591168426899,358.53610573237995,189.7279085540737,219.381051245606,116.21610806308591,161.29975608654027,198.71174741046588,493.7462504867192,145.33629937737368,98.49413466631565,110.30711182441395,122.49460265410018,92.540259373764,96.24455256648801,98.58607819786835,413.9673158394636
2024-07-31,211.6577498006093,197.87071150680586,253.57549415571077,349.0125547379978,192.08569470438547,222.98064374187368,116.03254020922267,176.2006575657723,205.08542494697818,503.97212963179214,137.35003876591537,100.04346469977054,111.96410478526741,122.66135334637742,93.58915324499202,97.42893830915511,99.4178232741466,411.1012186767491
2024-08-31,212.4074719602948,197.97270706531162,253.30869922504527,344.44574538749333,183.62008272551842,228.67206071585113,114.37155021993857,169.0922194476401,205.74445095764403,448.93864063857467,135.15972437668756,100.07710769470262,111.25043271315778,120.97995291519797,96.30058458271904,98.91611318370725,100.58077945364481,397.4654287741366
2024-09-30,214.43910532428237,200.70347304173475,256.56025543940194,350.6478331429141,176.6536000185378,223.08282061864446,119.97043948832662,168.93131088278147,215.74462990631855,478.27123560060915,140.14691777390385,100.8148246133467,111.61129902452171,120.94248887186778,97.31612959449951,100.16350440063309,101.4717849154712,404.7386632070516
2024-10-31,216.10308223497992,202.12766801101014,261.5444804437605,357.55992712452394,183.34186185463588,218.8119031441469,119.6082152865591,171.3014976283207,230.51975531220927,545.4416294621248,141.22522916495134,98.84244641592815,110.87449284519325,123.650940529224,97.78703634845253,100.98920989258127,101.86337731866806,426.11719234354445
2024-11-30,232.87079951417988,216.1742373799227,284.91186078191674,387.254182389136,203.24790892567867,225.774151204968,119.66993699926797,195.60250101884586,229.94712994866774,770.237253499609,146.17873095503492,103.71523524489041,115.29227407157217,127.61937486009035,98.20580977501574,100.71562012335058,101.89856614961252,505.0305168997006
2024-12-31,229.67414941893088,213.599734258113,282.248112983994,394.87618042108323,186.54777004935116,214.84755688334948,119.41274865375178,181.92445230087654,230.97103998519285,757.3674996238117,149.48106119692872,100.23053054181234,113.76430895382555,129.69997312127012,102.07212635813316,103.09197523606737,102.75574658731199,503.528267100664
2025-01-31,237.49802783735055,220.49566799331407,290.07559726992235,403.7632394425521,191.0226033593678,229.56739533098673,122.08670342796053,186.6283944705018,247.28450390736776,830.8368260030503,155.7824457985788,100.46156602874008,114.28709917005423,130.3320300355203,97.28709159419095,100.37602156861165,102.27574195103033,545.3705845491533
2025-02-28,236.57152183106643,219.88641008400035,286.45267849968434,392.929286635861,198.38741001764112,232.83567731836516,123.51272032116809,176.91677416278895,249.47290381438623,684.6810273048602,156.6585818378585,105.1663831138751,117.83294212165063,131.35226968137565,99.164004203755,101.5087833389691,103.036015833379,517.4290999982594
2025-03-31,217.5151662537858,203.415594281952,259.77603966147893,348.73563403271567,197.18370094264762,220.07564410752477,119.96482117081501,158.2624202779312,263.74475778166976,643.3408505781614,156.42268916998648,100.46737772321808,113.64732871803305,126.7895232673578,93.63556162922228,99.24270950982552,102.9135576749497,420.09440638492055
2025-04-30,208.20248956976462,194.31491854872266,244.74063338156085,336.0542903118654,161.42707058110878,201.21567008663095,114.16647135169956,146.91567317315378,265.27720576055276,697.7553752083784,142.74160857563876,95.10842488242936,108.8973460492299,121.51635865060236,95.2845175783643,100.98309166688595,103.85090400178831,363.9053941963478
2025-05-31,220.5994081733301,205.57336165535364,260.37023894688963,367.24937050067024,163.64898518331907,190.18137553734576,118.87179327776278,154.76150126308121,264.2374906629514,775.7534315903551,140.75346953817882,92.58630078390206,107.30756036398023,121.35158768947747,96.30809025190449,101.97219936421081,104.20699952824594,410.9930394018228
2025-06-30,223.69803028650722,209.04104204427085,265.60127882354107,379.07177642568183,166.50916210092646,188.40659187075127,123.4091710241973,158.4410972240366,256.80098063672136,770.625193162559,139.50667440249617,91.78312896198196,105.89786119445803,118.47856501636711,98.75908766867254,103.35819949011358,104.53035174429704,405.6448298355444
2025-07-31,231.8633023071294,216.76155905946578,278.80537107228946,398.3858156674501,175.68687102835239,187.06731038396128,127.46789319242129,165.2857319939388,263.40283956437884,854.3665460115868,142.1687484184965,93.36302860406687,107.918932538761,121.45431933262401,97.76193951970907,103.34251548877835,104.45119832095533,456.3937754231322
2025-08-31,233.19506722732172,217.76069195191465,278.383384311365,393.5030900152727,178.1616911950437,192.85141496784,128.05462922226843,173.34898000449104,271.84135618038744,781.6060598570656,141.32631684083526,92.05625883497295,107.14361263666063,119.97331093618556,97.17083245300888,103.63396846131434,104.36514412189246,443.1521114980653
2025-09-30,239.70243894247432,224.63458542360982,287.07364645721555,412.8955200291658,176.8396300734079,195.35202593773806,136.5631931420946,178.09941851945524,299.29146259677117,820.1271694239306,144.59495547559632,93.78026968905746,107.65399385451775,119.79305393770896,96.46427380749802,103.76118484827357,104.50063631209949,463.4549979582491
2025-10-31,247.63950088638174,232.9423719905593,297.9543767684732,438.5767814763311,176.8410141584178,205.26438285486273,143.36496195430982,183.73225052684415,314.57281469779434,798.5921722128317,150.72785633261134,96.16455372291196,109.94145396536787,121.79714598733943,98.89417295435572,105.06568207014841,104.9249996836624,510.20839127563863
2025-11-30,247.89605834584756,232.4910296117971,297.8306382255366,430.71123798586524,181.06780875618338,223.80265877779166,140.4918501769589,185.1744399251739,332.43679016644785,657.3593570330494,154.94001422091756,96.67121075550358,110.84523064110189,122.15657185586252,99.78611379906347,105.21326974574112,105.11501001530641,504.60241823435734
2025-12-31,246.9115761382377,231.6228029272613,294.3271013114234,422.4560989821512,178.2659619386618,217.92266604304572,141.7241160950641,181.5532497653254,336.61438544149075,628.3885733226123,155.47916991644132,93.76391626005298,108.4155588874159,120.96675812900313,98.89432432445143,104.7119009952189,105.00720476607133,501.5194649914359
2026-01-31,247.44088831688958,233.83909765030936,293.21260063901667,419.8481134598977,199.8287866320533,213.8615181616315,150.30141839556265,188.0067477057899,360.134916736782,554.2608333621532,169.12655890365627,92.0632067939215,106.12291061057526,118.98824030026,100.05779645061685,105.52856938428413,105.38211839937355,
2026-02-28,252.45239536643663,240.12552467064046,294.68553810728497,415.6562789799671,221.90909872168422,224.4596017654552,161.34549566084914,191.8902822989707,405.1107239118459,478.8159416151678,169.05916283490512,96.70853930735493,110.47798609544282,121.28532167457715,101.45254325659845,106.74617182789257,105.85672482440118,
2026-03-31,245.2672882181506,232.19373266338908,288.5192211396031,407.38548443108317,252.01249608391984,212.4367956691931,150.80020097446194,187.82919058137765,370.73882439485567,502.2568600833294,194.66909050849839,96.0966589018332,111.17365383943145,124.33163978524713,98.30644557435488,104.03312741914392,104.7420451076879,
2026-04-30,262.63893983193356,249.40375369813106,312.6978705943666,462.24140868692336,240.67043557672298,207.4705632507106,166.65155618667694,206.4793100797277,361.03557314760576,550.8657080170595,197.36486898611722,93.56637170431222,109.33248337882135,122.1201712032932,97.55094984146689,103.63390970319439,104.74598754255679,
2026-05-31,274.5853916578827,261.6377668358716,330.0538341171585,512.4908171530295,227.73480943047892,212.9968789755958,179.14604412209175,216.32460796971728,357.770750062855,532.6481415151198,192.276587913017,94.08536027337794,,122.62121837840145,97.91318304046149,103.78194729565233,104.94529223144653,
2026-06-30,278.85573910615904,265.9981132218789,333.2571627976154,522.0667370240229,220.79189308566143,231.67847821502966,183.20702017561078,228.8527443008954,321.9730163702921,432.4769485704421,179.30313390434242,96.97624015244871,,125.14447893797703,99.57049902182231,104.9952623840757,105.27018200832639,
2026-07-31,280.30781158753507,265.50691123563973,333.9062818140411,488.5266494952775,247.96049119155862,237.73828466030812,171.91218298336736,222.16170433628636,324.5881597608704,464.6425316015559,187.25569005418228,93.3930579639529,,125.45231169666371,97.73518428354906,104.07152030466831,105.043711279157,
2026-08-31,,,,,,,,,,,,,,,,,,
