month,ACWI,Asia ex Japan,Australia,Austria,Belgium,Brazil,Canada,China,Denmark,Developed Markets Large,EM Asia,Emerging Markets,Europe,Finland,France,Germany,India,Indonesia,Italy,Japan,Netherlands,Nordics,Norway,South Africa,South Korea,Spain,Sweden,Switzerland,Taiwan,Thailand,US Large,United Kingdom
2000-12,379.859,290.763,1144.74,1522.36,6891.032,1215.556,2319.254,26.344,6114.477,3249.513,181.038,458.257,4413.643,1167.17,4586.859,3523.562,128.478,106.516,997.744,4138.857,9970.487,11000.941,2944.554,193.525,94.371,2061.685,11486.597,5575.773,216.621,82.246,3801.778,4338.29
2001-01,389.463,328.205,1190.977,1567.358,6717.062,1377.035,2432.939,30.164,6831.821,3312.626,216.41,521.359,4415.919,968.379,4595.985,3655.034,139.776,117.49,1015.165,4089.682,9903.133,10741.864,2996.611,205.069,120.342,2259.843,12379.819,5457.706,279.973,107.641,3940.799,4266.842
2001-02,356.694,312.699,1137.805,1669.192,6724.971,1235.316,2045.501,27.412,6213.979,3033.04,203.423,480.536,4028.497,660.843,4081.088,3359.451,134.69,116.127,913.206,3905.828,9259.763,8631.452,2947.352,205.904,111.791,2131.849,10365.148,5097.269,259.68,103.652,3588.647,3984.492
2001-03,332.683,277.294,1018.786,1590.229,6119.18,1095.243,1858.976,22.966,5632.015,2834.397,181.68,433.338,3729.287,677.379,3797.308,3008.148,110.976,94.453,855.713,3792.919,8424.865,7643.251,2714.256,178.052,96.686,2013.156,8060.633,4601.655,255.681,86.102,3359.872,3804.623
2001-04,356.915,277.709,1138.834,1627.39,6076.247,1151.313,1991.653,25.297,5786.05,3044.611,181.783,454.75,3997.647,902.705,4138.731,3219.865,108.469,79.09,903.144,4050.79,9025.392,9065.439,2923.479,198.944,110.218,2112.748,9298.254,4725.202,237.629,88.491,3621.65,4043.333
2001-05,352.936,277.282,1145.562,1534.882,5824.014,1091.743,2028.982,25.987,5783.622,3006.796,183.319,460.178,3807.214,800.431,3878.715,3021.649,112.837,97.252,827.03,4041.107,8695.534,8473.769,2909.669,210.464,118.565,1970.445,8789.181,4670.336,221.304,89.283,3643.445,3908.827
2001-06,342.123,270.637,1183.7,1499.278,5992.442,1075.684,1952.276,26.844,5683.484,2913.016,179.803,450.732,3665.046,647.542,3737.324,3005.458,107.006,102.764,794.532,3800.541,8490.314,7651.525,2808.24,202.899,111.873,1831.187,8310.765,4477.052,214.714,91.306,3560.065,3775.585
2001-07,336.731,260.395,1122.626,1607.982,6386.623,998.787,1943.584,23.208,5878.527,2874.656,169.992,422.25,3674.579,632.905,3755.895,3019.375,103.506,125.053,811.526,3517.391,8417.506,7661.357,2781.224,178.962,103.899,1826.662,8383.923,4433.875,192.431,81.916,3526.865,3779.322
2001-08,321.256,256.325,1129.913,1615.799,6513.912,913.635,1838.407,18.185,5556.749,2737.233,170.021,418.085,3579.836,490.427,3627.478,2804.191,102.064,130.87,803.202,3429.435,8389.005,6848.337,2740.915,187.493,107.341,1858.235,7910.315,4429.637,199.53,98.128,3292.648,3743.486
2001-09,291.911,216.04,989.585,1463.528,5891.442,761.231,1667.555,17.566,5070.537,2496.401,144.466,353.374,3222.643,487.151,3203.475,2348.639,87.862,105.244,692.546,3111.391,7271.367,6143.177,2334.946,159.005,89.902,1646.731,6634.019,4225.197,156.283,80.37,3040.927,3497.203
2001-10,298.114,227.692,1077.369,1363.059,5695.523,803.315,1669.882,18.014,5172.2,2544.471,154.216,375.304,3324.848,610.552,3364.088,2451.925,93.744,95.282,714.636,3104.92,7295.725,6841.058,2366.961,162.108,103.996,1722.36,7139.236,4221.508,172.823,77.128,3085.453,3564.701
2001-11,316.448,258.139,1161.788,1430.331,5879.637,883.795,1823.667,19.77,5229.042,2695.385,176.232,414.487,3458.373,671.467,3463.252,2667.151,103.342,91.759,727.902,3138.577,7621.071,7508.635,2481.351,166.445,130.33,1837.37,8184.174,4313.433,196.509,88.383,3323.252,3642.407
2001-12,319.414,279.602,1175.192,1445.54,6190.151,1009.02,1853.024,19.836,5234.781,2712.658,192.237,447.387,3546.982,725.83,3573.616,2748.614,103.487,97.48,737.326,2926.88,7814.935,7847.134,2600.205,160.227,140.339,1834.739,8412.686,4400.502,239.305,86.565,3344.37,3728.844
2002-01,310.662,290.78,1178.379,1450.646,5860.144,944.968,1839.669,17.975,4956.312,2630.77,201.262,462.548,3361.993,664.478,3346.798,2624.34,105.312,119.057,711.155,2697.803,7510.196,7216.672,2500.85,167.297,151.269,1697.943,7611.358,4156.265,250.482,102.958,3297.208,3571.653
2002-02,308.38,292.938,1186.132,1492.998,5797.071,1079.682,1820.756,18.12,5075.234,2608.413,207.158,470.147,3361.437,632.088,3375.386,2589.72,111.946,120.464,709.516,2809.885,7530.657,7191.613,2596.226,176.259,166.817,1722.046,7773.655,4276.276,238.586,111.682,3232.827,3554.423
2002-03,322.306,312.602,1228.464,1598.425,5934.2,1080.605,1886.592,19.142,5275.622,2724.27,221.972,498.427,3544.68,639.859,3554.38,2797.28,111.309,135.114,754.643,2973.761,8186.486,7431.733,2817.958,179.79,181.914,1758.147,8074.06,4553.756,259.981,111.427,3353.375,3718.913
2002-04,312.098,315.767,1213.412,1718.182,6209.043,1071.34,1872.031,19.979,5088.723,2632.752,222.526,501.662,3520.562,530.281,3501.528,2716.873,106.388,160.291,760.409,3146.886,8157.761,6667.105,2840.056,196.016,181.91,1807.514,7313.866,4684.798,254.349,111.595,3135.884,3730.775
2002-05,312.539,308.635,1289.579,1735.154,6404.864,991.681,1913.117,20.285,5208.866,2638.855,218.61,493.669,3514.063,493.841,3520.247,2693.572,99.704,171.684,747.341,3343.084,8221.346,6527.207,2919.84,215.738,182.518,1815.727,7219.735,4866.948,244.267,125.931,3112.559,3669.779
2002-06,293.466,293.304,1227.987,1755.569,6295.121,809.138,1805.303,19.603,5272.172,2479.285,208.923,456.633,3393.516,500.356,3422.83,2614.951,102.713,161.083,753.694,3168.994,7969.007,6484.627,2836.506,193.89,175.759,1649.614,7032.68,4673.944,223.842,119.072,2875.354,3514.789
2002-07,268.855,282.174,1135.963,1591.645,5437.114,574.843,1602.597,18.747,4599.705,2270.613,200.627,421.903,3016.277,428.29,2964.666,2183.234,95.463,149.782,677.437,2948.876,6552.012,5589.972,2550.163,163.45,171.139,1476.909,6004.111,4112.068,210.107,112.49,2668.65,3278.182
2002-08,269.55,277.179,1164.471,1589.919,5473.385,705.842,1622.85,18.382,4747.559,2275.335,198.449,428.404,3016.468,445.812,2917.62,2192.703,101.414,144.938,686.909,2917.643,6690.759,5678.732,2503.25,169.076,171.878,1543.224,5972.137,4106.56,199.899,108.45,2681.354,3243.989
2002-09,239.985,246.661,1101.353,1495.448,4564.759,492.259,1492.735,16.918,4112.181,2025.606,174.471,382.183,2619.713,428.012,2470.17,1658.749,96.49,135.53,592.227,2789.275,5499.677,5036.598,2180.681,169.342,147.498,1293.435,4961.962,3838.026,169.684,98.626,2378.786,2908.199
2002-10,257.657,259.183,1161.262,1517.536,4957.242,632.611,1538.213,17.015,4225.458,2175.475,182.859,406.982,2873.056,522.73,2791.179,1890.656,96.377,111.81,641.339,2595.206,6219.442,5805.491,2290.016,176.859,154.744,1485.34,5761.617,3968.278,188.407,107.365,2594.869,3136.094
2002-11,271.751,272.953,1193.907,1513.852,5163.37,639.993,1628.53,17.719,4397.021,2293.254,195.265,434.996,3014.194,591.85,2909.12,1997.784,106.404,125.109,701.253,2700.473,6585.729,6497.715,2483.514,193.923,174.493,1636.203,6591.881,4067.543,192.378,111.345,2751.065,3230.482
2002-12,258.795,256.317,1171.921,1695.351,5309.472,699.732,1616.177,17.05,4416.46,2182.57,183.109,420.543,2905.187,508.535,2829.057,1844.45,112.154,139.225,690.695,2630.935,6231.49,5852.601,2426.841,205.081,152.441,1560.783,5883.395,3962.327,180.788,110.447,2584.929,3160.764
2003-01,251.242,258.419,1193.008,1729.224,5018.851,676.456,1661.775,17.865,4222.652,2116.624,186.169,418.712,2768.042,457.638,2734.665,1800.706,107.529,121.882,680.231,2524.337,5840.93,5527.922,2289.087,197.833,145.828,1579.736,5802.459,3826.958,202.741,118.393,2522.505,2937.851
2003-02,246.839,247.989,1177.557,1754.386,4444.333,650.819,1720.461,17.42,4031.862,2080.382,176.339,407.411,2677.78,440.826,2600.651,1676.095,109.065,126.545,701.369,2539.222,5409.531,5352.782,2062.766,199.755,139.403,1601.893,5766.696,3624.311,178.32,115.147,2484.112,2890.517
2003-03,245.906,236.372,1221.816,1782.413,4395.36,740.454,1698.68,16.749,4407.897,2074.666,167.491,395.859,2639.297,455.665,2504.303,1612.966,100.935,127.944,646.048,2427.136,5255.156,5443.223,2075.102,189.949,126.247,1589.655,5629.963,3609.931,175.694,118.591,2507.246,2887.721
2003-04,267.866,243.831,1318.803,1921.007,5194.896,896.302,1806.891,16.771,4980.403,2259.956,175.023,431.119,2999.523,545.55,2898.567,1995.12,96.523,153.552,734.403,2408.211,5945.599,6480.463,2410.568,201.097,144.175,1814.162,6838.283,4036.014,170.821,123.032,2716.722,3188.099
2003-05,283.454,264.871,1364.034,2027.935,5748.974,917.858,1962.052,18.914,5324.753,2390.22,190.055,462.061,3197.639,572.074,3112.065,2128.993,104.39,179.921,819.344,2525.231,6324.618,6838.074,2675.071,207.412,153.006,1901.163,7142.525,4287.146,188.668,138.247,2862.49,3383.795
2003-06,288.898,281.558,1419.681,2092.113,5753.676,919.355,2014.731,20.126,5301.997,2432.475,204.933,488.396,3230.506,540.571,3163.25,2239.22,119.296,189.514,807.388,2711.492,6372.927,6710.321,2674.468,215.794,165.094,1962.393,7190.092,4282.892,203.007,152.852,2897.97,3412.79
2003-07,295.309,305.553,1415.242,2079.052,5886.235,970.045,2021.503,22.121,5194.732,2482.328,223.958,518.983,3296.792,525.418,3219.28,2371.823,127.459,179.83,805.319,2821.545,6658.732,6832.701,2843.268,230.273,183.14,2000.62,7649.989,4451.61,228.191,156.84,2951.784,3434.062
2003-08,302.319,329.012,1450.793,2069.1,5788.388,1068.169,2127.623,23.593,5658.81,2536.553,239.592,553.817,3291.039,558.456,3242.851,2332.349,143.917,183.085,779.232,3118.913,6807.223,7127.68,2893.559,245.251,193.717,1970.769,7780.617,4410.973,248.571,174.213,3007.171,3410.616
2003-09,304.25,331.505,1509.556,2189.029,6141.635,1087.546,2164.844,23.776,5871.918,2552.643,237.362,557.877,3358.047,535.884,3256.712,2315.285,152.21,216.498,809.099,3305.05,6717.254,7158.493,2866.831,248.452,181.266,1963.18,8041.772,4603.111,250.084,189.925,2972.457,3531.194
2003-10,322.707,359.905,1637.495,2309.205,6437.765,1205.662,2311.168,27.389,6246.829,2704.634,261.607,605.351,3582.932,592.931,3479.337,2590.942,168.161,222.573,848.669,3456.341,7128.464,7823.09,3230.402,274.173,201.944,2098.865,8729.766,4705.327,267.25,201.415,3142.133,3771.08
2003-11,327.651,355.473,1634.583,2478.235,6664.48,1277.863,2380.493,27.664,6217.598,2746.464,257.72,612.79,3735.513,625.73,3658.977,2728.723,172.275,220.208,916.762,3349.682,7378.691,8111.25,3378.808,294.526,201.592,2204.353,9032.853,4956.298,251.612,206.145,3172.555,3883.079
2003-12,348.427,376.735,1773.777,2675.001,7268.736,1504.477,2510.825,31.98,6635.586,2919.442,276.441,657.215,4042.325,612.734,3989.923,3039.512,200.042,248.097,959.732,3582.084,8056.386,8466.613,3629.456,299.138,207.231,2484.887,9771.235,5349.206,257.711,270.103,3337.41,4174.041
2004-01,354.398,399.694,1771.312,2909.837,7601.933,1444.002,2537.856,31.774,6938.043,2966.932,291.021,680.556,4089.993,691.968,4020.031,3074.307,195.205,273.348,979.318,3646.898,8022.448,9021.783,3657.6,296.979,229.054,2512.615,10140.479,5488.946,280.281,247.203,3397.874,4161.313
2004-02,360.938,413.218,1855.503,2982.033,7926.639,1498.242,2593.58,33.752,7341.201,3017.675,301.859,711.95,4210.342,735.847,4122.311,3048.792,192.771,273.73,990.055,3636.244,8148.796,9575.044,4033.415,314.485,237.547,2612.578,10669.626,5524.895,291.346,251.148,3439.102,4351.593
2004-03,359.016,406.328,1884.604,3117.593,7497.802,1498.302,2581.926,30.908,7089.764,2998.83,299.937,721.098,4080.448,710.461,3975.914,2904.779,197.3,262.329,956.156,4125.806,7745.732,9333.339,3992.336,326.473,246.827,2503.214,10477.767,5388.0,283.884,236.349,3384.481,4249.56
2004-04,350.775,384.011,1773.538,3136.486,7533.972,1278.254,2367.307,26.87,6989.17,2939.076,281.491,662.143,4051.549,555.167,3930.488,2924.403,194.06,282.229,969.765,3902.178,7738.267,8614.796,3879.245,283.228,231.172,2476.437,10499.143,5478.0,264.825,234.56,3332.517,4219.611
2004-05,353.734,371.143,1785.286,3163.133,7773.933,1256.892,2431.264,28.715,7019.764,2967.884,268.856,649.102,4122.726,549.253,4057.188,2937.654,163.495,252.335,983.651,3765.293,7900.899,8713.72,4109.611,303.971,215.87,2489.682,10683.396,5523.691,257.755,232.126,3376.846,4311.66
2004-06,360.883,367.895,1784.994,3347.605,8018.17,1319.232,2535.426,28.539,7428.216,3030.093,265.134,652.067,4179.827,572.062,4136.508,3024.615,164.115,250.989,1020.477,3968.164,8047.501,9050.125,4263.116,307.621,210.614,2521.71,11013.744,5525.822,250.733,233.68,3440.639,4312.444
2004-07,349.435,360.547,1790.767,3409.031,7915.085,1430.189,2538.187,28.645,7287.62,2931.964,255.851,640.537,4065.444,501.024,4008.303,2876.191,175.835,271.905,995.57,3732.937,7684.164,8505.315,4178.306,310.839,193.499,2465.305,10527.725,5338.066,232.001,228.104,3323.49,4269.551
2004-08,351.704,378.092,1827.343,3403.825,8285.928,1520.515,2539.792,28.763,7422.734,2946.022,267.662,667.35,4068.508,505.653,4001.523,2822.238,175.781,269.313,985.823,3760.016,7673.551,8639.749,4281.751,322.295,211.836,2469.379,10701.512,5274.172,249.478,226.378,3340.507,4294.034
2004-09,359.114,392.64,1949.233,3565.792,8912.905,1666.832,2732.967,30.895,7886.477,3002.696,279.11,705.894,4231.781,561.931,4137.532,2971.238,190.718,302.829,1041.953,3672.595,7839.011,9402.713,4776.248,349.133,219.488,2566.786,11537.384,5407.524,249.764,234.804,3377.187,4432.157
2004-10,367.976,395.205,2066.437,3767.39,9437.921,1696.035,2905.68,30.142,7815.875,3076.904,281.68,722.805,4384.745,612.101,4309.946,3091.942,197.826,321.3,1102.511,3768.752,8181.037,9697.387,4892.573,364.215,223.856,2787.069,11699.181,5508.957,249.098,233.009,3428.833,4540.136
2004-11,388.189,430.284,2244.275,4267.195,10048.268,1872.211,3025.252,33.176,8412.875,3239.895,308.776,789.755,4707.427,665.708,4568.34,3364.677,222.025,378.172,1192.123,3950.69,8723.274,10756.744,5566.701,415.128,247.795,3017.231,13170.005,5913.999,265.006,256.749,3569.833,4833.763
2004-12,403.32,443.504,2340.565,4608.933,10529.699,2053.188,3082.727,32.584,8734.25,3364.558,318.813,827.775,4906.916,656.049,4756.829,3545.84,238.262,377.618,1285.558,4153.438,9127.272,10875.143,5607.398,433.481,254.601,3219.4,13412.656,6183.943,283.033,267.614,3694.97,4990.933
2005-01,394.851,446.668,2357.643,4501.207,10322.535,2004.165,2960.568,31.875,8497.983,3289.439,324.581,830.395,4816.484,634.971,4678.029,3409.2,234.069,399.204,1255.827,4056.992,9087.388,10454.557,5435.394,409.515,273.532,3141.21,12770.167,5992.659,274.401,279.167,3603.494,4955.198
2005-02,408.714,472.03,2489.83,4909.224,10881.762,2354.791,3151.4,34.236,9155.074,3395.133,346.756,903.311,5058.079,682.232,4909.375,3547.553,240.525,402.347,1295.588,4140.648,9734.469,11236.377,6070.227,443.769,302.315,3255.045,13585.307,6331.521,290.683,301.61,3678.646,5195.694
2005-03,399.872,450.407,2391.902,4680.159,10754.618,2152.88,3196.434,32.472,9295.884,3330.635,328.255,843.8,4932.258,661.089,4844.706,3467.326,232.603,398.024,1292.072,4056.676,9364.317,10948.169,5874.132,401.86,285.489,3145.29,13128.646,6180.347,273.449,272.237,3619.894,5058.488
2005-04,391.319,444.486,2353.514,4473.656,10442.118,2064.418,3023.63,32.605,9003.675,3260.39,319.028,821.31,4815.037,670.821,4635.236,3318.309,220.227,379.573,1239.416,3952.315,8926.701,10786.245,5644.172,396.186,271.594,3046.354,12872.889,6177.341,269.793,264.066,3554.49,5005.291
2005-05,398.919,457.09,2351.835,4680.451,10353.027,2224.541,3090.857,32.922,9257.494,3320.818,331.026,850.227,4838.959,699.682,4748.07,3387.376,239.705,405.823,1228.32,3916.357,8987.368,11162.491,5875.985,380.726,284.926,3061.546,13264.292,6186.503,280.821,260.822,3670.69,4957.899
2005-06,403.128,470.113,2487.761,4981.311,10391.607,2311.097,3279.956,34.296,9414.929,3351.019,340.286,879.576,4907.61,706.949,4804.506,3419.118,260.44,417.186,1241.383,3912.564,9404.833,11294.505,6380.492,401.493,285.752,3115.595,13131.95,6145.004,289.56,260.064,3679.889,5036.763
2005-07,418.142,500.71,2546.426,5180.26,10838.996,2402.779,3460.132,36.784,9707.504,3468.823,362.557,941.813,5086.795,706.31,5081.07,3657.74,275.116,448.395,1293.86,3951.547,9598.626,11720.343,6793.262,436.271,321.083,3261.541,13869.453,6476.788,294.409,264.254,3818.157,5102.939
2005-08,421.512,486.341,2572.211,5522.224,10991.661,2669.246,3665.634,36.986,10197.554,3496.581,351.19,950.291,5163.781,709.023,5095.124,3669.28,276.088,377.99,1300.99,4226.518,9579.916,11966.237,7267.965,458.451,310.865,3262.177,13959.098,6530.674,276.813,278.237,3782.703,5255.769
2005-09,434.312,512.867,2762.932,5597.788,11136.776,3179.08,3886.844,39.161,10273.998,3588.41,373.803,1038.902,5289.228,749.256,5223.612,3752.063,303.108,388.572,1325.783,4664.7,9700.893,12412.49,7375.666,509.737,348.63,3463.033,14564.831,6751.629,279.301,289.526,3815.117,5348.647
2005-10,422.695,479.203,2591.231,5372.344,10861.862,2988.439,3606.843,35.325,10047.134,3502.063,348.231,971.025,5123.14,718.357,4999.397,3636.167,272.207,377.918,1237.153,4608.809,9497.219,11789.955,6813.028,462.003,327.901,3339.128,13747.397,6851.559,259.971,269.592,3752.529,5185.766
2005-11,438.304,514.529,2688.127,5560.628,11116.441,3255.811,3802.611,37.812,10268.933,3620.657,378.389,1051.423,5210.845,728.77,5085.365,3764.037,299.062,401.283,1267.265,4805.567,9991.619,11955.205,6809.311,500.027,366.66,3322.783,13963.4,7090.089,283.268,267.311,3904.158,5209.151
2005-12,449.192,546.262,2751.091,5769.973,11604.482,3224.43,3972.441,39.025,10943.99,3701.795,406.473,1113.707,5394.29,772.73,5260.693,3918.835,327.778,437.131,1325.236,5217.826,10491.625,12688.548,7048.88,556.321,402.279,3377.748,14923.488,7243.493,303.566,292.131,3906.351,5359.2
2006-01,471.404,586.175,2946.959,6432.085,12429.46,4032.299,4321.595,44.517,11209.697,3867.814,438.272,1238.782,5747.294,810.294,5687.4,4251.879,352.592,491.091,1394.295,5480.924,11010.245,13402.715,7791.556,645.539,438.483,3601.793,15762.379,7681.409,312.872,330.446,4012.973,5678.62
2006-02,470.903,586.571,2907.756,6329.313,12585.299,4112.088,4243.663,45.919,11250.307,3863.679,437.37,1237.596,5752.414,838.892,5624.985,4273.568,361.422,495.799,1406.846,5434.523,11231.301,13527.995,7843.615,609.315,426.166,3738.092,15698.062,7579.495,311.138,319.438,4017.045,5641.919
2006-03,481.011,597.518,2922.493,6547.715,12826.898,3917.994,4309.897,47.386,12026.76,3950.381,445.727,1248.69,5978.67,931.377,5956.974,4461.975,397.427,548.786,1440.89,5573.614,11718.513,14803.286,8702.374,656.353,424.409,3812.824,17058.258,7771.261,311.521,315.529,4068.566,5803.713
2006-04,497.265,637.896,3190.836,6861.433,13562.144,4295.674,4520.335,49.869,12788.44,4072.426,476.915,1337.8,6290.604,990.307,6160.043,4685.854,411.385,625.867,1507.403,5735.855,12177.674,15728.805,9501.561,681.497,453.209,3987.383,17944.882,8271.713,342.753,343.436,4122.201,6148.039
2006-05,478.081,590.327,3014.086,6468.94,13142.496,3600.325,4401.322,47.298,12225.079,3936.964,440.081,1197.914,6127.94,931.823,6072.697,4513.233,353.094,537.308,1507.475,5379.218,11686.117,14823.757,9052.882,577.785,418.686,3891.765,16792.296,8024.447,319.829,312.388,4000.222,6029.86
2006-06,478.069,588.252,3038.805,6438.956,13018.31,3822.962,4332.821,48.277,12093.98,3937.433,436.897,1195.374,6150.843,905.959,6142.762,4470.388,360.369,538.869,1516.202,5319.717,11671.699,14617.447,8711.667,558.326,411.814,3944.204,16846.976,8011.65,314.283,299.691,4004.709,6090.126
2006-07,481.45,589.366,3075.875,6457.599,13375.684,3864.626,4346.225,49.558,12047.145,3962.861,436.462,1212.953,6245.635,897.011,6182.911,4454.986,360.713,573.347,1523.122,5290.287,11962.868,14537.367,8969.95,558.699,411.17,4072.659,16573.234,8264.537,300.913,310.09,4018.081,6229.628
2006-08,494.175,610.219,3170.58,6521.874,14044.817,3843.832,4522.474,50.639,12834.997,4067.754,451.936,1244.464,6444.158,939.961,6386.521,4617.312,394.697,607.133,1586.101,5369.727,12566.321,15043.605,8796.528,557.509,421.361,4209.472,17204.586,8485.741,311.978,316.06,4115.145,6381.202
2006-09,500.069,631.516,3129.385,6657.896,14517.761,3773.164,4387.911,52.523,13150.731,4117.429,470.039,1254.925,6499.66,916.866,6443.653,4686.863,425.742,638.646,1583.791,5283.342,12959.968,15122.479,8173.212,522.079,434.345,4434.179,18006.349,8612.949,324.979,319.849,4219.909,6349.198
2006-10,518.923,650.675,3387.723,7019.327,14941.349,4095.482,4598.778,56.147,13727.919,4269.391,483.046,1314.597,6779.071,951.807,6617.658,4921.635,454.018,661.508,1648.793,5375.324,13017.165,15992.106,8873.527,580.001,432.513,4763.052,19154.094,8843.221,327.716,344.891,4364.118,6666.198
2006-11,533.849,700.671,3527.191,7350.784,15237.606,4344.413,4731.96,62.284,14624.185,4376.153,522.09,1412.502,7021.936,984.099,6880.471,5147.836,479.979,725.856,1741.323,5413.51,13380.16,16796.494,9692.775,624.621,456.681,4990.028,19927.569,9125.85,362.007,361.48,4450.719,6829.163
2006-12,545.897,730.56,3645.393,7912.917,15991.746,4701.123,4701.402,71.366,15269.55,4466.298,541.515,1476.239,7247.577,1012.601,7124.206,5360.599,494.958,764.242,1776.772,5548.216,13896.07,17816.057,10314.442,670.54,455.347,5072.244,21585.616,9288.666,367.018,326.04,4504.774,7002.593
2007-01,551.446,722.615,3653.599,7951.875,16033.921,4749.329,4689.05,68.341,15686.785,4519.915,530.402,1461.328,7291.19,1051.157,7102.602,5438.544,507.583,727.869,1775.681,5595.169,13932.98,18272.096,10743.729,672.529,435.387,5175.449,21855.817,9462.444,356.951,326.34,4586.413,6991.664
2007-02,548.758,721.458,3784.77,7810.57,15942.029,4616.938,4723.754,67.14,15715.028,4498.258,531.533,1452.863,7265.326,1060.527,7106.511,5487.972,463.761,702.484,1756.519,5820.319,13950.872,18001.205,10498.7,675.242,454.834,5148.19,21186.594,9277.333,363.25,347.81,4502.528,6982.167
2007-03,559.995,738.194,3994.487,8372.652,16625.559,4991.657,4855.609,69.728,16548.568,4582.512,542.848,1511.062,7531.844,1123.012,7325.656,5728.564,478.347,748.378,1792.585,5745.628,14958.874,19043.469,11057.755,718.192,469.193,5303.8,22471.99,9534.86,355.247,337.554,4551.226,7213.819
2007-04,585.165,771.183,4233.778,8750.275,17496.311,5306.998,5150.662,72.352,17707.543,4787.38,569.304,1582.967,8028.355,1223.913,7925.366,6282.585,536.298,809.922,1932.522,5633.945,16367.156,20866.582,11736.387,777.205,497.639,5372.9,25168.321,10248.065,354.445,357.85,4746.318,7533.507
2007-05,603.106,815.756,4300.513,8889.85,17576.209,5930.911,5593.021,77.803,18093.833,4926.191,606.507,1660.277,8183.937,1302.959,8128.11,6563.358,573.548,846.417,1917.634,5725.976,16288.693,21257.499,12062.884,751.628,538.819,5683.483,24873.211,10143.033,368.348,380.455,4912.532,7662.132
2007-06,601.549,856.992,4416.606,8817.157,17484.403,6184.248,5586.466,86.777,17637.026,4889.922,643.194,1738.809,8185.241,1304.215,8095.06,6687.013,578.051,868.186,1885.509,5708.811,16247.645,21257.115,12763.784,737.63,554.962,5544.722,24519.676,9888.177,405.618,398.762,4830.393,7761.584
2007-07,592.502,919.324,4356.255,8385.197,16780.669,6446.024,5573.546,95.758,18301.266,4782.624,694.165,1831.455,8012.114,1313.749,7810.865,6443.444,614.074,949.721,1831.449,5699.711,16245.886,21411.643,12669.437,736.053,616.118,5653.782,24598.173,9724.949,420.095,455.859,4680.877,7567.209
2007-08,591.114,907.411,4283.871,8046.866,16288.066,6219.265,5576.625,102.657,18222.753,4781.075,684.598,1793.133,7924.779,1390.73,7666.656,6454.121,594.793,894.134,1823.421,5532.341,15855.248,21160.647,12087.057,732.659,588.726,5541.828,23475.641,9672.279,409.052,428.91,4751.956,7504.028
2007-09,623.033,1018.122,4925.455,8081.081,16685.384,7468.35,6125.073,123.126,19225.937,5010.069,765.132,1991.31,8326.313,1552.393,8061.727,6933.856,694.83,1002.603,1891.693,5662.056,17131.508,23102.588,13732.583,782.169,632.609,5834.302,25105.781,10045.309,433.709,452.685,4932.33,7775.066
2007-10,647.465,1126.812,5297.196,8698.531,17440.883,8640.922,6700.419,143.558,20013.088,5164.825,850.466,2213.537,8715.507,1605.314,8370.524,7256.571,812.951,1167.644,1963.476,5640.555,17459.848,23402.615,14289.343,891.782,677.489,6512.293,24495.866,10238.324,457.207,501.021,5015.452,8243.386
2007-11,619.103,1030.596,4904.131,8129.114,15978.415,8220.725,5957.727,124.156,19232.219,4956.049,770.682,2056.724,8438.468,1572.249,8238.969,7166.424,796.714,1171.164,1934.055,5537.238,16807.52,22166.372,13452.372,824.526,612.923,6539.074,22516.009,10251.784,405.908,467.864,4803.743,7800.15
2007-12,612.413,1026.597,4731.308,8122.704,15693.153,8461.455,6123.025,118.635,19259.325,4893.543,766.651,2064.109,8290.814,1519.787,8123.607,7286.757,856.826,1184.78,1905.815,5318.292,16833.517,21774.936,13660.671,792.189,603.712,6324.477,21904.488,9851.602,400.513,478.064,4776.315,7589.994
2008-01,562.395,884.756,4295.423,7035.12,14133.199,7762.377,5734.094,93.057,17049.973,4520.672,657.136,1807.125,7426.812,1403.371,7144.083,6282.203,733.953,1161.481,1720.631,5075.247,14841.33,19142.887,10783.016,687.961,521.457,5570.646,19339.282,9298.461,358.42,446.161,4486.439,6912.165
2008-02,564.249,936.567,4433.371,7273.025,14472.08,8699.021,6089.879,103.088,18572.719,4496.695,705.911,1941.17,7547.65,1448.094,7262.348,6364.894,716.39,1260.427,1717.069,5110.311,15189.954,20523.928,12319.568,728.106,550.389,5679.353,20688.726,9524.143,411.59,505.886,4346.96,6940.989
2008-03,556.222,879.326,4192.78,7320.035,15211.042,8038.588,5756.995,90.535,19326.519,4455.805,658.497,1838.62,7581.729,1364.803,7446.224,6434.797,625.571,1108.3,1682.476,4906.177,15735.619,20441.939,12235.088,673.654,526.788,5975.681,21157.866,9672.525,421.682,494.168,4330.946,6791.795
2008-04,587.659,950.931,4547.442,8176.488,16020.846,9273.703,6165.443,104.667,19220.059,4693.577,713.034,1988.128,7938.549,1349.237,7786.487,6733.628,694.87,1043.375,1787.728,5262.705,16433.753,21200.992,13829.341,759.054,564.687,6166.124,22225.771,9716.139,439.424,503.552,4545.319,7231.357
2008-05,597.511,919.308,4659.077,8489.69,15263.983,10339.649,6635.27,99.479,20415.226,4770.996,683.86,2025.589,7994.116,1357.989,7992.585,6863.342,624.496,1085.061,1802.506,5395.226,16520.328,21959.856,14953.904,776.883,554.776,6119.838,22751.22,9702.186,425.291,488.681,4617.845,7188.592
2008-06,548.646,810.035,4372.448,7723.81,12363.737,9519.635,6398.735,87.403,19154.081,4392.172,598.703,1823.792,7300.055,1186.137,7205.555,6318.873,502.311,1058.302,1611.154,5027.661,14398.111,19429.582,13995.719,704.161,486.837,5480.946,19247.039,9179.39,377.243,435.839,4241.463,6738.117
2008-07,534.571,803.568,4065.774,7003.342,11325.225,8530.937,5954.126,89.417,18633.627,4285.969,594.493,1756.441,7091.117,1201.954,7063.906,6252.646,536.051,1058.416,1538.281,4856.324,13825.538,18968.433,12571.759,724.779,479.002,5434.024,19082.823,9130.482,354.129,377.647,4192.954,6461.851
2008-08,523.283,748.456,3900.299,6590.274,11294.42,7688.035,5839.006,82.1,17805.463,4227.702,552.846,1616.719,6812.905,1135.301,6817.543,5870.701,529.787,987.053,1471.711,4663.194,14025.798,18047.166,11922.657,690.588,412.891,5055.807,18243.323,8864.276,350.787,383.802,4250.383,6253.981
2008-09,458.091,624.607,3225.887,4545.754,8431.308,5914.697,5010.726,65.361,14113.446,3726.688,461.303,1333.962,5786.44,862.654,5844.851,5019.716,432.341,781.357,1255.911,4142.88,11381.288,13986.828,8310.837,587.777,368.95,4550.156,14860.843,7966.719,284.464,337.882,3860.514,5325.425
2008-10,367.432,474.36,2402.97,2861.962,5349.21,4019.228,3660.681,50.496,10490.197,3021.074,350.343,969.08,4557.432,710.02,4534.77,3866.747,309.231,472.905,959.509,3530.486,8523.301,10461.404,5538.325,433.883,272.572,3400.401,10899.603,6989.456,231.497,226.351,3200.304,4315.692
2008-11,343.526,446.276,2226.335,2445.252,4794.208,3649.015,3453.988,52.794,9774.913,2827.608,325.563,896.199,4247.171,649.468,4286.693,3520.638,276.238,417.468,906.47,3486.457,8030.909,9698.221,4700.853,433.087,226.386,3350.971,10502.96,6354.137,206.488,216.925,2964.17,4038.324
2008-12,356.146,490.443,2367.575,2581.071,5312.581,3718.326,3358.364,58.337,10144.137,2919.783,362.096,966.344,4470.451,688.958,4653.669,3971.479,303.03,518.909,968.064,3770.061,8773.341,10231.45,4930.414,491.99,271.252,3790.651,11134.479,6905.925,216.771,247.304,3002.604,3922.249
2009-01,325.827,463.964,2055.406,2304.105,5240.45,3889.871,3241.113,53.493,9918.171,2664.847,339.199,904.332,3977.116,578.739,3990.054,3307.327,296.934,477.597,833.302,3513.825,8044.416,9277.735,5052.325,430.116,260.66,3223.118,9880.878,6066.523,195.011,237.387,2757.992,3678.291
2009-02,294.126,433.775,1979.296,1902.468,4759.426,3776.932,2964.089,51.796,8901.374,2393.874,317.532,853.468,3574.843,472.601,3611.338,2892.697,266.153,433.875,718.728,3078.835,7041.192,8413.714,4657.335,401.949,214.492,2882.034,9536.3,5422.046,202.741,227.092,2475.326,3377.624
2009-03,318.515,493.677,2331.502,2371.412,5083.128,4183.229,3243.895,59.114,9022.056,2575.816,368.101,976.236,3824.317,537.975,3910.931,3199.347,298.497,524.943,768.861,3145.507,7338.861,9166.423,5090.727,472.515,271.066,3096.21,10438.629,5872.923,234.773,235.078,2687.434,3503.354
2009-04,356.406,576.444,2593.908,2608.645,5732.714,5028.981,3696.839,65.679,10676.881,2867.372,429.551,1138.841,4366.879,690.218,4432.084,3748.858,356.844,685.279,916.153,3448.278,8277.724,11287.594,5743.909,527.288,329.141,3605.613,13099.34,6328.026,275.632,279.703,2945.475,3945.008
2009-05,392.341,669.343,2851.479,3274.833,6558.963,6139.029,4482.9,77.099,12097.607,3130.786,494.592,1334.095,4908.651,748.416,4996.175,4133.452,487.722,761.596,1039.457,3803.645,9328.578,12538.704,6977.091,613.175,342.599,4079.674,14236.092,6931.064,317.668,326.868,3107.532,4492.222
2009-06,390.299,666.345,2994.112,3206.0,6440.288,5897.037,4241.012,80.283,12118.889,3117.982,493.239,1316.389,4814.392,713.35,4790.135,3991.629,477.119,813.157,1000.248,3870.641,9209.262,12245.888,6394.883,620.575,339.18,4244.668,14213.405,6865.415,293.541,361.456,3114.565,4435.034
2009-07,424.793,753.614,3300.665,3472.888,6997.371,6417.284,4751.088,88.981,12987.117,3383.009,556.351,1465.355,5320.923,712.194,5295.989,4461.801,519.682,1012.062,1083.674,4036.273,10534.229,13557.195,7080.222,652.345,402.316,4847.522,16761.655,7628.482,329.437,375.667,3349.331,4846.037
2009-08,440.163,729.267,3571.638,3905.544,7722.174,6527.019,4683.546,82.726,14017.039,3524.075,541.152,1460.503,5657.513,772.203,5716.939,4647.856,514.04,1004.665,1184.839,4195.174,11166.608,14390.952,7269.843,689.348,407.048,5148.836,17666.578,8125.157,320.688,385.16,3465.82,5114.242
2009-09,460.498,793.839,3987.52,4143.421,8292.367,7519.271,5024.543,86.594,14305.34,3665.756,590.91,1593.312,5920.67,804.485,6066.772,4919.16,570.627,1122.71,1271.746,4124.86,12090.629,14836.635,8091.047,710.077,456.129,5413.213,17821.827,8421.1,361.482,433.892,3600.257,5256.779
2009-10,453.475,789.656,3990.171,3910.996,8133.692,7727.079,4767.144,92.174,13899.6,3601.322,585.264,1595.43,5852.31,740.391,5824.316,4723.373,547.717,1081.36,1209.092,4021.404,11853.134,14889.087,8374.919,701.556,427.496,5373.303,18642.878,8460.947,346.589,405.966,3530.52,5324.425
2009-11,472.328,810.918,4114.217,3959.797,8438.582,8364.37,5122.283,94.438,14348.675,3750.306,603.272,1664.043,6024.305,771.323,6055.775,4966.103,593.789,1117.366,1225.951,3980.137,12097.783,15213.6,8860.703,739.595,430.855,5614.221,18638.331,8602.261,359.999,408.532,3740.563,5479.248
2009-12,482.248,846.183,4185.204,3738.112,8424.987,8500.763,5284.788,94.874,13906.818,3818.859,630.79,1729.963,6116.086,776.372,6201.519,5026.2,614.573,1181.201,1239.125,4011.056,12549.385,15197.221,9299.148,776.443,466.728,5499.093,18471.153,8743.586,390.719,438.487,3817.617,5623.493
2010-01,461.501,795.254,3892.341,3560.185,8208.715,7571.292,4895.375,86.681,14341.675,3661.752,593.285,1633.76,5755.28,793.992,5743.16,4592.467,582.027,1205.079,1134.27,4087.202,12104.573,15000.264,8613.898,735.37,446.422,4854.573,18011.608,8451.469,365.392,415.191,3683.695,5352.885
2010-02,467.551,799.462,4025.421,3430.902,8099.381,7915.699,5178.393,88.582,14157.704,3714.83,593.665,1639.853,5641.322,774.801,5611.608,4490.3,589.887,1161.001,1070.885,4133.048,11554.213,14983.601,8176.222,732.873,444.037,4503.938,18528.796,8610.591,351.986,433.259,3797.381,5275.539
2010-03,497.86,857.394,4361.508,3692.362,8340.856,8493.268,5609.732,93.38,15292.216,3946.96,639.583,1772.373,6011.035,872.481,5960.418,4896.504,644.403,1299.603,1148.865,4341.961,12425.58,16252.575,8704.543,811.964,485.534,4662.122,19898.789,9129.719,375.754,496.61,4024.789,5590.273
2010-04,498.957,875.172,4337.051,3704.94,8049.865,8417.684,5692.582,93.069,16182.418,3949.718,654.701,1794.242,5855.895,795.51,5659.038,4811.345,656.5,1378.892,1069.965,4335.305,12379.534,16559.888,8857.274,821.639,512.965,4439.296,20964.206,8698.084,385.317,484.105,4089.279,5527.43
2010-05,452.092,802.005,3612.909,3100.576,7439.19,7535.198,5303.15,88.081,14340.548,3575.137,598.589,1637.2,5155.623,694.43,4942.523,4310.233,604.061,1274.592,915.672,3984.734,10888.933,14322.17,7408.322,761.452,444.678,3713.558,18068.93,7768.38,347.495,471.056,3759.572,4926.28
2010-06,438.323,815.745,3534.749,2884.694,7316.167,7201.536,5029.586,89.2,14470.841,3453.891,606.808,1625.457,5118.959,646.427,4870.798,4301.581,629.974,1357.388,908.134,3904.897,10814.348,14300.998,7183.788,734.57,448.777,3709.299,18587.334,8100.148,340.851,488.301,3559.653,4816.459
2010-07,474.128,863.697,3965.549,3409.631,8077.79,8190.63,5391.622,93.097,15960.469,3734.816,641.471,1761.969,5715.766,725.37,5476.071,4710.04,634.549,1443.199,1051.872,4044.011,12004.676,16062.562,8463.531,827.036,482.717,4528.796,20759.69,8489.78,373.503,518.169,3808.436,5400.988
2010-08,457.742,854.156,3844.4,3255.557,7773.874,7928.139,5288.658,90.535,15199.048,3596.902,632.399,1728.343,5506.362,696.172,5144.943,4430.814,625.42,1403.883,973.538,3951.722,11122.24,15226.875,8033.282,803.282,470.258,4282.405,19556.434,8701.422,368.852,566.835,3639.268,5294.325
2010-09,501.694,950.953,4371.686,3705.106,8753.084,8768.671,5702.259,98.772,17028.002,3933.681,703.658,1920.647,6112.05,818.037,5890.153,5018.006,727.244,1600.509,1089.373,4134.97,12583.327,17791.941,9297.129,921.073,526.012,4735.937,23179.523,9178.293,408.579,647.169,3970.138,5769.21
2010-10,519.928,975.955,4497.088,3961.318,9123.864,8896.439,5882.808,102.617,17607.854,4081.186,722.128,1976.583,6377.308,851.538,6189.739,5409.814,739.056,1647.045,1159.297,4219.316,12799.065,18159.21,9649.225,936.918,534.038,4961.457,23291.034,9387.579,419.761,659.241,4126.484,5996.792
2010-11,508.574,961.646,4341.481,3557.221,7997.302,8472.33,5945.569,100.176,16488.992,3994.994,708.333,1924.485,5895.421,773.15,5518.628,5134.99,690.789,1534.319,978.699,4308.06,11563.536,17190.288,8832.319,907.503,534.27,3955.092,22646.251,9048.902,426.373,661.733,4131.084,5702.253
2010-12,545.967,1014.813,4801.755,4139.292,8441.147,9079.946,6405.832,99.46,18230.718,4290.045,752.873,2062.042,6390.612,866.116,6001.033,5494.48,743.324,1590.157,1064.749,4636.532,12821.094,19154.113,10398.72,1042.051,593.45,4337.338,24901.827,9867.678,479.525,685.211,4407.359,6118.445
2011-01,554.659,1005.052,4692.206,4268.951,8603.987,8701.314,6434.461,98.943,18596.387,4387.97,742.366,2006.489,6643.795,904.985,6417.68,5735.089,646.247,1432.299,1183.234,4642.432,13380.825,19669.77,10206.928,914.753,609.143,4933.829,25784.132,9836.357,494.866,624.786,4513.031,6239.193
2011-02,571.038,966.321,4908.59,4335.711,8834.863,8961.495,6904.17,97.159,19523.313,4543.546,713.898,1988.074,6863.975,847.588,6641.868,5935.453,634.844,1518.373,1216.388,4854.246,13904.231,19777.47,10987.606,973.445,571.465,4976.232,25707.476,10204.618,451.433,660.94,4664.337,6508.574
2011-03,570.705,1027.143,5017.227,4388.263,8910.555,9320.331,6905.507,102.329,19992.412,4500.825,764.898,2105.275,6809.866,884.747,6635.67,5910.61,705.348,1665.064,1211.332,4411.504,14171.809,20259.679,11107.3,1022.633,638.309,4935.854,26275.972,10055.789,459.15,713.767,4669.889,6350.08
2011-04,594.383,1066.078,5306.796,4506.314,10017.706,9259.936,6989.742,103.991,20632.561,4694.884,794.041,2171.038,7365.091,950.556,7165.842,6581.84,697.986,1748.535,1313.884,4427.617,14678.61,21831.387,11870.161,1076.26,680.322,5331.549,28823.223,11044.438,489.63,762.218,4812.786,6799.623
2011-05,582.162,1051.97,5040.612,4367.089,9582.873,8972.195,6778.772,104.369,19654.693,4602.241,781.917,2114.956,7138.317,864.645,6936.63,6200.079,668.49,1762.597,1224.129,4355.607,13975.485,20854.172,11401.916,1020.286,656.814,5052.301,27948.344,11278.251,487.453,730.718,4760.617,6651.9
2011-06,573.215,1028.039,4988.903,4479.204,9184.355,8944.239,6589.677,100.543,18707.408,4531.208,765.389,2083.31,7003.759,824.339,6983.976,6323.503,680.308,1797.517,1189.266,4419.567,13573.856,19845.378,10990.455,1002.449,644.136,5038.755,26481.587,10787.455,467.052,700.329,4679.897,6460.386
2011-07,564.067,1040.728,4879.256,4189.109,8798.025,8559.456,6450.865,99.716,18052.518,4450.249,771.72,2075.475,6768.077,741.278,6422.742,6077.49,664.725,1929.078,1079.201,4576.233,12988.98,18892.1,10915.795,995.366,655.627,4675.283,25211.441,10759.79,472.04,781.352,4588.744,6464.751
2011-08,523.094,938.18,4665.053,3594.191,8255.928,8006.926,6223.584,90.424,15627.797,4138.562,691.434,1890.763,6090.823,712.51,5733.094,4948.345,582.619,1776.703,920.546,4204.379,11749.825,17035.558,10135.336,982.347,567.796,4274.398,22400.506,10047.081,429.452,723.813,4334.932,5992.636
2011-09,473.898,814.689,3983.987,2792.989,7433.85,6535.527,5348.256,75.219,14190.522,3782.757,603.99,1615.419,5423.759,609.142,4903.613,4363.471,544.651,1600.494,820.227,4137.917,10617.626,14812.53,8621.175,834.077,494.389,3926.247,19425.663,8902.479,384.355,599.934,4023.147,5466.267
2011-10,524.799,912.524,4661.796,2976.641,7836.573,7803.939,5908.688,86.624,15250.073,4175.103,676.833,1829.553,6080.598,696.468,5534.418,5066.173,591.289,1736.319,931.541,4127.734,12002.482,16944.533,10132.78,909.245,568.931,4273.986,22507.982,9652.033,410.679,674.553,4465.154,6125.252
2011-11,509.351,836.643,4349.964,2660.565,7637.464,7260.976,5751.249,79.347,15705.032,4075.56,619.546,1707.719,5808.448,651.563,5205.893,4853.421,496.886,1638.217,867.241,3945.686,11315.195,16278.381,9651.961,911.615,532.791,3929.445,21348.731,9114.624,371.837,653.17,4452.91,5959.914
2011-12,508.497,841.559,4283.507,2650.311,7600.03,7119.723,5627.019,81.316,15367.633,4074.834,623.711,1687.3,5719.401,597.634,5041.046,4535.545,467.064,1693.493,827.861,3978.698,11318.951,15877.403,9448.513,892.376,523.639,3853.255,21139.859,9270.919,382.899,668.74,4495.07,5964.3
2012-01,538.206,932.257,4661.378,2923.183,7899.339,8202.293,5963.589,90.119,16044.85,4280.521,690.16,1879.011,5989.071,640.924,5318.66,5020.185,565.039,1759.149,880.539,4158.578,11677.343,16733.021,9775.684,962.212,578.9,3905.074,22365.774,9507.227,417.34,724.04,4706.759,6174.878
2012-02,565.556,988.384,4803.932,3174.412,8625.072,8649.928,6177.206,95.992,18349.729,4491.979,729.999,1991.911,6370.805,693.256,5697.298,5441.888,592.267,1735.607,924.749,4368.571,12194.025,18696.304,11289.051,1030.502,607.709,3975.016,24765.273,10021.061,448.36,812.841,4914.136,6497.274
2012-03,569.589,957.391,4669.334,3086.684,9044.849,8102.933,5996.437,89.381,18167.982,4552.202,707.014,1925.642,6337.556,700.258,5660.478,5490.458,560.713,1762.283,901.517,4430.212,12307.997,18384.849,10870.872,992.692,604.571,3735.657,24269.623,10252.335,438.349,810.159,5071.5,6419.802
2012-04,563.444,957.831,4759.95,2963.47,8908.715,7604.055,6029.206,92.557,18754.911,4503.68,706.067,1903.164,6203.658,648.28,5326.625,5336.046,534.178,1752.612,825.519,4288.745,11818.647,18093.628,10634.308,1000.02,605.434,3278.387,23908.461,10160.988,420.04,839.341,5040.928,6502.209
2012-05,513.431,866.368,4144.731,2428.037,8174.473,6508.665,5384.137,82.849,16520.737,4119.206,639.214,1690.722,5455.374,539.166,4754.344,4622.301,472.234,1555.455,694.672,3905.998,10597.261,15555.355,9083.78,891.713,536.695,2720.729,20574.318,9097.232,398.935,742.585,4731.22,5756.929
2012-06,539.044,892.892,4434.882,2635.114,9134.765,6582.998,5542.459,84.681,17618.235,4331.155,655.774,1756.77,5890.824,556.222,5197.931,4846.039,507.249,1639.551,798.19,4107.103,11472.724,16762.196,9848.2,937.332,552.427,3292.968,22446.805,9671.036,396.849,766.181,4918.302,6165.557
2012-07,546.601,916.94,4765.156,2619.164,9207.01,6678.243,5666.178,85.896,18568.269,4388.036,669.651,1792.304,5958.232,560.332,5200.671,4968.237,505.102,1736.292,754.729,4009.035,11875.994,17614.767,10214.096,965.896,572.427,3068.932,23879.492,9883.185,401.912,785.851,4984.978,6237.719
2012-08,558.76,912.614,4775.354,2661.568,9760.103,6708.574,5909.868,83.204,19193.307,4501.501,665.256,1787.124,6221.64,592.551,5505.526,5226.642,510.793,1674.379,837.301,3980.037,12382.337,18043.222,10915.03,958.373,567.514,3473.648,23901.394,10107.262,413.82,790.254,5101.984,6448.75
2012-09,576.593,976.966,4901.245,2826.068,10061.425,6896.931,6131.751,88.684,19615.112,4627.184,713.879,1895.316,6407.057,615.285,5580.796,5521.383,585.512,1762.249,859.138,4075.554,12531.651,18646.263,11190.769,999.407,606.968,3672.058,24835.111,10423.563,443.654,852.41,5232.081,6600.807
2012-10,572.898,974.341,5030.961,3017.951,10000.566,6834.359,6112.338,93.751,19449.462,4597.231,710.924,1884.013,6500.929,632.75,5731.089,5613.171,563.296,1812.646,888.088,3999.211,12944.234,18414.382,11064.33,973.737,589.397,3785.736,24247.546,10697.346,416.537,837.739,5137.66,6642.806
2012-11,580.501,1001.275,5088.311,3182.879,10484.375,6630.517,6085.954,95.504,19777.301,4658.581,730.763,1908.071,6670.616,666.862,5973.93,5759.65,588.457,1751.709,906.696,4094.192,13352.832,18922.931,11134.335,965.374,604.991,3856.317,25018.835,11118.724,446.488,850.549,5171.124,6737.711
2012-12,593.931,1032.629,5238.898,3366.36,10695.101,7143.756,6183.942,100.102,20268.931,4748.699,756.2,2001.596,6859.245,696.218,6191.259,5991.387,588.35,1781.819,939.303,4311.472,13719.696,19589.267,11309.549,1061.995,636.099,4035.579,26088.252,11261.64,450.513,902.405,5220.28,6876.91
2013-01,621.463,1049.968,5527.471,3512.707,11025.837,7351.038,6299.33,104.23,22561.571,4992.061,764.419,2029.504,7262.017,744.06,6537.405,6318.302,617.828,1821.801,1023.075,4469.781,14820.781,21219.974,12059.611,1002.967,612.542,4314.121,28198.583,12234.31,451.592,955.14,5496.521,7143.172
2013-02,621.648,1049.002,5744.788,3437.174,11369.143,7168.351,6211.805,100.131,21871.921,5002.799,764.181,2004.298,7063.551,731.724,6316.556,6070.682,572.531,2005.629,894.258,4589.065,13847.035,21055.294,11569.791,982.575,643.184,4061.064,28551.888,12358.255,453.374,977.746,5567.152,6965.409
2013-03,633.311,1028.298,5715.347,3212.023,11645.619,7088.484,6249.642,95.558,21152.072,5122.563,746.417,1970.211,7053.358,717.286,6229.144,6007.33,573.333,2021.308,847.503,4816.015,14053.5,20848.868,11360.808,967.974,615.659,3819.814,28643.936,12576.43,449.578,993.723,5776.561,7048.242
2013-04,651.829,1046.461,5982.278,3417.934,11852.602,7221.436,6162.062,96.644,22016.059,5287.524,757.539,1985.833,7372.484,762.853,6606.377,6262.441,597.309,2062.629,948.852,5238.533,14575.924,21566.247,11787.658,965.819,600.909,4222.305,29348.347,13158.067,467.723,1026.17,5890.806,7265.402
2013-05,650.589,1033.351,5258.606,3386.546,11715.627,6708.94,6132.648,95.824,21146.946,5294.215,751.095,1935.82,7398.799,759.713,6763.658,6477.054,579.713,1982.269,964.891,4942.007,15029.204,21284.19,11762.629,914.143,603.732,4101.75,29097.352,12826.741,467.35,957.865,6014.938,7275.003
2013-06,631.838,974.717,4921.693,3124.984,11211.655,5869.047,5794.979,89.31,20346.904,5165.877,707.545,1813.503,7043.759,727.362,6444.531,6212.16,541.206,1889.54,859.224,5028.74,14488.782,19990.166,10798.478,896.972,554.37,3804.702,27133.763,12581.374,456.762,909.527,5934.743,6896.873
2013-07,662.288,993.177,5060.79,3368.168,12109.557,5779.914,6131.38,92.942,22043.067,5439.347,717.335,1833.432,7563.301,772.392,7032.069,6616.05,526.174,1764.103,947.868,5059.075,15917.577,21890.063,11704.825,918.85,574.849,4294.402,30129.354,13065.838,462.289,882.578,6246.996,7351.318
2013-08,648.768,978.534,5140.147,3503.679,11928.087,5659.611,6076.032,95.197,22160.721,5325.887,709.02,1802.664,7467.577,786.745,6875.041,6444.488,469.626,1493.917,956.073,4950.326,15735.666,21561.128,11500.162,907.06,596.645,4186.805,29240.85,12894.613,461.175,783.86,6074.659,7320.357
2013-09,682.529,1031.817,5511.716,3722.244,12740.52,6363.802,6318.274,100.248,23141.132,5594.336,746.348,1920.464,8005.653,920.758,7445.045,7003.022,512.788,1437.464,1029.344,5366.374,16641.934,23106.463,11789.414,976.905,637.047,4786.353,31258.317,13775.972,474.001,862.983,6275.865,7728.187
2013-10,710.114,1076.999,5818.516,3862.474,13358.627,6751.605,6529.593,102.766,23525.133,5814.649,782.322,2014.051,8348.773,981.062,7746.739,7403.06,566.933,1572.677,1152.495,5366.412,17436.118,23633.671,12618.127,1027.712,665.497,5227.969,31309.718,14128.499,495.104,918.434,6554.499,7998.861
2013-11,720.471,1078.849,5562.534,3959.059,13278.926,6303.165,6473.37,107.761,24632.08,5920.683,783.575,1984.758,8449.431,1015.895,7770.437,7717.892,547.698,1381.059,1131.487,5446.443,17686.166,24017.592,12290.306,988.888,673.805,5218.248,31653.99,14215.82,487.565,837.558,6741.446,8080.289
2013-12,733.149,1067.063,5466.261,3846.481,13775.507,6015.436,6581.97,104.065,25523.122,6048.181,773.64,1956.224,8639.704,1030.325,7903.561,7932.854,565.805,1370.242,1139.625,5490.527,18082.701,24772.474,12484.715,1000.567,662.713,5338.949,32878.186,14365.104,494.546,772.971,6922.497,8301.306
2014-01,703.986,1013.905,5169.844,3751.046,12941.688,5379.255,6314.128,97.094,26367.97,5825.527,736.851,1829.631,8306.884,951.79,7513.38,7546.498,544.323,1428.563,1145.6,5278.733,17039.027,23921.444,11681.957,899.993,626.51,5233.539,31575.842,14083.788,478.253,757.112,6687.485,7944.727
2014-02,738.346,1049.191,5571.06,3849.721,14127.346,5574.158,6596.228,99.643,30294.293,6120.254,761.138,1890.624,8916.243,1054.73,8149.171,8052.315,562.979,1574.603,1227.265,5250.681,18073.536,26154.586,12563.13,983.152,648.351,5466.672,33852.432,15078.514,486.413,791.026,7001.931,8503.006
2014-03,742.022,1059.816,5792.216,3740.996,14105.593,6187.771,6697.44,97.962,29730.568,6132.592,771.793,1949.083,8830.927,1032.981,8137.36,7911.951,611.99,1661.206,1305.899,5190.163,18278.763,26028.023,12757.101,1049.277,649.677,5595.268,33863.687,15102.104,499.999,830.84,7050.019,8233.285
2014-04,749.478,1067.567,5900.518,3757.964,14428.657,6429.449,6895.885,95.729,29931.103,6198.798,773.214,1956.339,9062.05,1062.835,8377.334,7992.44,605.221,1683.889,1327.017,5056.248,18004.344,26432.184,13387.995,1046.772,660.586,5761.625,34093.318,15376.244,505.941,865.974,7092.383,8606.558
2014-05,766.069,1110.876,5965.463,3744.715,14687.625,6317.362,6952.386,100.241,29588.303,6326.601,805.122,2025.07,9160.116,1090.549,8446.958,8142.406,663.173,1690.724,1316.212,5261.521,18225.195,26778.912,14108.569,1066.383,685.492,5906.143,34395.475,15554.068,525.87,838.295,7261.646,8677.097
2014-06,780.825,1137.193,5957.184,3733.225,14891.945,6661.597,7371.817,103.545,30707.36,6442.501,827.914,2079.79,9153.673,1091.154,8332.279,8090.115,689.509,1673.753,1309.386,5537.404,18399.929,26783.754,14137.536,1097.829,691.183,6007.292,33776.281,15469.038,551.808,895.385,7417.225,8732.42
2014-07,771.591,1180.901,6127.652,3307.826,14288.358,6786.841,7369.966,111.995,29969.164,6341.234,856.633,2121.713,8808.218,1083.702,7830.964,7569.166,697.868,1810.708,1239.085,5569.507,17423.688,26050.787,13603.589,1107.729,703.715,5819.238,32702.878,14853.57,553.919,910.521,7312.88,8622.08
2014-08,788.952,1189.429,6191.792,3233.77,14650.693,7537.731,7537.945,112.247,29586.065,6483.57,866.274,2170.375,8846.017,1088.105,7918.137,7501.41,715.783,1786.439,1211.192,5448.806,17792.218,26027.502,13865.445,1129.63,698.285,5741.208,32632.905,15181.277,575.338,960.602,7606.391,8655.101
2014-09,763.672,1119.709,5485.501,2930.274,14337.99,6089.708,7053.539,105.125,29541.476,6310.268,816.265,2009.951,8515.192,1059.709,7638.319,7186.816,705.639,1731.418,1197.039,5416.102,17546.682,25411.257,13097.968,1026.435,640.998,5562.164,31818.326,14789.009,535.19,964.533,7487.563,8204.187
2014-10,769.223,1141.598,5775.168,2951.903,14045.723,6121.461,6855.521,109.656,28834.264,6352.598,828.242,2033.883,8291.048,1054.71,7303.546,7041.36,733.53,1737.843,1127.24,5345.581,17167.739,24719.863,11812.318,1095.1,620.777,5343.638,31318.612,14679.287,548.578,959.624,7668.259,8011.825
2014-11,782.419,1145.148,5412.093,3030.077,14891.016,5834.515,6858.506,111.374,28949.548,6482.9,829.729,2012.492,8512.785,1088.005,7559.426,7489.688,745.271,1750.405,1128.706,5362.192,18124.167,24847.525,10535.43,1098.906,604.975,5504.071,32141.909,15168.916,556.364,972.291,7871.617,8074.483
2014-12,767.647,1121.617,5289.228,2716.07,14446.492,5188.98,6728.041,112.664,27247.48,6381.054,814.43,1920.693,8148.742,1038.482,7192.933,7158.714,700.858,1743.089,1036.938,5286.209,17505.578,23595.276,9835.588,1057.49,591.809,5106.834,30722.484,14460.185,544.263,903.102,7847.602,7857.156
2015-01,755.817,1149.771,5195.288,2500.873,15087.264,4855.853,6171.601,115.214,27764.364,6266.934,833.989,1932.363,8149.494,1049.855,7245.608,7290.431,756.524,1722.755,1037.084,5409.709,17528.354,24030.273,9955.071,1105.807,606.183,4779.409,31388.394,14557.745,549.863,933.871,7626.069,7777.693
2015-02,798.24,1171.642,5594.105,2910.463,15868.846,4995.097,6540.258,118.947,30116.567,6637.222,854.149,1992.428,8661.999,1094.15,7719.174,7733.638,770.583,1759.954,1123.934,5738.252,18699.669,25675.551,10625.177,1113.172,609.83,5121.081,33530.14,15225.913,570.008,940.757,8072.21,8266.271
2015-03,786.348,1176.621,5454.873,2802.681,15307.79,4432.813,6332.418,121.81,31792.19,6537.619,857.266,1964.494,8440.338,1067.273,7535.384,7757.259,738.675,1785.971,1107.818,5832.981,18369.793,25386.188,10067.079,1092.828,617.615,5078.792,32451.251,15203.031,565.751,925.217,7955.684,7782.902
2015-04,809.55,1261.83,5518.3,3093.399,15551.456,5179.283,6776.015,142.124,33587.331,6694.314,917.003,2116.086,8817.072,1054.262,7927.568,7748.067,690.368,1612.845,1153.681,6039.846,19140.821,26314.194,11251.288,1151.766,658.643,5256.599,33187.535,15857.137,591.306,927.096,8028.432,8321.683
2015-05,809.123,1228.969,5366.287,3008.321,15618.788,4571.427,6471.511,136.88,33325.082,6723.06,891.903,2031.755,8764.176,1058.499,7803.164,7560.541,709.902,1658.04,1169.675,6119.129,19325.841,26067.206,10884.539,1055.973,621.071,5088.712,32899.502,16067.81,590.215,891.545,8135.42,8312.629
2015-06,790.433,1184.28,5120.36,2897.09,15550.443,4743.794,6285.098,129.38,32547.955,6569.466,856.929,1980.535,8497.742,1033.873,7608.709,7363.981,711.989,1539.228,1141.443,6015.089,18924.916,25244.581,10458.235,1086.02,594.726,4980.651,31689.667,15409.428,572.694,894.673,7981.335,8016.29
2015-07,797.585,1109.741,5109.508,2997.067,15874.497,4164.727,6058.628,115.47,34533.736,6689.576,795.933,1844.464,8763.69,1072.923,7986.071,7561.907,724.631,1468.659,1188.649,6043.473,19742.165,25863.964,10145.062,1022.892,546.959,5167.657,32070.683,16094.179,532.554,825.988,8140.837,8155.13
2015-08,743.233,1001.094,4527.621,2763.466,14765.303,3576.011,5670.004,101.979,32750.952,6249.646,722.995,1678.28,8140.55,989.368,7424.914,6994.333,660.99,1343.155,1125.408,5692.458,18122.535,24150.607,8969.078,947.066,515.478,4795.656,30108.251,15000.554,491.257,778.362,7646.982,7549.688
2015-09,716.636,983.676,4337.436,2640.357,14330.232,3151.541,5406.462,100.045,31769.295,6021.954,712.184,1628.39,7761.706,976.753,7121.204,6562.031,664.001,1166.914,1092.771,5311.505,17259.524,23262.701,8464.77,884.693,524.53,4431.73,28786.65,14340.333,478.686,738.05,7444.467,7213.587
2015-10,773.071,1061.989,4590.653,2835.053,15730.097,3315.379,5636.934,109.129,31918.197,6500.91,767.508,1744.66,8318.047,1071.468,7719.77,7258.976,674.428,1351.22,1142.141,5847.609,18653.329,24303.897,9060.302,948.765,583.698,4748.328,30203.039,14976.133,505.365,777.398,8058.738,7739.221
2015-11,767.031,1026.122,4628.806,2871.141,16510.724,3211.296,5526.458,105.449,32915.825,6471.717,742.309,1676.723,8166.834,1071.816,7493.114,7259.722,642.22,1341.425,1106.058,5789.541,18300.962,24497.796,8981.022,884.589,563.219,4579.028,30198.602,14493.836,488.359,749.849,8086.848,7563.41
2015-12,753.521,1021.788,4772.239,2821.209,16322.121,3051.992,5140.819,104.075,33899.342,6360.575,737.314,1640.296,7957.859,1070.952,7249.268,7067.516,657.938,1410.458,1067.901,5809.488,17805.566,24304.674,8436.56,791.71,554.55,4320.722,29495.888,14633.224,484.568,692.486,7950.974,7266.841
2016-01,708.253,943.76,4365.285,2552.868,15909.316,2828.861,5015.176,90.838,32364.973,5981.674,683.52,1533.975,7434.435,1030.656,6919.705,6441.736,612.66,1433.805,923.122,5331.668,17308.235,22830.552,7985.447,762.16,523.526,3984.886,27165.563,13534.317,462.332,721.018,7528.367,6828.775
2016-02,703.775,935.081,4325.919,2522.264,14775.058,3006.463,5208.152,88.542,31610.24,5940.8,674.625,1531.634,7304.734,964.67,6847.82,6276.571,567.316,1521.431,875.07,5185.765,17050.563,22593.341,8128.038,764.623,511.354,3841.606,27511.663,13291.55,481.246,753.398,7512.496,6770.562
2016-03,756.416,1040.209,4874.335,2806.604,15928.812,3924.372,5731.439,99.08,33710.881,6348.295,751.847,1734.692,7768.865,1018.329,7264.571,6896.595,641.516,1569.772,943.358,5439.106,18406.076,24110.635,8590.211,902.111,583.441,4148.454,29541.343,13884.722,521.964,810.461,8027.008,7098.466
2016-04,768.028,1030.957,5013.699,2939.567,16191.353,4332.531,6119.819,98.884,34473.971,6452.777,742.327,1744.466,7971.684,1016.662,7407.088,6983.331,644.568,1553.226,970.451,5692.034,18452.207,24680.897,9266.893,940.391,580.846,4365.965,30195.038,14319.42,494.24,816.532,8066.671,7344.307
2016-05,769.647,1017.327,4893.695,2752.771,16543.49,3741.562,5911.283,98.153,35019.57,6494.943,733.454,1679.738,7940.239,1015.851,7430.927,6945.14,656.683,1496.652,936.56,5632.769,18689.387,24480.819,9038.44,851.984,553.598,4259.371,29481.932,14313.718,502.897,818.327,8214.231,7309.668
2016-06,765.393,1045.506,4900.073,2535.566,16376.124,4471.233,5938.156,99.361,33544.828,6425.28,755.137,1748.524,7590.856,1008.143,7007.909,6553.067,665.398,1639.665,852.124,5495.32,17525.275,23609.296,8858.407,917.566,576.378,3839.978,28178.91,14227.269,527.189,834.118,8235.481,7047.361
2016-07,798.609,1096.65,5300.082,2747.119,16634.237,4917.844,6142.21,102.842,35008.159,6698.466,792.042,1837.521,7909.547,1060.626,7398.806,7040.394,703.163,1734.44,888.539,5851.638,18371.691,24488.316,8816.548,998.738,611.577,4090.251,29227.153,14577.389,563.674,894.921,8548.023,7242.33
2016-08,801.684,1133.965,5162.588,2813.848,16519.609,4962.173,6164.205,110.422,32813.265,6707.42,824.238,1883.798,7933.987,1045.347,7361.269,7181.519,711.311,1759.879,894.95,5874.322,18923.035,24176.33,9030.265,922.107,631.014,4143.944,29682.585,14485.263,575.187,927.722,8560.956,7255.053
2016-09,806.945,1152.699,5289.454,2963.16,17199.104,4979.416,6237.171,113.235,31474.801,6746.077,835.466,1908.581,8004.402,1082.965,7458.295,7209.747,704.798,1796.114,872.029,5976.507,19142.271,24344.088,9421.773,976.241,639.629,4202.944,30286.008,14605.432,592.294,895.171,8570.215,7328.723
2016-10,793.442,1135.256,5177.068,3083.949,15725.35,5676.986,6185.108,111.043,29513.73,6617.258,823.496,1913.299,7744.603,1010.501,7411.211,7100.479,701.316,1795.761,886.877,6055.342,18698.613,23072.721,9355.425,966.609,616.279,4340.547,28738.759,13813.14,600.842,874.707,8407.798,6951.38
2016-11,799.861,1102.566,5195.728,3029.024,14914.919,5041.378,6335.137,109.715,27366.938,6716.017,796.08,1825.345,7577.596,980.708,7280.229,6837.868,649.02,1571.845,855.133,5909.31,18069.649,22511.338,9350.394,889.416,600.296,3972.38,28787.179,13473.906,586.993,861.674,8711.439,6975.637
2016-12,817.457,1080.66,5329.168,3155.971,15218.377,5089.057,6451.331,105.226,28738.353,6879.162,785.432,1830.638,7975.729,1035.321,7685.512,7314.576,648.512,1657.63,966.396,5967.906,18745.419,23557.222,9668.534,937.453,605.838,4300.163,30059.544,14041.62,579.487,879.536,8873.983,7264.233
2017-01,839.984,1147.684,5556.53,3327.938,15233.669,5636.079,6695.358,112.368,30015.123,7046.796,831.509,1930.908,8142.066,1028.388,7731.936,7542.93,676.731,1658.506,942.415,6190.0,19068.454,24608.322,10306.752,963.952,652.587,4420.032,31777.176,14605.03,608.202,912.462,9057.802,7357.992
2017-02,863.922,1186.59,5766.114,3327.296,15527.419,5884.228,6591.78,116.344,29876.118,7245.763,861.79,1990.165,8240.903,1063.432,7760.25,7596.975,716.692,1697.595,939.437,6259.571,19772.386,24625.531,10048.154,981.192,672.773,4442.94,31749.138,14831.328,636.605,918.67,9413.932,7506.416
2017-03,875.067,1225.528,5915.952,3442.887,16002.819,5619.897,6624.468,118.829,30626.399,7328.135,890.694,2040.902,8582.398,1115.051,8250.145,7938.006,759.54,1775.013,1026.772,6244.964,20873.411,25390.559,9813.843,980.175,708.214,4939.567,33060.146,15281.777,647.744,955.842,9427.218,7631.688
2017-04,889.109,1252.25,5874.544,3775.807,16537.281,5620.12,6487.564,121.998,33006.597,7440.26,909.868,2086.005,8895.484,1191.409,8699.626,8179.811,774.196,1834.124,1050.652,6310.514,21767.394,26770.996,9835.551,1034.155,715.305,5168.382,34640.983,15865.895,661.048,956.974,9529.124,7790.307
2017-05,909.529,1306.833,5643.742,4138.194,17448.913,5338.972,6475.502,128.448,35058.138,7604.861,951.194,2148.112,9345.565,1282.992,9171.885,8575.772,787.794,1880.923,1111.481,6501.026,22903.666,28102.028,10366.68,1055.161,773.11,5409.891,35758.944,16749.056,677.041,968.845,9659.082,8151.408
2017-06,914.042,1328.422,5808.641,4202.176,16886.992,5248.471,6678.852,131.492,35338.724,7637.015,968.524,2171.195,9246.181,1275.014,9063.59,8487.699,781.627,1930.393,1125.209,6571.267,22555.001,28218.877,10282.324,1015.755,780.896,5339.128,36050.863,16720.287,705.991,980.035,9719.6,7993.433
2017-07,939.919,1400.418,6066.937,4577.999,18321.9,5823.846,6946.032,143.254,36917.692,7822.147,1023.411,2302.362,9522.93,1303.543,9320.29,8642.565,841.846,1934.429,1210.842,6704.272,24097.315,29107.318,11513.708,1084.994,805.747,5589.858,36340.023,16865.772,728.079,1006.968,9917.617,8199.652
2017-08,943.98,1419.575,6055.438,4649.773,18100.974,6193.296,6958.598,149.335,38246.245,7837.108,1038.011,2354.577,9530.009,1303.429,9418.755,8663.563,835.53,1925.469,1233.021,6701.167,24085.776,29681.302,11794.578,1127.662,785.715,5524.463,36894.414,16721.677,740.493,1052.627,9950.135,8137.59
2017-09,962.57,1418.079,5992.859,4740.319,18452.05,6455.811,7220.082,150.905,38108.923,8016.091,1037.929,2345.749,9845.983,1317.038,9826.55,9144.789,804.707,1910.401,1281.105,6840.849,24665.225,30229.88,12264.383,1056.16,802.091,5571.306,38028.361,17054.647,715.853,1084.094,10153.05,8407.5
2017-10,982.78,1484.998,6078.007,4839.165,18753.163,6243.936,7208.888,156.903,38657.579,8169.601,1092.911,2428.129,9893.424,1285.406,9973.917,9284.839,864.029,1912.237,1263.201,7156.356,24881.23,30248.474,12385.925,1081.948,869.495,5580.469,37953.664,16767.546,761.266,1110.853,10385.544,8458.651
2017-11,1002.254,1494.44,6109.622,4964.827,18387.653,6050.352,7257.1,159.349,38054.117,8350.802,1094.191,2433.136,9917.079,1287.657,9999.981,9396.097,857.941,1904.764,1271.547,7370.641,24705.89,29617.859,12167.697,1178.803,869.541,5546.701,36716.305,17125.287,735.995,1130.784,10701.685,8469.356
2017-12,1018.75,1535.395,6403.236,5016.718,18228.571,6335.02,7541.878,162.4,38967.614,8466.345,1125.246,2521.743,10068.229,1283.417,9983.405,9398.764,899.845,2068.613,1252.062,7423.497,24883.399,29869.278,12531.544,1282.843,895.435,5490.328,36613.494,17358.144,744.701,1186.809,10817.693,8889.679
2018-01,1076.436,1651.615,6592.425,5561.629,19220.201,7402.263,7615.521,182.681,40183.813,8915.278,1215.473,2732.109,10613.197,1371.373,10684.296,9955.979,930.824,2130.819,1399.048,7763.784,26461.318,31458.394,13278.105,1318.742,928.518,5984.132,38856.356,18100.466,801.277,1287.575,11438.549,9160.252
2018-02,1031.645,1569.551,6365.025,5246.34,18421.911,7257.43,7060.116,170.982,39079.33,8549.699,1150.539,2606.495,9991.359,1409.82,10166.318,9242.25,868.417,2066.059,1316.35,7647.305,25125.309,30528.859,13039.297,1315.54,869.679,5504.631,36763.213,16951.299,777.056,1317.507,11018.81,8575.636
2018-03,1010.179,1546.061,6010.971,5131.292,18324.374,7124.697,6999.683,165.354,38551.265,8368.879,1135.046,2558.701,9881.141,1394.29,10022.23,9068.209,837.277,1921.539,1320.223,7496.345,25129.714,29999.542,12827.13,1231.271,892.078,5399.776,35932.721,16678.7,787.075,1294.122,10749.935,8546.429
2018-04,1020.396,1557.131,6157.983,5056.578,17774.049,6841.304,7175.418,165.319,37753.156,8470.213,1136.172,2547.855,10171.369,1462.316,10507.82,9263.103,871.735,1835.098,1394.75,7546.384,25534.285,30034.332,13177.787,1217.122,916.597,5558.721,35598.156,16692.697,751.1,1291.406,10793.112,8959.333
2018-05,1022.55,1536.785,6246.546,4696.852,16855.467,5721.713,7320.536,168.402,36774.25,8531.327,1121.144,2458.184,9858.436,1439.3,10142.22,8974.962,840.404,1820.981,1238.708,7472.966,24714.998,29463.953,13014.9,1135.461,868.579,5042.898,34974.349,16155.454,749.874,1227.964,11056.293,8885.139
2018-06,1017.42,1463.985,6327.37,4598.291,17357.231,5246.213,7341.637,159.662,35878.31,8530.354,1069.735,2357.686,9795.634,1424.549,10054.396,8763.201,832.225,1687.276,1230.981,7286.203,24739.751,29202.601,13208.19,1086.602,811.012,5178.326,34805.208,16308.783,739.342,1101.064,11131.375,8799.628
2018-07,1048.433,1477.447,6467.956,4833.455,17733.891,5867.129,7522.41,155.786,37943.986,8798.941,1078.18,2411.556,10122.701,1441.195,10420.453,9140.177,886.434,1734.055,1271.187,7315.389,25754.374,30435.997,13321.522,1141.79,798.542,5379.019,36695.75,17372.607,780.45,1186.91,11530.98,8876.614
2018-08,1057.14,1462.729,6354.113,4477.967,16897.442,5204.967,7415.535,149.887,38129.643,8911.933,1069.612,2347.057,9841.512,1478.281,10214.29,8863.739,894.981,1748.076,1150.578,7331.991,25256.382,30390.512,13212.252,1028.085,813.466,5061.01,36172.518,17483.06,789.653,1213.769,11912.821,8505.503
2018-09,1062.174,1442.764,6269.898,4615.821,16460.538,5570.087,7413.238,147.811,36746.388,8965.288,1051.744,2335.379,9878.243,1470.087,10342.889,8713.287,813.503,1720.662,1178.42,7564.143,24388.163,30683.733,14113.783,1008.217,817.013,5059.541,37247.666,17498.921,792.226,1252.14,11967.295,8654.536
2018-10,982.809,1286.273,5794.799,4325.072,14537.723,6563.269,6838.696,130.86,33153.762,8309.11,936.896,2132.205,9125.32,1330.761,9374.155,7977.568,756.743,1667.667,1067.95,6924.835,22493.381,27751.654,13013.24,898.361,699.861,4718.333,33540.35,16808.807,698.774,1161.197,11136.457,8070.122
2018-11,997.649,1354.611,5831.097,4141.541,14843.834,6435.226,6862.077,140.451,34299.637,8407.845,985.229,2220.226,9042.121,1264.105,9210.1,7815.072,835.215,1872.338,1076.581,6952.557,23126.012,27426.966,12341.563,977.385,723.371,4807.418,33083.932,16848.986,693.596,1157.683,11353.427,7936.724
2018-12,927.784,1318.631,5645.901,3659.61,13466.051,6325.537,6293.2,131.951,33168.983,7771.71,954.679,2162.749,8626.034,1255.071,8795.746,7364.898,834.112,1888.566,1039.556,6489.834,21710.52,26547.307,11577.387,970.944,712.19,4629.03,32007.172,15934.825,683.924,1124.44,10330.721,7636.319
2019-01,1001.327,1415.064,6052.779,3985.71,14795.326,7449.545,7117.495,146.544,34310.944,8379.029,1024.61,2352.28,9196.379,1358.783,9311.229,7858.78,818.042,2050.731,1129.88,6885.786,23285.778,28034.413,12322.489,1090.117,785.659,4936.001,33845.889,16918.913,695.687,1233.614,11180.301,8177.576
2019-02,1028.564,1444.656,6256.705,4095.915,15174.115,7118.498,7318.178,151.602,36311.667,8635.203,1041.816,2357.784,9506.575,1377.811,9696.958,7995.759,818.3,1957.004,1168.591,6884.003,24393.769,28837.425,12625.885,1031.914,771.002,5038.064,34414.278,17629.68,728.738,1228.345,11554.586,8456.44
2019-03,1042.139,1469.598,6291.348,3972.819,15653.916,6845.549,7274.739,155.296,37556.187,8754.489,1060.924,2378.031,9574.722,1360.301,9744.596,7880.215,893.821,1969.193,1192.45,6934.226,24670.556,29043.794,12408.199,1015.194,747.611,4957.236,34548.769,18092.906,745.375,1209.054,11768.215,8546.136
2019-04,1077.879,1497.643,6367.055,4232.413,16214.433,6794.58,7500.529,158.759,37442.665,9069.951,1080.183,2428.542,9931.961,1360.19,10207.585,8428.706,898.831,1985.976,1218.471,7030.478,26131.783,29844.808,12666.582,1097.016,750.641,5175.951,36646.046,18444.674,774.933,1233.664,12240.112,8738.815
2019-05,1014.838,1370.216,6413.344,3784.071,14976.377,6911.816,7203.966,138.036,36126.639,8554.772,985.46,2253.09,9409.912,1298.885,9632.42,7915.295,900.777,1933.99,1124.187,6752.487,24559.939,27972.615,12173.133,1019.462,680.833,4862.713,33237.159,18420.935,714.633,1207.388,11466.228,8215.278
2019-06,1081.763,1461.376,6754.58,4022.034,15943.691,7338.842,7646.147,149.207,38179.871,9122.09,1048.899,2395.537,10045.285,1372.187,10457.143,8497.324,898.306,2041.064,1235.59,7006.853,26167.355,30010.607,12782.374,1084.139,741.135,5101.41,36428.841,19716.169,753.716,1322.949,12271.574,8625.403
2019-07,1085.305,1436.569,6796.869,3990.706,16910.332,7527.341,7605.552,148.457,37192.353,9169.816,1033.134,2368.229,9852.352,1360.571,10210.84,8201.342,851.467,2070.178,1219.524,7016.703,26396.985,29033.563,12370.648,1054.134,695.343,4887.285,34751.33,19583.326,781.292,1289.16,12461.153,8469.931
2019-08,1060.055,1374.037,6504.168,3788.864,16052.712,6833.988,7520.769,142.255,38130.125,8986.644,994.535,2253.439,9606.08,1314.888,10036.95,7959.305,826.571,1992.891,1202.494,6946.023,26139.652,28437.585,11932.333,960.628,660.394,4717.455,33290.621,19638.258,765.101,1257.003,12244.446,8074.957
2019-09,1082.847,1397.267,6662.556,3902.108,16498.238,7005.929,7695.862,142.238,37836.474,9182.168,1014.596,2297.199,9869.18,1348.851,10286.112,8154.584,852.001,1935.532,1237.322,7237.605,26823.106,29104.846,12358.96,949.291,708.149,4909.696,34683.167,19773.019,797.944,1244.994,12462.251,8411.644
2019-10,1112.762,1460.874,6778.92,4165.255,15677.882,7450.851,7683.822,147.98,39280.337,9418.381,1060.157,2394.31,10187.42,1347.774,10657.639,8636.994,888.851,1990.476,1293.986,7588.889,27142.426,30296.14,12293.948,979.687,740.595,5025.637,37135.174,20136.265,862.909,1226.152,12733.556,8647.763
2019-11,1140.402,1464.487,6847.393,4087.811,15907.71,7124.124,7876.315,150.619,40879.434,9685.175,1065.786,2391.173,10341.982,1323.364,10842.498,8793.11,883.86,1934.153,1302.247,7631.641,27776.977,30631.536,12091.164,979.914,729.515,5004.267,37443.748,20384.139,876.14,1223.458,13212.258,8796.918
2019-12,1181.036,1562.78,6952.817,4215.951,16351.848,8011.669,8086.611,163.17,42787.985,9979.034,1142.286,2571.142,10746.984,1390.666,11166.432,8961.409,897.297,2071.494,1337.804,7792.581,28815.414,32194.939,12919.749,1074.905,805.515,5216.124,39319.825,21282.533,941.663,1234.804,13599.625,9250.074
2020-01,1168.287,1493.281,6959.086,3953.527,15778.498,7413.44,8058.205,155.333,43539.392,9921.109,1091.038,2451.389,10478.185,1406.626,10791.289,8686.431,890.21,2015.146,1310.322,7686.649,27958.643,31835.614,12077.949,980.137,762.764,5074.192,38284.879,21451.061,897.446,1129.107,13626.248,8899.672
2020-02,1074.377,1450.454,6195.187,3524.513,13142.407,6451.48,7473.451,156.843,40866.906,9086.788,1059.868,2322.259,9507.956,1301.092,9833.748,7889.482,825.471,1775.556,1222.466,6984.221,25745.67,29639.228,10732.172,853.416,706.57,4702.837,35881.169,19748.374,880.515,991.277,12515.095,7838.39
2020-03,929.983,1275.924,4642.609,2408.043,11031.543,3989.442,5873.457,146.502,39474.105,7890.181,935.928,1965.162,8143.471,1127.26,8098.535,6546.222,618.0,1254.521,947.027,6496.734,22870.44,26371.104,8621.415,641.696,625.086,3665.504,30922.823,18916.568,762.736,818.807,10927.735,6586.813
2020-04,1030.078,1390.336,5352.45,2772.334,11763.862,4205.477,6603.99,155.755,42770.485,8756.465,1021.839,2145.501,8637.277,1238.935,8456.644,7188.772,717.775,1408.018,964.583,6846.789,24853.673,28670.39,9541.066,726.534,676.16,3721.233,33464.361,19894.409,870.427,950.862,12365.16,6925.468
2020-05,1075.501,1374.377,5596.849,2829.629,11876.986,4563.95,6821.778,155.021,45947.412,9185.249,1018.976,2162.436,9039.292,1352.755,8889.615,7829.428,698.024,1455.124,1021.909,7252.315,26671.435,30847.145,10067.031,740.958,691.277,3880.858,35995.149,20467.494,848.485,992.927,13008.361,6999.048
2020-06,1110.334,1490.161,5986.967,2909.493,12499.08,4901.629,7073.833,169.018,46931.536,9432.107,1103.592,2322.513,9411.069,1371.921,9433.057,8323.826,745.58,1560.24,1102.728,7252.997,28565.61,31560.839,9918.872,818.125,747.735,4048.707,37227.771,21093.39,926.949,1013.433,13305.193,7100.171
2020-07,1169.501,1617.982,6255.331,2882.609,13145.015,5599.524,7502.489,185.074,51260.554,9886.493,1211.299,2532.135,9775.977,1470.623,9704.985,8744.272,823.809,1629.085,1144.872,7137.835,29801.75,34450.148,10867.023,866.884,801.818,4059.425,40827.273,21953.169,1081.047,984.44,14095.015,7200.057
2020-08,1241.522,1675.815,6606.241,3040.223,13348.137,5102.022,7907.481,195.59,53490.226,10550.972,1250.545,2588.733,10179.924,1593.922,10168.299,9307.618,852.857,1670.862,1186.002,7681.439,30637.991,36366.478,11682.104,856.248,818.373,4126.194,42979.263,22504.07,1063.093,962.949,15153.279,7455.685
2020-09,1201.951,1650.986,6157.076,2771.663,12753.556,4741.676,7524.661,190.258,54158.411,10191.079,1236.804,2547.815,9842.335,1535.499,9710.133,9023.639,858.26,1454.126,1119.218,7766.677,30270.5,35970.732,10748.416,848.691,844.035,3896.905,42665.3,22170.05,1085.489,871.536,14587.965,7084.234
2020-10,1173.026,1697.239,6158.363,2758.972,11992.638,4621.681,7279.964,200.324,52669.683,9881.076,1277.663,2600.7,9288.8,1418.494,9244.931,8100.14,868.509,1580.461,1042.016,7642.717,29549.897,34330.921,9983.569,853.311,849.453,3740.792,40727.933,20937.23,1099.633,851.314,14208.39,6726.634
2020-11,1318.051,1833.691,7137.29,3643.59,14768.153,5718.863,8288.375,205.881,57720.125,11148.6,1373.359,2841.391,10870.652,1649.803,11364.427,9490.01,943.689,1814.084,1321.903,8597.871,33714.068,39276.111,12124.754,944.29,1001.337,4845.74,47414.331,22884.004,1209.879,1063.191,15852.247,7855.954
2020-12,1379.732,1959.125,7569.63,4099.029,15114.266,6499.858,8589.02,211.579,61768.97,11625.199,1470.894,3051.617,11383.8,1692.215,11691.78,10063.174,1039.927,1917.027,1370.374,8954.357,35856.191,41059.6,12807.604,1037.065,1169.669,4980.6,48921.119,24002.999,1337.395,1093.6,16506.004,8285.221
2021-01,1373.79,2039.606,7572.812,4191.927,14756.997,5991.415,8502.413,227.158,59460.827,11512.425,1535.094,3145.973,11220.352,1726.009,11334.553,9878.725,1015.784,1864.104,1317.583,8864.805,36736.394,41068.917,12817.444,1065.199,1185.439,4754.54,50010.182,23511.451,1424.663,1094.49,16352.894,8265.408
2021-02,1406.021,2065.124,7774.601,4364.38,14595.458,5613.248,8979.655,224.807,59317.224,11811.31,1549.475,3170.208,11496.518,1704.823,11899.206,10083.647,1069.294,1890.925,1392.689,8999.644,38142.921,41638.163,13384.494,1096.267,1188.019,5003.056,51425.939,22966.301,1490.188,1114.554,16779.964,8562.934
2021-03,1444.322,2013.049,7830.378,4479.533,14731.61,5854.245,9430.366,210.679,60049.167,12211.116,1503.559,3123.11,11863.26,1677.563,12217.102,10496.104,1093.771,1773.004,1458.405,9106.885,39876.345,43096.089,14257.189,1164.539,1191.126,5029.214,54543.818,23621.93,1483.919,1141.874,17411.232,8798.737
2021-04,1508.068,2063.123,8216.68,4663.212,15757.996,6232.036,9852.15,213.615,64203.305,12784.973,1539.891,3201.29,12418.198,1793.95,12977.993,10871.068,1083.787,1772.064,1465.983,8968.245,41973.31,45443.266,14791.889,1163.219,1226.369,5305.119,56916.377,24690.264,1598.338,1131.091,18358.842,9184.444
2021-05,1532.348,2088.544,8483.605,5261.072,16471.44,6832.667,10392.86,215.286,66797.102,12976.578,1559.214,3276.27,12953.614,1865.87,13630.698,11231.973,1178.239,1795.333,1563.349,9109.031,42964.951,47253.721,15313.552,1246.507,1231.622,5604.666,59207.263,25933.774,1579.233,1124.892,18447.106,9553.46
2021-06,1553.045,2086.734,8371.378,5014.01,16158.296,7196.786,10394.453,215.567,67923.575,13174.251,1561.174,3283.023,12781.38,1866.776,13383.637,11037.368,1170.424,1687.492,1516.106,9084.274,42824.743,46952.706,15002.799,1148.879,1249.194,5301.391,57949.932,26461.709,1590.136,1087.115,18960.703,9324.344
2021-07,1564.196,1931.359,8261.041,5133.211,15839.295,6757.195,10388.672,185.795,71214.655,13413.45,1435.498,3064.004,13019.544,1977.477,13612.95,11050.796,1181.415,1654.968,1528.608,8969.379,44784.489,49046.663,14727.072,1129.337,1178.712,5207.569,60754.976,27352.547,1557.64,1012.056,19409.049,9409.198
2021-08,1603.834,1976.13,8383.05,5423.237,15966.213,6605.792,10413.784,185.806,73872.476,13751.461,1473.912,3145.169,13217.264,1985.044,13701.144,11198.253,1310.851,1786.357,1548.657,9245.332,47866.218,49497.812,15171.534,1138.302,1160.44,5291.39,60022.193,27687.883,1629.652,1129.113,19981.838,9489.762
2021-09,1538.267,1894.132,8120.208,5538.279,15248.007,5746.795,10148.524,176.489,69756.743,13186.527,1413.3,3021.283,12594.811,1808.945,13159.249,10570.853,1319.126,1847.651,1502.715,9511.214,44288.372,46900.599,15805.827,1086.097,1084.638,5130.509,56716.889,25602.322,1563.488,1049.39,19038.379,9297.393
2021-10,1617.18,1919.95,8438.639,5602.145,15729.756,5227.633,10927.24,182.06,74464.12,13936.992,1431.334,3051.526,13166.921,1829.484,13745.543,10798.67,1309.004,2002.197,1582.848,9191.414,47284.889,49412.954,16371.168,1085.288,1059.688,5333.533,60040.164,27201.119,1573.484,1080.582,20366.286,9670.417
2021-11,1578.729,1845.75,7888.74,5445.352,14626.429,5152.433,10397.079,171.19,69983.815,13636.233,1379.391,2927.417,12490.113,1738.244,13165.986,10094.124,1269.504,1945.808,1482.522,8965.292,44531.338,46432.729,14992.728,1036.691,1011.26,4761.054,56495.033,26803.266,1608.12,1015.96,20161.22,9152.555
2021-12,1642.385,1871.711,8293.932,5831.012,15544.656,5382.71,10896.572,165.795,73812.19,14223.137,1400.26,2983.766,13315.491,1863.182,14099.171,10657.284,1317.165,1967.349,1591.054,9136.838,45858.269,49396.662,15810.405,1081.49,1077.053,5063.954,60428.182,28886.808,1696.02,1081.309,20958.031,9820.616
2022-01,1562.03,1813.708,7567.447,5706.227,14767.89,6084.399,10809.0,160.905,65464.81,13473.435,1351.497,2927.511,12707.701,1745.444,13565.616,10263.798,1299.243,1979.211,1551.978,8673.421,40526.605,44825.79,15803.025,1155.29,967.772,4986.0,54301.741,26633.599,1662.694,1083.538,19771.407,9908.641
2022-02,1522.155,1771.402,8011.129,4848.435,14658.262,6370.653,10831.608,154.63,66326.244,13137.034,1319.932,2840.359,12350.195,1626.089,12960.737,9562.334,1247.64,2087.902,1476.853,8577.047,38526.005,43082.475,16470.617,1209.141,975.459,4908.183,49908.546,26507.063,1620.359,1142.003,19192.166,9986.611
2022-03,1556.022,1722.877,8897.241,4666.102,14780.224,7318.906,11415.165,142.267,69378.66,13505.741,1279.174,2777.192,12352.151,1652.492,12881.454,9291.031,1293.358,2162.161,1432.997,8547.917,37891.278,44597.753,17433.1,1303.401,975.234,4855.864,51283.262,27134.324,1585.307,1127.259,19866.929,10000.42
2022-04,1432.057,1633.995,8374.935,4363.582,13980.591,6315.555,10587.227,136.459,67162.225,12389.189,1214.23,2623.127,11658.042,1583.611,12070.089,8537.619,1271.887,2243.357,1335.833,7795.352,34080.449,42160.993,16260.499,1138.547,913.531,4738.114,47561.114,25905.215,1429.804,1074.956,18065.869,9631.106
2022-05,1434.751,1641.83,8283.999,4585.478,13679.934,6847.899,10746.573,138.085,64535.884,12408.09,1219.315,2635.333,11770.622,1604.856,12313.79,8856.49,1198.666,2170.873,1385.892,7923.86,34358.145,41741.754,16978.343,1151.92,930.475,4967.849,47321.95,25071.934,1481.567,1100.719,18026.301,9797.012
2022-06,1314.398,1569.551,7288.595,3899.0,12908.827,5537.074,9636.149,147.242,61105.984,11337.724,1161.45,2462.385,10602.17,1482.27,11041.867,7663.396,1118.486,1971.383,1187.328,7300.272,30744.728,37445.65,14977.55,1005.512,772.106,4457.652,40525.543,23303.716,1274.669,1008.341,16534.169,8953.159
2022-07,1406.65,1551.882,7766.289,3960.202,12903.628,5843.329,10113.86,133.339,66004.956,12241.14,1147.77,2458.399,11128.528,1534.868,11754.149,7843.871,1223.401,2034.281,1218.74,7716.427,33956.451,40684.442,15881.073,1008.799,816.981,4391.115,45115.762,24398.699,1316.907,988.905,18076.357,9287.539
2022-08,1355.413,1552.231,7687.177,3591.604,11950.988,6223.987,9709.826,133.642,60923.445,11734.161,1152.331,2469.584,10436.307,1502.979,11008.206,7344.132,1274.29,2140.323,1162.136,7519.747,30527.258,37681.619,15687.921,968.304,789.91,4206.113,40587.393,23069.097,1301.18,1045.141,17368.286,8764.022
2022-09,1226.229,1354.684,6798.883,3310.149,11199.821,6017.927,8890.801,114.205,53650.428,10648.163,1000.405,2181.297,9530.718,1376.667,10068.016,6699.046,1194.002,2125.195,1087.898,6751.457,27468.327,33540.629,12708.958,884.94,646.029,3832.846,36963.934,21558.483,1095.84,980.056,15757.494,7989.42
2022-10,1300.542,1272.172,7155.798,3672.846,12114.216,6536.978,9478.15,95.008,58864.007,11415.734,941.896,2113.859,10215.08,1434.916,11021.53,7325.268,1225.086,2133.139,1210.982,6951.606,29076.288,36220.367,14179.24,912.531,699.926,4206.055,39533.92,22223.6,1039.784,991.497,17008.384,8471.149
2022-11,1402.013,1511.553,8026.984,4323.249,13281.681,6351.338,10058.328,123.24,66022.234,12215.106,1118.177,2427.707,11376.602,1595.852,12325.057,8348.49,1289.125,2146.183,1377.842,7624.783,34123.138,40221.359,15135.158,1091.473,804.528,4607.029,43907.458,23972.269,1270.752,1096.699,17933.754,9383.167
2022-12,1347.4,1509.45,7868.048,4338.56,13741.402,6169.1,9570.731,129.655,70627.142,11700.992,1109.615,2394.898,11381.358,1602.047,12312.989,8352.992,1218.543,2050.576,1377.467,7646.991,33246.272,41090.147,14906.446,1048.586,765.341,4719.88,43721.361,23803.747,1202.007,1137.996,16879.298,9346.157
2023-01,1444.316,1633.515,8709.838,4750.928,14331.197,6600.02,10440.93,144.929,71802.364,12532.085,1205.444,2584.23,12370.688,1629.953,13702.377,9389.353,1182.423,2119.142,1560.122,8122.298,38132.812,42597.238,14569.748,1097.824,860.128,5251.091,46964.567,25259.589,1354.343,1180.788,17989.883,9954.648
2023-02,1403.429,1522.247,8138.43,4923.095,14261.225,5992.656,9990.336,129.893,73689.732,12235.686,1122.74,2416.856,12295.579,1595.297,13687.243,9219.487,1128.784,2098.74,1569.45,7810.938,36931.199,43282.334,14555.48,1009.428,800.039,5391.384,47992.788,24402.447,1339.026,1072.138,17560.423,9979.468
2023-03,1447.675,1575.693,8088.604,4449.832,14605.743,5978.355,10005.861,135.76,79765.598,12622.66,1163.543,2491.096,12603.325,1603.398,14121.864,9588.018,1141.947,2183.717,1582.346,8134.945,38791.255,44459.814,13877.64,1044.39,839.231,5461.153,48092.141,25519.82,1380.135,1119.497,18184.144,9917.271
2023-04,1469.17,1543.082,8105.024,4694.764,14805.377,6181.838,10310.127,128.761,83010.689,12850.379,1136.258,2463.339,13146.628,1611.189,14797.346,9923.949,1189.709,2329.326,1658.018,8164.772,38318.446,46058.373,14100.926,1055.655,831.456,5629.009,50242.615,27212.48,1321.695,1082.129,18414.905,10444.349
2023-05,1454.482,1515.113,7718.363,4333.379,13276.113,6222.702,9751.617,117.922,79572.435,12731.908,1124.516,2422.676,12400.345,1473.712,13741.833,9423.403,1224.924,2257.649,1550.829,8317.25,38647.156,42979.524,13051.775,908.358,871.396,5310.773,46047.989,25997.889,1418.712,1049.545,18534.694,9758.534
2023-06,1539.573,1557.655,8114.054,4725.561,13792.266,7222.281,10397.252,122.663,81093.089,13506.744,1156.111,2516.963,12998.12,1483.28,14658.626,9925.993,1283.126,2253.064,1723.318,8659.434,40453.23,44211.218,13893.757,995.166,877.123,5784.983,47754.904,26676.287,1446.715,1028.396,19770.619,10134.939
2023-07,1596.392,1654.211,8438.347,4978.813,14844.774,7576.46,10741.091,135.984,81754.392,13963.886,1229.151,2675.364,13398.973,1483.898,14981.492,10230.639,1321.896,2284.236,1833.026,8920.976,41567.74,44949.674,15109.053,1121.052,934.143,5910.532,48491.691,27636.142,1460.5,1111.21,20451.177,10483.571
2023-08,1552.417,1548.522,8074.526,4795.801,14379.903,6952.589,10298.357,123.809,85550.334,13636.081,1153.667,2511.333,12869.159,1470.627,14400.769,9735.714,1297.43,2252.853,1761.744,8705.282,38019.746,44350.411,14814.302,983.254,863.172,5735.78,45147.582,26659.241,1395.926,1081.055,20106.455,10063.431
2023-09,1488.774,1507.496,7844.119,4730.69,13768.934,6969.972,9999.016,120.416,83102.107,13052.604,1124.199,2446.667,12360.11,1403.141,13642.028,9160.828,1319.894,2177.65,1691.594,8533.911,34992.563,43759.45,15544.855,951.477,819.521,5565.962,45094.078,25260.773,1344.003,982.897,19163.672,9979.285
2023-10,1444.344,1449.309,7440.333,4688.451,13289.206,6710.323,9441.686,115.285,83392.45,12676.97,1079.824,2351.872,11900.453,1356.325,13125.061,8753.314,1280.936,1997.787,1670.792,8149.659,34571.73,42439.554,14757.344,935.116,762.271,5346.941,42406.041,24098.187,1321.692,951.581,18722.685,9563.7
2023-11,1578.339,1550.162,8174.229,5112.564,14264.951,7669.501,10429.738,118.194,89904.708,13871.961,1161.951,2540.487,13077.659,1473.266,14382.085,9918.591,1367.093,2131.653,1854.166,8847.415,39204.802,46841.514,15409.971,1007.173,886.126,6150.575,48805.778,26319.848,1495.669,964.406,20488.088,10203.444
2023-12,1654.705,1605.149,9042.141,5184.291,14664.366,8228.27,11143.831,115.347,93315.671,14557.826,1200.255,2640.736,13732.552,1535.794,15055.952,10355.393,1477.964,2221.967,1911.805,9235.479,41954.069,50109.582,16097.689,1072.638,945.884,6269.113,54721.255,27818.388,1578.622,1021.228,21453.38,10665.307
2024-01,1664.763,1517.771,8900.379,5224.801,14334.394,7743.989,11064.189,103.108,98010.101,14735.889,1137.688,2518.362,13718.359,1530.521,15068.104,10256.415,1513.744,2185.81,1918.75,9662.072,44500.375,50066.741,15175.43,1011.351,851.393,6180.146,52450.784,27733.36,1560.419,940.289,21787.56,10522.797
2024-02,1736.815,1603.021,8850.736,4830.519,14309.717,7763.871,11142.758,111.763,101512.833,15366.382,1204.515,2638.61,13934.03,1476.072,15466.695,10686.076,1555.726,2256.466,2030.197,9952.337,46751.425,51381.779,14714.994,954.504,914.63,6100.114,55006.568,27123.253,1645.478,947.252,22956.655,10525.671
2024-03,1792.307,1644.378,9115.554,5209.787,14919.165,7625.504,11609.896,112.821,107612.824,15868.89,1241.401,2705.131,14472.536,1485.862,15950.732,11095.711,1568.408,2280.587,2176.832,10266.421,48449.711,53037.418,15023.185,1000.605,962.738,6789.034,55630.925,27575.471,1776.184,938.447,23686.847,10996.654
2024-04,1733.939,1665.017,8772.577,5370.233,14838.645,7316.47,11221.094,120.268,107101.345,15286.592,1253.049,2717.814,14221.75,1521.758,15518.414,10696.747,1604.777,2085.936,2119.233,9768.023,46609.381,52670.069,15137.931,1030.809,907.503,6631.685,54395.545,26408.844,1735.546,927.119,22709.095,11204.511
2024-05,1805.457,1691.343,9084.349,5890.834,15404.01,6949.465,11610.015,123.173,112215.148,15979.455,1271.094,2733.961,14937.713,1605.765,16035.239,11207.788,1617.03,1957.539,2225.971,9900.239,49399.589,55798.24,16530.381,1030.611,874.85,7022.41,58135.466,28568.966,1827.575,912.517,23793.786,11606.635
2024-06,1846.32,1764.354,9267.257,5679.858,15143.967,6699.758,11383.91,120.904,115678.107,16309.887,1335.038,2843.533,14605.461,1536.725,14840.354,11012.032,1730.835,2003.42,2117.422,9831.362,50944.326,55766.737,16152.112,1125.976,952.516,6697.317,56993.687,28580.409,2046.246,894.133,24644.686,11403.496
2024-07,1876.606,1763.361,9421.796,5922.436,16194.691,6786.234,11946.328,119.42,110989.42,16601.012,1332.465,2853.98,14921.538,1552.08,15196.669,11223.469,1800.168,2080.511,2196.271,10401.495,48444.269,54936.025,16149.14,1184.337,947.873,6900.721,57345.713,29955.482,1962.241,946.164,24954.022,11882.4
2024-08,1924.907,1798.248,9827.394,6187.072,16701.191,7247.827,12436.209,120.625,115429.527,17045.47,1354.57,2901.014,15511.675,1638.711,15773.836,11755.359,1820.022,2285.955,2303.942,10454.602,49382.716,57306.457,16578.287,1226.807,926.92,7240.766,59972.568,31384.738,2030.348,1034.346,25555.841,12277.863
2024-09,1970.353,1950.518,10337.033,6180.385,17455.069,7187.646,12773.582,149.486,103884.34,17364.012,1463.612,3095.952,15573.604,1662.243,15990.209,12193.339,1859.074,2311.103,2302.279,10408.959,48670.905,55560.779,16533.466,1309.246,899.894,7617.448,61783.201,31025.056,2062.316,1153.91,26105.67,12309.403
2024-10,1926.776,1863.554,9615.95,6089.472,16776.55,6794.325,12483.292,140.653,97739.634,17023.445,1398.882,2962.104,14659.156,1572.285,14971.347,11642.387,1716.889,2198.72,2253.871,10003.489,43193.517,51833.295,16143.421,1277.023,831.957,7326.455,56448.864,29321.733,2139.268,1109.188,25912.877,11633.81
2024-11,1999.475,1802.475,9947.947,5919.704,16339.721,6315.321,13317.474,134.42,94385.076,17810.635,1347.153,2855.949,14415.497,1483.745,14339.473,11615.316,1710.179,2025.124,2149.605,10069.635,42889.829,50230.126,16508.052,1220.224,784.29,7070.575,54829.985,28682.139,2043.384,1058.868,27534.738,11795.31
2024-12,1952.804,1805.902,9163.086,6246.773,16077.31,5803.264,12563.692,138.041,81573.151,17352.115,1351.004,2853.33,14066.293,1449.17,14363.245,11497.706,1661.411,1956.675,2156.37,10036.889,42650.66,46625.54,15681.797,1152.093,727.479,6932.485,53178.982,27535.618,2132.167,1037.81,26834.015,11470.344
2025-01,2018.787,1819.709,9629.618,6390.86,16427.635,6525.513,12923.323,139.356,80267.089,17968.35,1361.234,2904.902,15036.78,1547.218,15523.895,12572.941,1602.778,1937.263,2328.575,10194.005,44894.4,49033.563,16940.108,1213.314,773.268,7490.195,58374.546,29780.469,2202.944,1003.309,27650.963,12068.35
2025-02,2007.191,1838.882,9224.894,6814.55,17140.813,6215.98,12968.95,155.748,84671.039,17844.251,1370.54,2919.51,15591.556,1613.581,15854.254,13076.189,1474.656,1630.266,2468.199,10056.144,44766.421,51500.555,17095.881,1219.875,771.665,8208.854,61617.859,30813.321,2106.359,917.153,27215.41,12495.445
2025-03,1928.98,1840.019,8924.145,7069.858,17052.438,6622.724,12727.197,158.836,72069.811,17059.749,1370.274,2939.101,15562.294,1657.367,15847.11,13295.244,1613.304,1740.878,2531.489,10087.422,43498.687,48771.568,18975.462,1312.472,765.183,8489.844,59858.355,30804.607,1864.297,897.098,25623.121,12583.256
2025-04,1947.837,1853.944,9528.297,7093.445,18234.313,6958.998,13288.86,152.09,72906.051,17219.32,1380.917,2978.61,16268.098,1761.355,16408.998,14297.79,1691.021,1817.532,2655.107,10615.204,45547.42,50316.986,18850.501,1364.416,801.003,9144.22,62426.312,32406.141,1909.868,962.241,25491.877,12917.305
2025-05,2061.073,1952.041,9931.138,8267.95,18788.267,6962.564,14062.448,156.287,77102.419,18250.358,1450.334,3106.884,17044.887,1845.978,16993.464,15184.086,1711.379,1993.071,2868.757,11045.714,49551.295,52629.55,19991.659,1432.347,863.809,9714.949,64646.932,33004.063,2149.382,930.505,27137.267,13489.751
2025-06,2154.502,2072.987,10271.696,8749.136,18907.356,7511.435,14559.344,162.147,77474.493,19044.007,1543.323,3297.605,17399.168,1918.934,17418.865,15539.494,1770.219,1894.53,2939.401,11236.701,51521.282,53857.329,20865.256,1495.399,1016.182,9950.724,66395.728,33301.285,2354.478,901.916,28533.321,13680.344
2025-07,2184.266,2127.565,10280.906,9124.834,19009.2,6997.013,14612.283,169.989,64797.539,19293.051,1582.645,3364.072,17092.041,1864.078,17219.54,15257.705,1681.677,1875.359,2979.451,11079.413,48430.161,49951.555,20005.265,1505.535,1056.977,10095.626,64170.519,32474.713,2486.828,1031.324,29186.247,13797.834
2025-08,2239.193,2155.061,10661.37,9405.115,20231.073,7722.788,15418.74,178.385,69580.584,19801.962,1597.82,3413.408,17682.386,1950.092,17460.355,15445.482,1644.551,1878.137,3138.174,11850.105,49941.369,52776.568,20667.445,1606.711,1037.205,10777.592,67659.728,33921.06,2466.853,1028.699,29759.289,14303.371
2025-09,2321.165,2302.521,10628.003,9547.98,20461.8,8145.582,16003.094,195.808,67430.775,20445.915,1717.343,3658.578,18035.976,2026.936,17979.168,15365.337,1652.871,1836.318,3187.817,12155.611,56513.869,53204.745,21040.728,1802.926,1146.546,11240.14,68942.167,33795.122,2699.534,1060.355,30851.464,14485.467
2025-10,2373.52,2406.199,10517.709,10062.336,20833.415,8200.682,16065.989,188.346,65234.632,20859.465,1802.223,3811.818,18173.05,2183.708,18152.027,15043.918,1725.741,1910.877,3168.751,12568.293,58157.068,53647.002,20138.463,1813.186,1406.266,11459.073,70175.856,33998.181,2965.181,1109.956,31584.303,14728.158
2025-11,2373.92,2338.036,10158.54,10426.915,21862.167,8833.621,16747.289,183.646,67496.72,20924.659,1744.04,3721.082,18444.139,2174.224,18274.279,15100.398,1741.173,1932.724,3243.66,12481.905,57059.987,54020.365,20274.313,1886.371,1295.468,11877.638,69942.753,35480.247,2816.691,1083.165,31593.687,14933.093
2025-12,2399.413,2402.286,10523.256,11258.779,22068.463,8730.394,17260.06,181.42,71068.573,21100.067,1796.034,3833.616,19165.797,2316.108,18600.55,15761.516,1732.744,1924.143,3395.37,12551.404,58548.183,56799.581,21313.192,2058.547,1460.493,12725.671,73191.005,37115.746,2981.533,1113.008,31596.953,15498.496
2026-01,2471.011,2599.414,11221.62,12112.808,23627.895,10196.856,17461.811,189.949,77275.571,21576.662,1944.793,4173.334,20020.108,2371.526,18823.598,16024.429,1644.59,1832.765,3495.147,13378.79,67276.614,60553.173,23496.884,2228.569,1871.098,13392.955,77780.195,38098.815,3314.346,1186.207,32005.474,16297.879
2026-02,2503.404,2752.418,12080.41,11507.589,23975.234,10598.879,18541.586,178.995,62923.976,21740.407,2066.368,4403.391,20678.221,2499.567,19788.396,16485.289,1668.356,1811.884,3592.78,14528.163,67582.922,59843.028,25626.884,2443.267,2284.319,13506.097,81217.2,40332.734,3737.083,1430.187,31723.781,17132.916
2026-03,2324.857,2375.222,10871.677,10869.107,21684.765,10403.901,17506.351,165.223,61197.162,20366.9,1769.957,3829.717,18651.892,2379.2,17604.654,14438.682,1419.31,1530.728,3285.392,12741.309,60153.067,55397.165,28067.282,1992.426,1704.107,12317.134,70650.153,35700.347,3254.307,1287.505,30168.968,15812.157
2026-04,2562.336,2762.428,11635.489,11774.197,23001.937,10829.17,18735.596,171.232,67032.328,22329.445,2079.739,4393.809,20005.904,2736.024,18676.808,15701.312,1549.425,1422.821,3608.68,13907.687,67012.582,59763.539,27901.958,2050.371,2355.578,13206.947,75300.903,38195.863,4107.639,1352.515,33335.842,16636.215
