date,NAV_1x_gross,NAV_2x_gross,NAV_3x_gross,NAV_1x_real,NAV_2x_real,NAV_3x_real
1976-01-31,1.112916,1.236228,1.370654,1.112872,1.233848,1.365888
1976-02-29,1.103270,1.213409,1.330434,1.103185,1.208833,1.321353
1976-03-31,1.140923,1.296002,1.465782,1.140783,1.288234,1.449889
1976-04-30,1.131809,1.274104,1.426651,1.131623,1.263878,1.405943
1976-05-31,1.118827,1.243871,1.374221,1.118598,1.231485,1.349483
1976-06-30,1.168380,1.355179,1.560497,1.168090,1.338825,1.526487
1976-07-31,1.162486,1.340893,1.534773,1.162150,1.322004,1.495753
1976-08-31,1.160270,1.334792,1.522607,1.159884,1.313172,1.478130
1976-09-30,1.190156,1.403194,1.638967,1.189710,1.377654,1.585213
1976-10-31,1.167427,1.348404,1.540984,1.166941,1.321151,1.484900
1976-11-30,1.161976,1.334340,1.514373,1.161446,1.304827,1.454099
1976-12-31,1.227115,1.487267,1.780480,1.226502,1.451275,1.703024
1977-01-31,1.168947,1.348678,1.535902,1.168314,1.313339,1.463600
1977-02-28,1.147171,1.298470,1.450218,1.146507,1.262106,1.377299
1977-03-31,1.135391,1.271096,1.403199,1.134682,1.232731,1.327226
1977-04-30,1.139493,1.279031,1.414255,1.138736,1.238015,1.332961
1977-05-31,1.116686,1.227564,1.328485,1.115897,1.185767,1.247464
1977-06-30,1.171823,1.351005,1.532512,1.170945,1.302224,1.433495
1977-07-31,1.156643,1.315444,1.471073,1.155733,1.265600,1.371400
1977-08-31,1.137023,1.270460,1.395051,1.136076,1.219583,1.295236
1977-09-30,1.138631,1.273465,1.399024,1.137636,1.219970,1.294109
1977-10-31,1.093630,1.173955,1.236958,1.092628,1.122335,1.139930
1977-11-30,1.127711,1.246532,1.350618,1.126631,1.189293,1.240078
1977-12-31,1.135622,1.263284,1.376624,1.134487,1.202815,1.259273
1978-01-31,1.070414,1.121368,1.149734,1.069300,1.065499,1.047791
1978-02-28,1.048125,1.074444,1.077258,1.046995,1.019022,0.978436
1978-03-31,1.079337,1.138667,1.174164,1.078125,1.077628,1.062326
1978-04-30,1.176394,1.350311,1.512405,1.175028,1.275462,1.363578
1978-05-31,1.186547,1.372229,1.546861,1.185116,1.293392,1.389232
1978-06-30,1.170810,1.334711,1.481596,1.169348,1.255335,1.325439
1978-07-31,1.238924,1.493240,1.751002,1.237327,1.401719,1.560963
1978-08-31,1.276616,1.583906,1.910064,1.274913,1.483511,1.695875
1978-09-30,1.272219,1.571524,1.885026,1.270471,1.469049,1.667730
1978-10-31,1.160786,1.305520,1.422688,1.159141,1.217757,1.253735
1978-11-30,1.185361,1.357178,1.501107,1.183631,1.263361,1.317946
1978-12-31,1.208057,1.407307,1.581105,1.206247,1.307481,1.383293
1979-01-31,1.261709,1.533529,1.795793,1.259764,1.421712,1.565054
1979-02-28,1.220446,1.433696,1.621315,1.218518,1.326693,1.408227
1979-03-31,1.293609,1.609439,1.926070,1.291509,1.486149,1.666482
1979-04-30,1.301070,1.627010,1.955815,1.298907,1.499453,1.686246
1979-05-31,1.272689,1.555368,1.825528,1.270517,1.430354,1.567784
1979-06-30,1.327680,1.691701,2.068946,1.325360,1.552565,1.770285
1979-07-31,1.345168,1.735329,2.147218,1.342761,1.589356,1.830458
1979-08-31,1.423151,1.941354,2.538783,1.420539,1.774092,2.155536
1979-09-30,1.428606,1.953862,2.558645,1.425930,1.782223,2.165112
1979-10-31,1.337077,1.707034,2.081102,1.334512,1.553575,1.753802
1979-11-30,1.400364,1.869564,2.379836,1.397620,1.698032,1.998162
1979-12-31,1.429780,1.948010,2.529390,1.426922,1.765846,2.116254
1980-01-31,1.518977,2.194447,3.015636,1.515874,1.985004,2.513356
1980-02-29,1.518320,2.188389,2.994603,1.515159,1.975673,2.487006
1980-03-31,1.370084,1.773608,2.169378,1.367174,1.597905,1.794872
1980-04-30,1.433217,1.935646,2.463666,1.430113,1.740342,2.030840
1980-05-31,1.506820,2.136304,2.850013,1.503495,1.916849,2.340660
1980-06-30,1.554160,2.269529,3.114344,1.550665,2.032241,2.548306
1980-07-31,1.662473,2.593358,3.796487,1.658663,2.317273,3.094509
1980-08-31,1.678989,2.640627,3.890781,1.675071,2.354694,3.159621
1980-09-30,1.728142,2.790035,4.208680,1.724038,2.482854,3.405149
1980-10-31,1.763353,2.898524,4.441913,1.759084,2.573638,3.579290
1980-11-30,1.950170,3.536713,5.965681,1.945380,3.134856,4.792104
1980-12-31,1.891719,3.317916,5.396051,1.886990,2.934607,4.317611
1981-01-31,1.812217,3.039962,4.720682,1.807612,2.683249,3.763123
1981-02-28,1.843019,3.139309,4.942399,1.838266,2.765825,3.926675
1981-03-31,1.917305,3.390546,5.530689,1.912277,2.980802,4.377080
1981-04-30,1.879679,3.256076,5.198460,1.874671,2.856725,4.098849
1981-05-31,1.883762,3.267198,5.217787,1.878669,2.860906,4.099561
1981-06-30,1.872033,3.223429,5.105636,1.866891,2.816537,3.995848
1981-07-31,1.876038,3.233642,5.121342,1.870802,2.819416,3.992574
1981-08-31,1.766884,2.862983,4.254402,1.761880,2.491109,3.304301
1981-09-30,1.679471,2.579608,3.623636,1.674644,2.239934,2.803880
1981-10-31,1.770452,2.860784,4.219116,1.765287,2.478794,3.252052
1981-11-30,1.843064,3.095598,4.738479,1.837614,2.677057,3.639545
1981-12-31,1.796011,2.936896,4.372796,1.790623,2.534364,3.345577
1982-01-31,1.772475,2.853218,4.171384,1.767086,2.457358,3.180177
1982-02-28,1.672508,2.535545,3.484218,1.667360,2.179698,2.647296
1982-03-31,1.664690,2.507400,3.417161,1.659491,2.150678,2.585794
1982-04-30,1.739695,2.735019,3.885641,1.734190,2.341143,2.929460
1982-05-31,1.679316,2.546318,3.486091,1.673935,2.175361,2.618899
1982-06-30,1.654184,2.467030,3.317199,1.648812,2.103108,2.482318
1982-07-31,1.624578,2.377248,3.133281,1.619234,2.022423,2.335970
1982-08-31,1.822915,2.974873,4.347486,1.816840,2.525484,3.228788
1982-09-30,1.845380,3.042237,4.481949,1.839153,2.577402,3.316323
1982-10-31,2.058055,3.760744,6.103836,2.051026,3.179680,4.499885
1982-11-30,2.140937,4.048098,6.763278,2.133536,3.415666,4.967625
1982-12-31,2.182922,4.198026,7.116160,2.175281,3.534603,5.206555
1983-01-31,2.264238,4.501780,7.863434,2.256218,3.782636,5.732057
1983-02-28,2.315435,4.698684,8.361029,2.307147,3.940804,6.074389
1983-03-31,2.402017,5.048738,9.290869,2.393311,4.224953,6.722644
1983-04-30,2.591149,5.866744,11.613460,2.581655,4.900007,8.373863
1983-05-31,2.568024,5.756225,11.268389,2.558508,4.797870,8.094878
1983-06-30,2.660722,6.170813,12.481680,2.650746,5.132462,8.931802
1983-07-31,2.588645,5.827608,11.415594,2.578837,4.837549,8.139930
1983-08-31,2.628234,5.998944,11.898020,2.618157,4.968652,8.449536
1983-09-30,2.664214,6.157874,12.354727,2.653888,5.089881,8.741397
1983-10-31,2.632972,6.007599,11.885300,2.622658,4.955514,8.378021
1983-11-30,2.688409,6.258018,12.620396,2.677767,5.151554,8.863302
1983-12-31,2.674254,6.189021,12.402406,2.663557,5.084345,8.677886
1984-01-31,2.659074,6.114176,12.163964,2.648327,5.012593,8.479463
1984-02-29,2.564985,5.677651,10.851664,2.554517,4.645627,7.537787
1984-03-31,2.609978,5.870636,11.386567,2.599213,4.793270,7.878684
1984-04-30,2.633806,5.972143,11.665100,2.622839,4.866670,8.042936
1984-05-31,2.487538,5.322323,9.800286,2.477071,4.327806,6.730718
1984-06-30,2.541082,5.544693,10.395116,2.530285,4.499433,7.112837
1984-07-31,2.509409,5.402649,9.985188,2.498642,4.375200,6.806962
1984-08-31,2.787603,6.646714,13.565351,2.775516,5.370740,9.210517
1984-09-30,2.787224,6.638712,13.522058,2.775034,5.354359,9.150310
1984-10-31,2.798548,6.684321,13.636204,2.786181,5.379089,9.190096
1984-11-30,2.766608,6.525991,13.134623,2.754268,5.240936,8.819174
1984-12-31,2.838806,6.863085,14.141279,2.826031,5.500955,9.461675
1985-01-31,3.060900,7.966092,17.641899,3.046994,6.371476,11.758483
1985-02-28,3.097128,8.149759,18.235497,3.082942,6.506345,12.113411
1985-03-31,3.099246,8.154410,18.229423,3.084921,6.496761,12.064475
1985-04-30,3.095968,8.133420,18.146523,3.081529,6.466800,11.965074
1985-05-31,3.275218,9.094861,21.430669,3.259802,7.215838,14.076035
1985-06-30,3.325758,9.370766,22.388422,3.309972,7.420298,14.653284
1985-07-31,3.321321,9.339031,22.250554,3.305413,7.379343,14.506470
1985-08-31,3.293381,9.176774,21.652589,3.277464,7.235606,14.061724
1985-09-30,3.189241,8.598208,19.612192,3.173706,6.766851,12.693681
1985-10-31,3.337649,9.408466,22.418436,3.321240,7.388031,14.451404
1985-11-30,3.566082,10.730292,27.267186,3.548410,8.409715,17.515541
1985-12-31,3.738632,11.779366,31.305064,3.719951,9.213139,20.035260
1986-01-31,3.759979,11.891021,31.657262,3.741027,9.280574,20.181993
1986-02-28,4.039846,13.712066,39.137469,4.019333,10.682212,24.867948
1986-03-31,4.264799,15.260864,45.859720,4.242975,11.865777,29.037157
1986-04-30,4.216894,14.883263,44.004993,4.195132,11.547388,27.754332
1986-05-31,4.441221,16.486473,51.200213,4.418118,12.765259,32.173531
1986-06-30,4.516296,17.021122,53.580588,4.492616,13.152350,33.544732
1986-07-31,4.263875,15.133865,44.748986,4.241333,11.668893,27.905864
1986-08-31,4.580175,17.440680,55.259194,4.555771,13.420268,34.333618
1986-09-30,4.200939,14.606789,42.058036,4.178381,11.216483,26.033248
1986-10-31,4.444927,16.336569,49.672777,4.420858,12.516848,30.622708
1986-11-30,4.551950,17.102604,53.065566,4.527130,13.079610,32.604909
1986-12-31,4.436064,16.222663,48.932285,4.411683,12.380043,29.948094
1987-01-31,5.033748,20.837731,70.978836,5.005875,15.869853,43.282992
1987-02-28,5.231281,22.473842,79.335960,5.202119,17.084392,48.217773
1987-03-31,5.382721,23.746587,85.912082,5.352481,18.013386,52.012399
1987-04-30,5.333982,23.220388,82.545843,5.303795,17.578200,49.788641
1987-05-31,5.378649,23.551978,84.003604,5.347997,17.794552,50.489054
1987-06-30,5.650297,25.963279,97.074556,5.617852,19.574607,58.120002
1987-07-31,5.937079,28.642152,112.341882,5.902730,21.548301,67.001264
1987-08-31,6.158042,30.759398,124.696793,6.122160,23.094053,74.095350
1987-09-30,6.022851,29.349943,115.790297,5.987508,21.990722,68.546967
1987-10-31,4.725146,16.387370,39.308389,4.697210,12.251158,23.172301
1987-11-30,4.334147,13.691870,29.701584,4.308351,10.215904,17.446298
1987-12-31,4.664824,15.752329,36.276393,4.636857,11.728270,21.226134
1988-01-31,4.867078,16.981681,39.986199,4.837708,12.619047,23.314416
1988-02-29,5.084511,18.496955,45.325480,5.053628,13.718415,26.334773
1988-03-31,4.930111,17.361222,41.109364,4.899942,12.847206,23.787739
1988-04-30,4.990199,17.723134,42.166745,4.959466,13.089524,24.313468
1988-05-31,5.020954,17.897506,42.632757,4.989824,13.191315,24.491038
1988-06-30,5.253758,19.549820,48.501447,5.220957,14.378437,27.754777
1988-07-31,5.239694,19.408521,47.841262,5.206774,14.246733,27.280212
1988-08-31,5.053832,18.030846,42.748609,5.021850,13.205754,24.276793
1988-09-30,5.270099,19.584013,48.305492,5.236531,14.314107,27.331394
1988-10-31,5.422470,20.699420,52.365005,5.387708,15.098543,29.518823
1988-11-30,5.335831,20.015779,49.688587,5.301403,14.570012,27.905961
1988-12-31,5.430134,20.716586,52.272294,5.394872,15.049396,29.248429
1989-01-31,5.832990,23.881392,64.604191,5.794872,17.313248,36.015926
1989-02-28,5.678554,22.606644,59.393794,5.641232,16.358716,32.999599
1989-03-31,5.814034,23.667249,63.496444,5.775570,17.089625,35.142433
1989-04-30,6.121454,26.211328,73.900903,6.080715,18.890018,40.757475
1989-05-31,6.354540,28.215506,82.407552,6.311975,20.291026,45.273357
1989-06-30,6.321838,27.885863,80.793300,6.279217,20.011030,44.213935
1989-07-31,6.897676,33.163407,104.623667,6.850903,23.752323,57.055438
1989-08-31,7.024186,34.343983,110.034928,6.976237,24.542935,59.763279
1989-09-30,6.995348,34.043809,108.505683,6.947320,24.281076,58.724435
1989-10-31,6.837774,32.330439,99.451696,6.790531,23.009568,53.614185
1989-11-30,6.969503,33.559522,105.041826,6.921062,23.835607,56.418384
1989-12-31,7.136717,35.156105,112.467015,7.086833,24.921114,60.193868
1990-01-31,6.664645,30.569352,90.786172,6.617771,21.623031,48.399341
1990-02-28,6.738800,31.221867,93.566793,6.691152,22.043810,49.714611
1990-03-31,6.922432,32.912678,101.113587,6.873186,23.187981,53.516484
1990-04-30,6.754415,31.304178,93.656341,6.706098,22.011730,49.393841
1990-05-31,7.397033,37.493617,122.520591,7.343800,26.307922,64.368743
1990-06-30,7.351095,36.979105,119.761793,7.297888,25.893870,62.685772
1990-07-31,7.332577,36.744957,118.392427,7.279201,25.677339,61.739091
1990-08-31,6.662667,30.158403,87.240888,6.613864,21.027095,45.306882
1990-09-30,6.339554,27.249676,74.702248,6.292880,18.963761,38.663907
1990-10-31,6.319455,26.956513,73.010345,6.272643,18.717744,37.634531
1990-11-30,6.719511,30.403713,87.138953,6.669458,21.068489,44.752177
1990-12-31,6.906469,32.093607,94.392234,6.854752,22.196366,48.306741
1991-01-31,7.216627,34.932065,106.698005,7.162275,24.107975,54.393411
1991-02-28,7.721619,39.896345,129.772646,7.663176,27.483475,65.936815
1991-03-31,7.913465,41.846619,139.123275,7.853259,28.771014,70.439012
1991-04-30,7.938108,42.021101,139.564827,7.877370,28.829162,70.388083
1991-05-31,8.267710,45.510247,156.925863,8.204093,31.156367,78.838124
1991-06-30,7.891841,41.417249,135.995367,7.830805,28.298874,68.079794
1991-07-31,8.268982,45.420393,155.926072,8.204672,30.967946,77.755862
1991-08-31,8.454623,47.387129,165.665023,8.388503,32.239873,82.292327
1991-09-30,8.313668,45.798500,157.291796,8.248323,31.098330,77.856382
1991-10-31,8.436408,47.107998,163.811819,8.369717,31.916045,80.755006
1991-11-30,8.086333,43.186752,143.310740,8.022090,29.202193,70.397247
1991-12-31,9.012244,53.535563,197.214812,8.940274,36.126700,96.522217
1992-01-31,8.855399,51.643752,186.612972,8.784298,34.775382,90.977751
1992-02-29,8.960405,52.827654,192.804275,8.888125,35.506917,93.681278
1992-03-31,8.787954,50.789987,181.628839,8.716685,34.064173,87.907586
1992-04-30,9.055870,53.844246,197.760991,8.982054,36.039059,95.361945
1992-05-31,9.085990,54.165818,199.330614,9.011571,36.183786,95.779512
1992-06-30,8.951821,52.538358,190.199022,8.878113,35.021411,91.036004
1992-07-31,9.328476,57.001450,214.656104,9.251264,37.915451,102.345154
1992-08-31,9.127095,54.546892,200.829877,9.051172,36.208498,95.396861
1992-09-30,9.232973,55.770845,207.353791,9.155788,36.945426,98.131143
1992-10-31,9.276709,56.247125,209.716507,9.198758,37.181239,98.864002
1992-11-30,9.579680,59.950465,230.589748,9.498806,39.552423,108.321946
1992-12-31,9.700565,61.444305,239.095781,9.618251,40.451346,111.882239
1993-01-31,9.791053,62.574078,245.591703,9.707586,41.115057,114.516651
1993-02-28,9.914744,64.090049,254.118535,9.829852,42.033408,118.095700
1993-03-31,10.125712,66.780286,269.888667,10.038556,43.700001,124.916561
1993-04-30,9.891565,63.663216,250.831545,9.806015,41.574948,115.664081
1993-05-31,10.138854,66.831558,269.458463,10.050768,43.559318,123.816117
1993-06-30,10.171293,67.221285,271.584910,10.082485,43.719611,124.308706
1993-07-31,10.140736,66.777477,268.655665,10.051776,43.342228,122.511775
1993-08-31,10.515181,71.779492,299.272434,10.422482,46.489453,135.946143
1993-09-30,10.433834,70.640175,291.971275,10.341420,45.658032,132.137232
1993-10-31,10.660162,73.714858,311.094178,10.565304,47.548225,140.271258
1993-11-30,10.546353,72.107495,300.711597,10.452072,46.416328,135.086248
1993-12-31,10.677916,73.897720,311.852948,10.581997,47.467048,139.548017
1994-01-31,11.049503,79.096781,345.117150,10.949791,50.703147,153.863271
1994-02-28,10.739249,74.638942,315.849206,10.641934,47.756851,140.340046
1994-03-31,10.273633,68.245576,275.770546,10.180073,43.568074,122.031599
1994-04-30,10.414462,70.034305,286.105592,10.319230,44.627474,126.180928
1994-05-31,10.568539,72.067535,298.317241,10.471462,45.829421,131.079760
1994-06-30,10.310783,68.540249,276.352003,10.215627,43.492862,120.955020
1994-07-31,10.659561,73.231402,305.053666,10.560768,46.379578,133.048132
1994-08-31,11.088436,79.198327,342.801345,10.985168,50.046791,148.907702
1994-09-30,10.815315,75.284291,317.320013,10.714144,47.476037,137.326027
1994-10-31,11.066487,78.730762,338.773633,10.962510,49.548262,146.068506
1994-11-30,10.654506,72.916433,301.560733,10.553958,45.795009,129.538691
1994-12-31,10.811584,75.029086,314.426437,10.709109,47.025738,134.565489
1995-01-31,11.100239,79.065770,339.991158,10.994570,49.454832,144.968996
1995-02-28,11.524410,85.183870,379.941462,11.414274,53.183553,161.463051
1995-03-31,11.868260,90.299273,414.376716,11.754302,56.251509,175.384678
1995-04-30,12.224109,95.770418,452.425678,12.106279,59.549815,190.849399
1995-05-31,12.696114,103.205137,505.360278,12.573186,64.035856,212.355230
1995-06-30,12.994341,108.035451,540.689779,12.867964,66.889796,226.321140
1995-07-31,13.432933,115.361880,595.919600,13.301764,71.287433,248.562501
1995-08-31,13.458278,115.773765,598.929357,13.326253,71.381958,248.803908
1995-09-30,14.024015,125.663384,676.900246,13.885890,77.329437,280.207215
1995-10-31,13.982740,124.863816,669.958204,13.844417,76.672952,276.255887
1995-11-30,14.584693,135.771527,759.016991,14.439815,83.201252,311.825547
1995-12-31,14.865556,140.934260,801.717292,14.717305,86.197288,328.207980
1996-01-31,15.380770,150.662557,884.290221,15.226717,91.950662,360.611778
1996-02-29,15.513928,153.089214,904.033323,15.357932,93.250045,367.362278
1996-03-31,15.665166,155.809445,925.698320,15.507003,94.713287,374.772522
1996-04-30,15.904540,160.448121,965.894055,15.743305,97.334096,389.598826
1996-05-31,16.298580,168.306867,1035.964929,16.132647,101.883516,416.244340
1996-06-30,16.363059,169.574421,1047.073331,16.195827,102.451206,419.222752
1996-07-31,15.645004,154.645700,908.549641,15.484433,93.230986,362.338769
1996-08-31,15.969888,160.956818,963.145588,15.805294,96.828500,382.624117
1996-09-30,16.864568,179.373606,1131.941379,16.690092,107.698895,448.105509
1996-10-31,17.337971,189.470759,1227.745199,17.157815,113.507533,484.065316
1996-11-30,18.639954,218.842046,1522.440031,18.445540,130.849978,598.158088
1996-12-31,18.269595,209.872991,1426.142937,18.078290,125.230353,558.239021
1997-01-31,19.422905,236.886476,1706.734541,19.218687,141.048387,665.497764
1997-02-28,19.565750,240.030666,1737.000856,19.359300,142.656532,675.028461
1997-03-31,18.760265,220.224621,1521.770320,18.561577,130.629525,589.283189
1997-04-30,19.890258,246.813291,1797.456902,19.678745,146.089292,693.354501
1997-05-31,21.087257,276.863479,2129.238675,20.862148,163.543122,818.314975
1997-06-30,22.035313,301.724205,2415.267205,21.799177,177.865744,924.820200
1997-07-31,23.791422,351.032905,3021.944008,23.535443,206.493327,1152.670616
1997-08-31,22.455028,311.922089,2521.616146,22.212500,183.109634,958.230434
1997-09-30,23.680861,346.028741,2935.376809,23.424119,202.718550,1111.354545
1997-10-31,22.898208,320.361823,2574.747975,22.648916,187.260199,970.829812
1997-11-30,23.948855,349.513658,2922.594905,23.687234,203.924300,1098.313754
1997-12-31,24.359843,360.808774,3055.260622,24.092681,210.064601,1143.717753
1998-01-31,24.638649,368.192564,3137.605546,24.367463,213.946803,1170.398839
1998-02-28,26.404746,422.430870,3849.957708,26.113141,245.012817,1431.355300
1998-03-31,27.758738,466.342023,4458.184597,27.450984,269.905412,1651.089356
1998-04-30,28.043767,475.196757,4574.583559,27.731698,274.468966,1687.922393
1998-05-31,27.547056,458.071813,4323.278079,27.239432,264.062101,1589.546294
1998-06-30,28.669466,495.123490,4843.092756,28.348073,284.812434,1773.784882
1998-07-31,28.370748,483.765920,4661.438446,28.051478,277.683011,1700.609256
1998-08-31,24.264658,350.265185,2824.961462,23.990589,200.635852,1026.695516
1998-09-30,25.812677,392.579114,3304.804756,25.520062,224.416536,1196.659841
1998-10-31,27.923497,457.094941,4121.154174,27.605753,260.741336,1486.514568
1998-11-30,29.607727,512.900105,4884.176911,29.269660,292.008388,1755.568761
1998-12-31,31.314084,571.855164,5722.144366,30.955186,324.879800,2048.832552
1999-01-31,32.630327,618.894225,6410.908357,32.255130,350.956104,2287.786067
1999-02-28,31.608215,578.716119,5766.747631,31.243590,327.563468,2050.964002
1999-03-31,32.872932,623.954706,6425.146414,32.492237,352.381722,2275.886834
1999-04-30,34.155332,671.768200,7148.777814,33.758382,378.612305,2522.863005
1999-05-31,33.335122,637.898323,6583.839810,32.946395,358.821661,2315.247808
1999-06-30,35.188028,709.101927,7689.370412,34.776180,398.024614,2693.582486
1999-07-31,34.094355,664.615532,6959.815214,33.693902,372.289640,2428.935214
1999-08-31,33.918094,655.980569,6797.022075,33.518247,366.665843,2362.894349
1999-09-30,32.984366,618.686894,6200.483160,32.594167,345.111771,2147.484933
1999-10-31,35.084652,696.625367,7355.419631,34.668165,387.797345,2538.110271
1999-11-30,35.789172,723.907699,7776.052739,35.362851,402.163205,2673.332642
1999-12-31,37.897997,810.810584,9201.992384,37.444925,449.482763,3151.362573
2000-01-31,36.002350,727.829500,7762.428197,35.570525,402.691652,2648.883758
2000-02-29,35.312184,698.034868,7256.334960,34.887251,385.453878,2467.403187
2000-03-31,38.768742,835.989623,9421.420161,38.300473,460.607277,3190.732717
2000-04-30,37.607320,780.200092,8386.639094,37.151676,429.070761,2830.679272
2000-05-31,36.821037,744.073825,7750.961900,36.373330,408.325318,2605.917331
2000-06-30,37.739914,779.853417,8287.880640,37.279409,427.046187,2775.639246
2000-07-31,37.156389,754.346256,7859.718075,36.701546,412.273467,2622.922555
2000-08-31,39.451652,849.545618,9379.200267,38.966939,463.269602,3117.388110
2000-09-30,37.374692,761.237307,7936.500817,36.914028,414.301734,2628.479079
2000-10-31,37.227866,751.133200,7715.663296,36.767407,407.926966,2545.392916
2000-11-30,34.280948,634.809443,5964.451175,33.855521,344.043626,1960.279813
2000-12-31,34.453332,637.851695,5960.406989,34.024416,345.019763,1952.025154
2001-01-31,35.682671,680.919741,6528.001520,35.236985,367.565402,2130.012148
2001-02-28,32.419589,560.636297,4858.062923,32.013447,302.070363,1579.726677
2001-03-31,30.373840,488.491473,3906.490825,29.992013,262.631753,1265.308345
2001-04-30,32.741701,563.539605,4789.163029,32.328829,302.394918,1545.774609
2001-05-31,32.944083,569.102937,4842.211957,32.527240,304.726957,1556.827477
2001-06-30,32.153248,541.287369,4481.346278,31.745087,289.239614,1435.442109
2001-07-31,31.842507,529.330264,4314.682419,31.436980,282.271800,1376.921084
2001-08-31,29.837460,463.725579,3525.929537,29.456120,246.730904,1120.600699
2001-09-30,27.423682,388.841961,2676.606431,27.072381,206.582397,848.370906
2001-10-31,27.957315,402.813065,2808.454975,27.597920,213.526838,886.552845
2001-11-30,30.093963,465.731039,3480.386362,29.705867,246.378121,1094.629957
2001-12-31,30.354995,472.997857,3552.628599,29.962344,249.735909,1113.408197
2002-01-31,29.916647,458.412238,3378.078249,29.528435,241.539737,1054.767198
2002-02-28,29.326985,439.379579,3157.505644,28.945333,231.082408,982.574610
2002-03-31,30.437344,472.339981,3508.991836,30.040052,247.935649,1088.115416
2002-04-30,28.603499,416.166755,2891.836085,28.228907,217.979624,893.224768
2002-05-31,28.380305,408.057169,2791.091559,28.007413,213.274118,858.750958
2002-06-30,26.357082,350.638750,2210.705235,26.009738,182.904624,677.748477
2002-07-31,24.312342,293.888495,1658.738578,23.990893,152.970760,506.522316
2002-08-31,24.468213,294.898786,1644.106700,24.143649,153.167977,500.100028
2002-09-30,21.807639,232.469189,1137.215560,21.517508,120.504715,344.669115
2002-10-31,23.733212,272.270919,1417.941306,23.416397,140.822859,428.020300
2002-11-30,25.122661,303.743652,1659.843738,24.786318,156.796992,499.284039
2002-12-31,23.642139,268.286725,1372.367335,23.324643,138.208995,411.265502
2003-01-31,23.028539,253.231510,1248.769253,22.718335,130.185936,372.831012
2003-02-28,22.669947,244.781068,1182.260232,22.363730,125.608533,351.785889
2003-03-31,22.895973,248.168973,1195.919169,22.585762,127.086947,354.529927
2003-04-30,24.789151,290.034651,1504.292887,24.452274,148.225106,444.310984
2003-05-31,26.088463,320.520289,1741.766046,25.732860,163.472056,512.556706
2003-06-30,26.419856,328.063610,1798.280407,26.058650,166.977884,527.227734
2003-07-31,26.887029,339.078362,1883.877365,26.518279,172.215403,550.182141
2003-08-31,27.405530,351.937743,1989.111078,27.028544,178.382124,578.766911
2003-09-30,27.114939,343.868644,1915.685572,26.740835,173.935810,555.331500
2003-10-31,28.647618,383.307890,2249.879022,28.251082,193.453315,649.579731
2003-11-30,28.887334,389.394675,2300.555667,28.486406,196.162351,661.984818
2003-12-31,30.396497,430.761108,2673.185094,29.973319,216.538999,766.241544
2004-01-31,30.959803,446.437380,2816.293436,30.527572,223.983477,804.418425
2004-02-29,31.374617,458.203030,2925.715609,30.935429,229.462161,832.874416
2004-03-31,30.906568,443.751862,2780.086279,30.472540,221.727369,788.196344
2004-04-30,30.428358,429.592789,2643.139317,29.999794,214.213433,746.584288
2004-05-31,30.836864,440.773622,2742.970112,30.401341,219.361638,772.051286
2004-06-30,31.434572,457.674725,2898.913501,30.989318,227.308470,812.926497
2004-07-31,30.399674,427.701240,2615.760503,29.967828,211.986570,730.790335
2004-08-31,30.515599,430.345244,2634.301259,30.080793,212.840750,733.112201
2004-09-30,30.845377,439.385054,2714.841823,30.404606,216.868238,752.728863
2004-10-31,31.322573,452.531580,2832.417727,30.873697,222.901395,782.422160
2004-11-30,32.576372,489.068792,3178.259459,32.108193,240.408123,874.719299
2004-12-31,33.681377,522.431460,3505.169759,33.195871,256.260125,960.961174
2005-01-31,32.873044,497.246654,3250.753672,32.397902,243.430945,888.052305
2005-02-28,33.536514,517.086947,3442.898844,33.050538,252.677002,937.396771
2005-03-31,32.944040,498.550139,3255.238575,32.465231,243.096757,882.851305
2005-04-30,32.328900,479.229886,3059.446809,31.857703,233.197812,826.664354
2005-05-31,33.345997,509.420669,3348.764844,32.858608,247.384069,901.497579
2005-06-30,33.391950,510.548500,3357.153539,32.902453,247.401322,900.246150
2005-07-31,34.640457,549.082902,3740.675625,34.131306,265.558566,999.567159
2005-08-31,34.306127,538.159846,3625.809011,33.800347,259.693029,964.933881
2005-09-30,34.594975,546.900766,3710.856789,34.083517,263.372386,983.909931
2005-10-31,34.032877,528.315845,3513.776941,33.528331,253.901816,928.191281
2005-11-30,35.282537,567.519744,3908.899107,34.758019,272.187519,1028.756804
2005-12-31,35.300689,567.858812,3909.877397,34.774452,271.793877,1025.199138
2006-01-31,36.250062,598.227052,4221.460334,35.708257,285.773418,1103.004111
2006-02-28,36.314915,599.980057,4235.903253,35.770793,286.081193,1103.064922
2006-03-31,36.776916,615.009850,4392.507103,36.224219,292.592427,1139.209131
2006-04-30,37.273569,631.362859,4564.878465,36.712025,299.818028,1179.949842
2006-05-31,36.178010,593.982103,4156.927901,35.631413,281.461614,1070.309304
2006-06-30,36.240280,594.791498,4152.548161,35.691185,281.242044,1065.027558
2006-07-31,36.478913,601.786517,4216.995931,35.924777,283.996300,1077.739539
2006-08-31,37.318114,629.502666,4508.558474,36.749555,296.412956,1147.589747
2006-09-30,38.290423,662.389051,4862.663234,37.705556,311.292907,1233.367641
2006-10-31,39.558541,706.672007,5354.761365,38.952605,331.395391,1352.931726
2006-11-30,40.269393,731.862519,5638.582654,39.650919,342.508688,1419.372659
2006-12-31,40.834309,752.272134,5872.962583,40.205564,351.376373,1473.161970
2007-01-31,41.466323,775.387569,6141.544376,40.826228,361.469799,1535.104383
2007-02-28,40.614006,742.679613,5743.053845,39.985558,345.580614,1430.665367
2007-03-31,41.084272,758.769854,5916.537487,40.446783,352.312869,1468.164379
2007-04-30,42.922662,827.714220,6735.167642,42.254975,383.580786,1665.440048
2007-05-31,44.386240,884.501804,7432.200977,43.693881,409.022967,1830.692962
2007-06-30,43.658266,854.459039,7041.007577,42.975470,394.321732,1727.886338
2007-07-31,42.323291,801.024621,6367.053893,41.659635,368.904938,1556.672485
2007-08-31,42.939636,820.261920,6546.280484,42.264387,376.920044,1593.995131
2007-09-30,44.537108,880.815504,7264.701695,43.835089,403.999785,1763.023626
2007-10-31,45.270275,908.503691,7590.313469,44.554667,415.768478,1834.577950
2007-11-30,43.344218,828.135027,6549.452082,42.657275,378.210603,1577.084922
2007-12-31,43.034209,814.395872,6364.241115,42.350498,371.211619,1527.064828
2008-01-31,40.470377,716.712254,5215.013121,39.825735,326.014627,1246.625993
2008-02-29,39.127965,667.729496,4665.757745,38.503175,303.140456,1111.365709
2008-03-31,38.961184,657.989973,4522.843736,38.337535,298.136974,1073.509027
2008-04-30,40.887671,722.636541,5184.095237,40.231432,326.730748,1225.707329
2008-05-31,41.394299,739.432265,5352.525099,40.728233,333.642523,1260.844033
2008-06-30,37.903538,617.793145,4065.529732,37.292080,278.182792,954.079061
2008-07-31,37.604855,605.383513,3917.249628,36.996600,272.010913,915.702117
2008-08-31,38.134643,620.440327,4043.668197,37.516256,278.207342,941.752357
2008-09-30,34.740983,501.959048,2825.386588,34.176196,224.614483,655.524323
2008-10-31,28.933578,328.832024,1373.248521,28.461892,146.807537,317.261697
2008-11-30,26.833538,272.625110,979.896469,26.395088,121.485846,225.605765
2008-12-31,27.119950,272.607266,947.266946,26.675656,121.217467,217.241049
2009-01-31,24.860817,226.288726,703.049216,24.452558,100.423680,160.654063
2009-02-28,22.185317,178.348235,484.093991,21.820167,79.000114,110.241175
2009-03-31,24.156174,207.348959,589.646942,23.757552,91.650596,133.759588
2009-04-30,26.494491,247.554481,760.505781,26.056201,109.200131,171.885511
2009-05-31,27.965101,274.074676,877.725741,27.501394,120.664471,197.682506
2009-06-30,28.038149,274.542479,875.306893,27.572028,120.611752,196.371501
2009-07-31,30.187459,317.058362,1080.269201,29.684315,138.993618,241.421051
2009-08-31,31.263622,339.324253,1192.115460,30.741263,148.451747,265.433195
2009-09-30,32.442292,364.692724,1324.458804,31.898912,159.225447,293.812153
2009-10-31,31.862105,350.377927,1239.794416,31.327073,152.647566,273.958428
2009-11-30,33.746202,392.263023,1464.306977,33.178220,170.564830,322.435614
2009-12-31,34.406463,407.380846,1547.590157,33.825893,176.760018,339.453983
2010-01-31,33.183819,378.177693,1379.960687,32.622647,163.784450,301.663476
2010-02-28,34.182206,400.307657,1497.337768,33.602886,173.049161,326.228426
2010-03-31,36.254860,450.040513,1783.194720,35.638790,194.115237,386.943306
2010-04-30,36.846195,463.991607,1861.570819,36.218569,199.724505,402.455395
2010-05-31,33.878279,389.082995,1412.078429,33.299880,167.151280,304.184248
2010-06-30,32.109841,347.551249,1181.940751,31.560253,148.987850,253.611009
2010-07-31,34.377019,397.043623,1436.076559,33.787223,169.858645,307.008766
2010-08-31,32.804440,360.561681,1237.625848,32.240214,153.919800,263.548362
2010-09-30,35.735789,426.908426,1589.187120,35.119687,181.873187,337.171918
2010-10-31,37.112158,459.932912,1774.274893,36.470810,195.543587,375.052726
2010-11-30,37.085389,458.476207,1761.290187,36.442984,194.526016,370.926736
2010-12-31,39.570269,521.548360,2134.401967,38.883128,220.816058,447.773175
2011-01-31,40.523901,546.512139,2286.451118,39.818623,230.936269,477.983095
2011-02-28,41.874307,582.915630,2514.592825,41.143977,245.865342,523.920999
2011-03-31,41.899091,582.228638,2501.222646,41.166451,245.026152,519.018207
2011-04-30,43.154032,617.235291,2727.566160,42.397768,259.254560,563.995638
2011-05-31,42.635180,601.917556,2622.959447,41.886262,252.303690,540.350628
2011-06-30,41.925927,580.707676,2476.824078,41.187668,242.891458,508.257948
2011-07-31,41.086136,556.652719,2318.098285,40.361061,232.376083,474.000620
2011-08-31,38.827278,487.276769,1840.377648,38.140322,202.956500,374.767834
2011-09-30,36.105464,418.387675,1448.528434,35.465181,173.904641,293.865393
2011-10-31,40.065693,511.461172,1936.754247,39.353549,212.160689,391.473823
2011-11-30,39.933585,504.223740,1874.160104,39.222154,208.730718,377.412857
2011-12-31,40.345749,513.279675,1917.039115,39.625324,212.045835,384.617233
2012-01-31,42.172899,560.461973,2185.271903,41.418208,231.089311,436.894787
2012-02-29,43.954375,608.434853,2469.491461,43.166095,250.383423,491.985004
2012-03-31,45.409560,648.643179,2713.639262,44.593239,266.360456,538.534402
2012-04-30,45.140563,639.938596,2652.707348,44.327318,262.274369,524.580501
2012-05-31,42.389687,563.472314,2186.779109,41.624179,230.438170,430.747245
2012-06-30,44.145079,609.005533,2444.452373,43.346068,248.552507,479.726267
2012-07-31,44.780018,625.692078,2539.827038,43.967684,254.841797,496.598546
2012-08-31,45.751724,652.671534,2702.972857,44.919715,265.236883,526.357559
2012-09-30,46.933063,686.107963,2908.911909,46.077836,278.311001,564.567181
2012-10-31,46.084737,660.910070,2746.245892,45.243081,267.541218,531.014883
2012-11-30,46.300800,665.843935,2769.032797,45.453304,268.988065,533.435975
2012-12-31,46.709447,676.953931,2834.286530,45.852652,272.944691,544.080507
2013-01-31,49.152101,748.946755,3293.979703,48.248496,301.358024,629.997097
2013-02-28,49.774664,767.077252,3407.865701,48.857772,308.083521,649.595280
2013-03-31,51.650748,825.589493,3802.369015,50.697290,330.941286,722.248541
2013-04-30,52.679962,857.356423,4013.564514,51.705250,342.941030,759.410095
2013-05-31,53.867981,895.548979,4278.171258,52.868981,357.452994,806.341454
2013-06-30,53.146630,869.741084,4080.461621,52.158937,346.475486,766.354053
2013-07-31,55.873665,960.804527,4734.278619,54.832904,381.936826,885.717799
2013-08-31,54.221298,903.952285,4314.120034,53.208990,358.566026,803.963740
2013-09-30,55.924792,961.047697,4724.871133,54.878504,380.474427,877.414392
2013-10-31,58.526186,1051.038318,5392.402602,57.428614,415.174106,997.332801
2013-11-30,60.261047,1113.553213,5874.912555,59.128597,439.015077,1082.752849
2013-12-31,61.780546,1169.553403,6316.660667,60.617018,460.153372,1159.865833
2014-01-31,59.678766,1089.890711,5671.028276,58.552378,427.931728,1037.433426
2014-02-28,62.344557,1187.922603,6440.736903,61.165554,465.564502,1174.313089
2014-03-31,62.878529,1207.314229,6590.568290,61.686858,472.198631,1197.180514
2014-04-30,63.372065,1224.645428,6718.886061,62.168452,477.999381,1215.967618
2014-05-31,64.810449,1280.154519,7174.837448,63.576870,498.647067,1293.685211
2014-06-30,66.151375,1333.296153,7622.958457,64.889572,518.288147,1369.404086
2014-07-31,65.262739,1296.464898,7298.586639,64.015091,502.891094,1306.030460
2014-08-31,67.830012,1399.703564,8180.817645,66.530516,541.831841,1458.501201
2014-09-30,66.885253,1359.996067,7826.590470,65.601122,525.384079,1390.163872
2014-10-31,68.562381,1424.849673,8356.015305,67.242986,549.208865,1478.188991
2014-11-30,70.345883,1499.713262,9021.087665,68.989569,576.999610,1590.508726
2014-12-31,70.168771,1489.232707,8900.495572,68.812867,571.740804,1563.146865
2015-01-31,68.096914,1399.467276,8080.925861,66.778392,536.229761,1414.172212
2015-02-28,71.939982,1560.626132,9504.908713,70.544397,596.881647,1657.837304
2015-03-31,70.809700,1509.366663,9017.055969,69.433008,576.039605,1566.622025
2015-04-30,71.529968,1539.339112,9278.902190,70.136352,586.279564,1606.146001
2015-05-31,72.393038,1575.317577,9593.427103,70.979792,598.816605,1654.734170
2015-06-30,70.995071,1513.450872,9019.296774,69.606074,574.066305,1549.644821
2015-07-31,72.523529,1577.483696,9580.981252,71.101528,597.076611,1639.773535
2015-08-31,68.102551,1382.809758,7792.867222,66.764443,522.316351,1328.740471
2015-09-30,66.422653,1310.046819,7141.413878,65.114836,493.818605,1213.125986
2015-10-31,72.067545,1539.721891,9078.141486,70.645511,579.161134,1536.196238
2015-11-30,72.222568,1544.635657,9106.502456,70.794666,579.879271,1535.553638
2015-12-31,71.087480,1492.211767,8609.905226,69.678976,558.997782,1446.160877
2016-01-31,67.596488,1343.408319,7306.573669,66.254648,502.318867,1223.090130
2016-02-29,67.440218,1333.731196,7199.607915,66.098857,497.729753,1200.923328
2016-03-31,72.027026,1519.421186,8738.223931,70.591363,565.820496,1451.958535
2016-04-30,72.349374,1531.796890,8834.337936,70.904332,569.264411,1462.488878
2016-05-31,73.589411,1583.184835,9268.861849,72.116599,587.161894,1528.745825
2016-06-30,73.793784,1587.306364,9263.167141,72.313726,587.430720,1521.869549
2016-07-31,76.547710,1707.178972,10324.772544,75.009446,630.568613,1690.325594
2016-08-31,76.598206,1708.956234,10336.589967,75.055502,629.813221,1685.390322
2016-09-30,76.636820,1707.773758,10299.257541,75.090209,628.091729,1673.074237
2016-10-31,75.280452,1647.257716,9751.328111,73.758138,604.595363,1578.176963
2016-11-30,77.989564,1766.311217,10812.548407,76.409288,646.971933,1743.470408
2016-12-31,79.543767,1836.450604,11453.987298,77.928755,671.291498,1840.070333
2017-01-31,81.096175,1908.190974,12125.593392,79.446494,696.160994,1941.103816
2017-02-28,84.238542,2058.467453,13581.230194,82.521833,749.603633,2166.876150
2017-03-31,84.356494,2063.054129,13614.977824,82.633611,749.593587,2163.441974
2017-04-30,85.250422,2106.193276,14036.133594,83.506135,763.855038,2222.893211
2017-05-31,86.384962,2161.511047,14581.274058,84.613770,782.241827,2300.273497
2017-06-30,86.947933,2188.795850,14848.268767,85.161481,790.422186,2333.303401
2017-07-31,88.766637,2280.723526,15787.253289,86.939371,822.020383,2472.124651
2017-08-31,88.973212,2289.604112,15861.238669,87.137718,823.375529,2473.627618
2017-09-30,90.829851,2385.541092,16862.015116,88.952529,856.210474,2620.445195
2017-10-31,92.998820,2500.282024,18087.140093,91.072697,895.476922,2799.954496
2017-11-30,95.760125,2650.020566,19725.620794,93.772910,947.172658,3042.322533
2017-12-31,96.842654,2709.612815,20387.287603,94.829213,966.590288,3133.287518
2018-01-31,102.433884,3029.175288,24070.377724,100.300029,1078.391169,3685.726957
2018-02-28,98.580711,2789.895853,21091.486087,96.523477,991.362738,3218.665428
2018-03-31,96.078482,2641.438899,19335.332309,94.069541,936.687361,2939.675844
2018-04-30,96.492103,2657.865373,19445.443571,94.470577,940.587512,2945.453821
2018-05-31,98.738670,2780.513916,20778.334553,96.665863,981.890210,3135.162299
2018-06-30,99.369994,2814.420794,21139.628655,97.279882,991.834993,3177.859683
2018-07-31,103.107564,3028.136095,23569.640940,100.934638,1064.978658,3530.087147
2018-08-31,106.404128,3223.336261,25866.679904,104.156982,1131.100633,3858.455275
2018-09-30,107.006496,3259.186342,26290.382066,104.742681,1141.568338,3908.511859
2018-10-31,99.752520,2819.020826,20997.172840,97.637700,985.171835,3108.778336
2018-11-30,101.699759,2921.887813,22063.434516,99.539512,1019.038510,3254.556733
2018-12-31,92.512244,2401.538782,16274.445324,90.543722,835.996469,2392.433027
2019-01-31,99.964444,2795.725608,20351.832389,97.833288,971.242414,2980.850806
2019-02-28,103.090066,2971.711186,22285.818507,100.888478,1030.478356,3253.214428
2019-03-31,105.109370,3085.830258,23542.298225,102.860375,1067.868773,3423.921087
2019-04-30,109.415157,3342.574918,26525.906369,107.069579,1154.363087,3843.626008
2019-05-31,102.392382,2921.805292,21616.714688,100.192967,1006.877188,3119.998252
2019-06-30,109.619027,3345.276154,26441.588270,107.260140,1150.581009,3803.041766
2019-07-31,111.240973,3442.951477,27583.394768,108.842435,1181.645193,3951.886517
2019-08-31,109.415683,3316.159119,25897.808573,107.051825,1135.688908,3695.927964
2019-09-30,111.465191,3439.483523,27331.288156,109.052731,1175.636635,3886.765053
2019-10-31,113.943516,3588.663576,29061.842204,111.472335,1223.888366,4116.127844
2019-11-30,117.997466,3847.381214,32245.785644,115.433791,1309.578567,4551.036649
2019-12-31,121.556594,4080.919280,35199.368319,118.910643,1386.241422,4949.550526
2020-01-31,121.539882,4075.172138,35064.750792,118.889341,1381.461382,4912.334362
2020-02-29,111.468900,3410.434954,26631.980867,109.033857,1153.961277,3718.246740
2020-03-31,97.715212,2425.788288,14111.543553,95.576415,818.998339,1962.188601
2020-04-30,110.308477,3049.178545,19490.258586,107.889567,1027.385860,2700.169305
2020-05-31,115.490648,3328.859894,22097.573433,112.953628,1119.448128,3050.633237
2020-06-30,117.811944,3437.608310,22912.171117,115.218905,1153.547131,3150.806619
2020-07-31,124.504706,3833.135586,26913.899712,121.759058,1283.534072,3686.838415
2020-08-31,133.421825,4398.598264,33047.484331,130.474112,1469.891756,4510.434298
2020-09-30,128.374986,4051.662646,28991.320007,125.533534,1351.177822,3942.058390
2020-10-31,125.010587,3827.707526,26469.182454,122.238259,1273.752503,3585.068176
2020-11-30,138.636185,4696.108599,35840.657576,135.556334,1559.722145,4837.479031
2020-12-31,143.980668,5061.752005,40066.869305,140.775953,1677.578615,5387.000558
2021-01-31,142.541616,4950.578576,38629.426494,139.363674,1637.696797,5176.269770
2021-02-28,146.425114,5216.091782,41682.911655,143.155201,1722.350320,5566.761178
2021-03-31,152.844692,5669.649877,47065.526486,149.424612,1867.941805,6260.215782
2021-04-30,161.044559,6287.694175,54881.687541,157.434454,2067.354137,7272.977529
2021-05-31,162.106424,6361.292523,55721.381091,158.466229,2087.485946,7358.191338
2021-06-30,165.905083,6658.871917,59622.530555,162.172514,2180.472099,7842.865197
2021-07-31,169.868219,6972.970301,63783.108110,166.039576,2278.670980,8359.143511
2021-08-31,174.994320,7395.672720,69606.619643,171.042684,2411.646921,9087.058007
2021-09-30,166.855253,6714.206423,60081.544530,163.080599,2184.935400,7814.280648
2021-10-31,178.591209,7683.136445,73420.654835,174.543811,2495.170005,9514.109480
2021-11-30,177.292767,7561.538830,71536.034120,173.267573,2450.660048,9235.474930
2021-12-31,185.233889,8233.625851,80983.404202,181.020516,2662.791742,10414.759325
2022-01-31,175.679148,7385.501733,68510.238099,171.676278,2383.831785,8779.274772
2022-02-28,170.347660,6918.257556,61763.876079,166.459982,2228.875917,7888.038565
2022-03-31,176.669186,7406.169373,67929.348992,172.629372,2380.744575,8640.342433
2022-04-30,161.312650,6143.231524,50916.434612,157.617703,1970.888550,6453.142939
2022-05-31,161.532245,6111.334371,49912.784563,157.825691,1956.646690,6302.425444
2022-06-30,148.179433,5104.835633,37675.515575,144.773217,1631.030070,4739.339678
2022-07-31,161.892682,6074.544122,48682.962235,158.164989,1937.114765,6102.644226
2022-08-31,155.242962,5566.740399,42486.378182,151.661450,1771.194124,5304.108997
2022-09-30,140.943324,4565.033403,31302.841384,137.685945,1449.480596,3893.212766
2022-10-31,152.424004,5305.125519,38847.842256,148.895110,1681.055328,4813.851306
2022-11-30,160.844365,5871.941723,44841.992939,157.113993,1856.880476,5536.134940
2022-12-31,151.575132,5200.422158,37219.423954,148.053550,1641.147159,4577.866232
2023-01-31,161.152749,5865.136305,44429.777531,157.402420,1847.337696,5445.580702
2023-02-28,157.141417,5567.024685,40977.280257,153.478645,1750.191695,5005.494056
2023-03-31,162.904877,5965.630422,45259.974899,159.100517,1871.324106,5506.277675
2023-04-30,165.497075,6150.721530,47310.683133,161.626090,1925.823943,5736.495530
2023-05-31,166.147526,6190.765067,47677.000207,162.254245,1934.215225,5758.463820
2023-06-30,177.135123,7028.896618,57585.508183,172.977188,2191.618640,6929.661448
2023-07-31,182.650922,7469.467619,63033.366743,178.356446,2324.472249,7558.573712
2023-08-31,179.415007,7197.490232,59502.031948,175.188612,2234.815292,7106.071800
2023-09-30,170.674021,6506.469863,51061.049543,166.646904,2016.303841,6076.299695
2023-10-31,166.922659,6213.072425,47525.048484,162.976935,1921.253511,5633.471039
2023-11-30,181.808700,7361.037067,61169.912704,177.503733,2271.623756,7224.324938
2023-12-31,189.849959,8020.210374,69485.077404,185.347247,2470.250967,8177.569578
2024-01-31,192.867759,8269.119591,72638.189188,188.285633,2541.721016,8517.021539
2024-02-29,202.843003,9135.340302,84191.682645,198.016048,2802.539917,9837.089436
2024-03-31,209.134945,9703.336105,92057.907794,204.150175,2971.016052,10718.373847
2024-04-30,200.431779,8898.517003,80653.534527,195.645894,2718.739274,9353.855293
2024-05-31,210.056752,9765.680836,92613.088881,205.032112,2977.324103,10699.416795
2024-06-30,217.339378,10450.903928,102476.270224,212.132551,3180.364693,11799.382695
2024-07-31,219.799946,10670.019634,105434.057066,214.524811,3240.102965,12092.848578
2024-08-31,224.819013,11127.083739,111737.103712,219.413854,3371.679209,12766.110383
2024-09-30,229.359657,11563.965600,118117.630537,223.836456,3497.256989,13447.558262
2024-10-31,227.089743,11324.015797,114274.124640,221.611086,3417.021880,12957.076818
2024-11-30,240.102279,12643.369298,134570.982289,234.300416,3807.755328,15205.001604
2024-12-31,234.102091,11998.974293,124091.805376,228.435686,3606.285091,13968.773625
2025-01-31,240.426664,12636.847219,133812.395404,234.597877,3790.627347,15009.995594
2025-02-28,237.002485,12263.863840,127686.886249,231.247987,3671.934667,14274.702265
2025-03-31,223.364249,10853.979255,105735.245576,217.931785,3243.121522,11776.378260
2025-04-30,221.661109,10491.451764,97729.776384,216.261049,3128.375654,10844.096796
2025-05-31,235.298548,11794.991166,116106.171214,229.556717,3509.924449,12835.748928
2025-06-30,246.970966,12983.130048,133913.159506,240.934763,3856.007795,14752.431545
2025-07-31,252.321978,13546.821394,142649.586159,246.144256,4014.832807,15654.015050
2025-08-31,257.132861,14052.355716,150453.118886,250.826910,4156.164485,16449.287456
2025-09-30,266.215741,15055.774973,166738.479315,259.676239,4443.873261,18162.533671
2025-10-31,272.255344,15720.311382,177446.558071,265.555373,4629.657815,19250.663696
2025-11-30,272.609172,15734.320936,177227.926759,265.890470,4625.218876,19162.412378
2025-12-31,274.485863,15942.182756,180589.216405,267.709757,4676.755356,19453.512912
