Date,100% SPY,90/10 Healthcare,90/10 Consumer Staples,90/10 Utilities
1998-12-31,10000.0,10000.0,10000.0,10000.0
1999-01-31,10352.257169005918,10365.108279484877,10303.798707791782,10292.22520122103
1999-02-28,10020.271129845725,10067.52313130941,9994.653833878507,9966.564246344462
1999-03-31,10435.797437619292,10469.140552043595,10367.470259649226,10280.710920623846
1999-04-30,10832.092849817845,10864.268125536464,10690.129078578017,10723.209315965216
1999-05-31,10584.405604165078,10607.094539569985,10457.41177796444,10511.734682294338
1999-06-30,11170.555218322777,11182.105587051861,11001.395585689188,11079.859950316391
1999-07-31,10824.017844646538,10836.568302819665,10654.210895887987,10771.116302609264
1999-08-31,10767.965642206795,10736.841878070372,10619.389016288384,10671.471619889766
1999-09-30,10527.441579149287,10505.947260599487,10319.181536567656,10479.931303791056
1999-10-31,11202.014092635998,11165.346315857532,11003.437321513635,11092.320061598806
1999-11-30,11388.542531247344,11345.84171414487,11174.213146494661,11226.969670763807
1999-12-31,12038.936814876326,12030.096683996251,11692.46511909833,11790.957472629387
2000-01-31,11439.555818970966,11460.430042856331,11160.584020682363,11234.529804715412
2000-02-29,11265.369834639583,11227.498487518838,10902.601507597035,10963.647592903404
2000-03-31,12357.154930401855,12308.03049690873,11913.920614273839,12036.354123460625
2000-04-30,11923.16222458429,11903.534475908118,11565.343800521066,11705.650276413226
2000-05-31,11735.69508653057,11703.380582713236,11456.146772620139,11534.790744062233
2000-06-30,11966.67587116385,11913.681205968147,11714.642402509737,11709.63465284084
2000-07-31,11778.772730611976,11727.642850508348,11511.019409126862,11555.068362132773
2000-08-31,12548.40672940988,12460.209190696647,12192.576992600174,12284.91440647315
2000-09-30,11859.97471185511,11798.30704464748,11612.810362657625,11796.32574953218
2000-10-31,11804.493891684635,11765.299507351896,11628.049990749289,11811.581989874272
2000-11-30,10923.25420319349,10868.21357179363,10869.575292071915,11017.92337576539
2000-12-31,10866.163757362023,10833.948000563596,10855.97554367476,10950.344919411089
2001-01-31,11349.269456910113,11344.969530228536,11212.287974884079,11319.257841031143
2001-02-28,10266.69416734174,10348.98336964312,10244.000155132933,10367.870634167906
2001-03-31,9691.369957675905,9760.184460731454,9656.575437249388,9833.911094325373
2001-04-30,10519.403405239238,10582.04136140494,10419.948494887543,10632.788716568164
2001-05-31,10460.43257420454,10571.538943832296,10380.85904795098,10587.885741416525
2001-06-30,10211.163575196595,10334.125349603031,10111.81503818668,10304.66378263071
2001-07-31,10107.061508405392,10217.590363290838,10046.182634201363,10200.952402507797
2001-08-31,9507.3788943335,9620.962324075816,9511.017487561283,9621.878119821933
2001-09-30,8731.28747954123,8768.374693755257,8811.385467199289,8913.213977674237
2001-10-31,8844.98956480779,8875.354345662558,8907.630920750002,8960.016955633519
2001-11-30,9534.69275859577,9602.2153296484,9570.205676531283,9568.12940069987
2001-12-31,9588.463413716401,9675.31043369245,9599.186095425597,9648.150976420795
2002-01-31,9494.506866242995,9582.989632652121,9508.135832030599,9526.888940361256
2002-02-28,9324.217032089187,9477.453989814861,9375.106576260672,9371.81100041223
2002-03-31,9634.434800405423,9819.632849720405,9670.159696800105,9703.262613691622
2002-04-30,9074.139736212517,9308.380399642858,9128.760525421094,9136.357522177334
2002-05-31,9020.29641400886,9275.837030609177,9069.582355258372,9079.839861277302
2002-06-30,8354.530553721183,8593.845798611756,8373.454932432578,8415.976335468791
2002-07-31,7696.03090401634,7970.133403883191,7744.325837483615,7691.288758194256
2002-08-31,7748.369619425565,8027.333609360137,7797.95897993667,7768.7215799681835
2002-09-30,6935.935206445191,7230.866969647273,7007.174997269158,6941.276020003681
2002-10-31,7506.654513014078,7802.159488119369,7550.5803862681705,7438.826185336347
2002-11-30,7969.666768666034,8251.19807400672,7945.263107116928,7875.378271054124
2002-12-31,7518.827742580143,7804.911559987577,7541.6878799238675,7492.39045958277
2003-01-31,7333.903952432327,7634.961110491709,7348.83593822143,7308.9118537278255
2003-02-28,7235.049344931133,7522.926710274393,7236.943609179569,7182.0607194732265
2003-03-31,7250.533406252594,7572.914900366726,7250.965428395979,7229.96315793084
2003-04-30,7864.014304863698,8159.543821998931,7824.585106646064,7842.972392194827
2003-05-31,8295.247154685525,8569.997793032022,8249.418235444275,8308.42177089992
2003-06-30,8383.604355007967,8698.289277763672,8336.417828664557,8399.379264688774
2003-07-31,8534.733969790801,8817.008549468563,8471.257130270731,8478.247264997457
2003-08-31,8710.771471580103,8933.377346516592,8643.034245797084,8652.512543336981
2003-09-30,8615.770708078013,8850.723410034345,8554.374300320489,8607.42762178197
2003-10-31,9076.947871023693,9273.274156154026,9005.66243728777,9028.331139044107
2003-11-30,9176.072740347374,9386.14424075634,9104.719629288073,9119.49130144919
2003-12-31,9637.753595676768,9866.913648477805,9535.285844231877,9591.418826383437
2004-01-31,9828.287682809974,10071.23460186303,9706.766522651766,9781.775071979087
2004-02-29,9961.665625105144,10204.332245892714,9875.843449356671,9919.511079492218
2004-03-31,9829.720120241129,10033.933913245708,9754.836350901012,9810.931441275708
2004-04-30,9643.726232637793,9903.428289632697,9599.348635176992,9602.305049298497
2004-05-31,9808.860685654741,10048.08294213703,9742.809985506145,9762.027063714453
2004-06-30,9990.33925971554,10206.857260941364,9911.160661260421,9941.534054825703
2004-07-31,9668.460913172392,9851.933734706785,9576.054805930218,9666.241123679638
2004-08-31,9692.013011588708,9891.825733320866,9612.788221017225,9726.63031711489
2004-09-30,9789.291340651938,9958.935271309772,9676.899287738115,9820.552598734646
2004-10-31,9915.427460631861,10046.92506484511,9796.021787465454,9983.274349554133
2004-11-30,10356.834199797051,10466.132951123947,10214.891773967973,10427.722879376463
2004-12-31,10668.794982666413,10810.037139708345,10529.073648722744,10735.74262332726
2005-01-31,10429.589876937798,10557.136150576036,10324.635536741354,10544.477617829984
2005-02-28,10647.608048486663,10788.567715230261,10519.64680078438,10765.528634152426
2005-03-31,10452.832393671633,10606.541171175206,10336.139544321984,10603.308797844898
2005-04-30,10256.995600356528,10472.047436381446,10150.20510457552,10463.974699316343
2005-05-31,10587.524316098228,10785.183526232015,10469.060481717945,10760.630357225938
2005-06-30,10603.566818975547,10792.978631469632,10465.332931938863,10848.406687522653
2005-07-31,11009.275107024678,11186.309082669695,10860.058689277383,11242.906636217242
2005-08-31,10906.06893577763,11088.993232488125,10750.554399182656,11158.705688901875
2005-09-30,10993.593948683501,11160.708746640648,10842.554227983806,11294.274150693282
2005-10-31,10733.58614841963,10887.920011884713,10604.066343329505,10970.681588332893
2005-11-30,11205.352796697212,11327.456940165932,11037.210552026032,11393.18766228017
2005-12-31,11183.910034567632,11351.154790297789,11019.025632307168,11385.13110184333
2006-01-31,11452.478614475642,11609.483731595039,11262.374872748638,11658.792017020822
2006-02-28,11518.052195670754,11683.496552765857,11329.579157456577,11735.46578522148
2006-03-31,11708.147293987327,11837.754934499504,11508.608519826717,11843.1346761461
2006-04-30,11856.045712174246,11930.606525697978,11651.1829448885,11996.997033232856
2006-05-31,11498.923830363574,11582.765437293976,11331.831539682189,11697.188905879764
2006-06-30,11528.915426863368,11610.188895096922,11376.911320054847,11755.113664131872
2006-07-31,11580.550864270432,11724.001004505617,11439.106406625042,11867.785401245257
2006-08-31,11833.267070244385,11988.584809431299,11705.858203743062,12134.950249857446
2006-09-30,12152.783238869444,12296.69203199479,11992.89089699311,12400.915914099078
2006-10-31,12535.797497345662,12645.909968683613,12356.315728840202,12823.125146033699
2006-11-30,12785.07047811158,12868.617312403669,12571.513351312264,13088.373153744884
2006-12-31,12956.029247605022,13036.717676822307,12752.09446242917,13255.741033198388
2007-01-31,13150.88652845852,13254.006427413984,12949.616602312033,13425.464632734689
2007-02-28,12892.901461245448,12988.943391009027,12700.294254683738,13277.56260057048
2007-03-31,13042.315933780978,13126.120988011367,12857.429156109012,13472.177260589842
2007-04-30,13620.036166307678,13747.542532115624,13408.879094492724,14077.301455583023
2007-05-31,14082.030585077528,14188.912002192483,13840.213880975147,14501.395379651882
2007-06-30,13876.139852878026,13952.889534219084,13631.671117225365,14229.334996269767
2007-07-31,13441.674313301046,13492.198269984183,13208.11147605462,13768.823408358752
2007-08-31,13614.16805049347,13679.374822410564,13389.557609950654,13950.457735492586
2007-09-30,14141.225389998262,14198.23653234938,13916.137078217665,14489.936870512602
2007-10-31,14333.079429899857,14398.37228199643,14107.079322034,14779.980459068915
2007-11-30,13777.922824372421,13917.874310751333,13640.585396876097,14292.741665443427
2007-12-31,13622.773624914815,13735.32375287629,13490.656057162663,14149.677117633102
2008-01-31,12799.127079199357,12926.79559346498,12681.032022201476,13269.596236006646
2008-02-29,12468.365430616175,12591.518870500739,12380.356526133583,12900.057111045247
2008-03-31,12356.868243827726,12428.917255769422,12317.553391291962,12826.655326620226
2008-04-30,12945.824001917616,12971.983968329461,12838.59583142146,13443.92182901096
2008-05-31,13141.527406340594,13173.289924646666,13050.800668026666,13684.335773341127
2008-06-30,12043.211232061434,12127.860073770993,11992.586766722863,12681.992471493371
2008-07-31,11934.99003664611,12088.207306248127,11923.221552373698,12465.947414033022
2008-08-31,12119.430043200085,12282.02324841335,12121.133089117055,12612.922307035282
2008-09-30,10978.104910164573,11152.687631000108,11078.754830127744,11398.430446844175
2008-10-31,9164.665003751812,9374.510281907325,9295.54831632833,9568.972098769105
2008-11-30,8526.743576976442,8729.245479069048,8719.248114157477,9050.122102135272
2008-12-31,8610.274886634374,8880.291548143841,8794.592925769823,9092.261726959301
2009-01-31,7903.248557060684,8230.335296397907,8082.944851072183,8453.625452522087
2009-02-28,7054.052563585191,7327.607338208559,7240.278488741848,7521.414542116928
2009-03-31,7641.733163683899,7915.314045504433,7807.071308002132,8072.636570528542
2009-04-30,8400.902107086595,8597.280140654932,8529.970668807215,8769.920671956905
2009-05-31,8891.969331703733,9109.967889229552,9021.270126710913,9254.913921574756
2009-06-30,8886.144019787745,9130.96685843492,9018.053272648474,9316.931365640172
2009-07-31,9549.104731582727,9794.836863527782,9682.634195062405,9963.268739437883
2009-08-31,9901.838716106033,10144.607178346476,10013.411411420424,10294.448612865706
2009-09-30,10252.935202662522,10468.179153822402,10365.87745853114,10629.489520474099
2009-10-31,10055.815287840289,10264.809463714271,10205.011018346062,10407.154320072103
2009-11-30,10675.324070304308,10935.30098228374,10805.040551751228,11030.191726005463
2009-12-31,10879.23487335123,11143.121384192935,10985.908620110637,11291.536766770774
2010-01-31,10483.856260926193,10796.417052290435,10617.882426253378,10863.634080810743
2010-02-28,10810.89297492468,11095.971780853617,10949.67377209606,11139.106573499823
2010-03-31,11469.058654679453,11724.76135733059,11587.980337070398,11769.373227175058
2010-04-30,11646.48678544118,11829.878941128765,11734.06915888479,11967.117654930924
2010-05-31,10721.118268763488,10909.302193787935,10843.226189100911,11052.312821798161
2010-06-30,10166.3986611737,10387.06355464977,10313.748235071895,10543.212549547405
2010-07-31,10860.775443383684,11028.236760434727,11006.24409040101,11272.192897280987
2010-08-31,10372.248580353968,10567.94094890599,10543.746630733714,10854.21436797416
2010-09-30,11301.131993883224,11515.679597628787,11452.722633859426,11734.187463639606
2010-10-31,11732.857088534589,11934.221004268551,11882.191205635154,12139.67611577784
2010-11-30,11732.857088534589,11894.529235106354,11861.503128927461,12091.85480858245
2010-12-31,12517.226578154843,12661.913705007151,12624.71545114983,12845.369516618583
2011-01-31,12808.879399917221,12932.380108489431,12867.262517616402,13127.013243322457
2011-02-28,13253.82890823979,13376.721589092758,13306.670317520695,13547.128568074935
2011-03-31,13255.421611429396,13404.348212313565,13325.27625439167,13552.306089520502
2011-04-30,13639.31782929686,13844.708728820224,13745.402505974402,13963.483271882596
2011-05-31,13486.355610406485,13745.785839284188,13644.579737746863,13861.961642923445
2011-06-30,13258.842936968573,13522.949988948441,13399.664554994994,13654.719546801365
2011-07-31,12993.612065682284,13221.143187105143,13142.170734877052,13400.070082237595
2011-08-31,12279.275726188043,12546.02054428749,12502.085981627382,12794.194759987717
2011-09-30,11426.845052078408,11711.751378165729,11687.087524130635,12030.772996606356
2011-10-31,12674.048115961537,12916.569527708605,12874.84469127121,13217.156575854095
2011-11-30,12622.542085688627,12884.611359602824,12869.167663025606,13189.502759019517
2011-12-31,12754.429855062022,13048.506852643088,13029.666928854895,13369.14116831321
2012-01-31,13345.908056828446,13631.057792062133,13540.042501935852,13833.177893675165
2012-02-29,13925.193120238939,14169.607065150889,14118.672542421265,14365.566865067249
2012-03-31,14373.07718418836,14645.9906120009,14570.948160983506,14793.57072856738
2012-04-30,14277.123785090986,14555.08446696299,14489.387950670063,14740.084247482555
2012-05-31,13419.7049636794,13721.565590655307,13698.519481899713,13979.011283988712
2012-06-30,13964.291992664806,14305.588785471082,14247.635995742683,14547.303912442792
2012-07-31,14129.486172051365,14471.635845888068,14437.858300638092,14745.74540704191
2012-08-31,14483.46445594155,14810.789376611632,14748.225568915817,14980.310508565413
2012-09-30,14850.634303999655,15208.876766031251,15108.771922147556,15333.508117337144
2012-10-31,14580.37646327117,14961.509926794026,14844.133665889669,15117.857015313697
2012-11-30,14662.896406403703,15045.425920373862,14950.024884677998,15106.679641715113
2012-12-31,14793.898234627877,15156.68299663416,15031.514121441429,15224.26292107336
2013-01-31,15551.207697056703,15978.22662648069,15810.012963774965,15996.626737190232
2013-02-28,15749.620687781002,16181.74241172918,16048.60587348601,16221.684092263928
2013-03-31,16347.655849491142,16844.642028408605,16679.156980932796,16869.81907287812
2013-04-30,16661.73094584471,17191.331483561633,17019.67064653786,17281.020658646426
2013-05-31,17055.107729448308,17581.55622507809,17329.70686856927,17428.192782044403
2013-06-30,16827.518407169395,17363.530097376977,17118.89082569978,17241.956202785408
2013-07-31,17697.10846726806,18305.07631295864,17987.11451744097,18115.430515335236
2013-08-31,17166.330174936546,17743.49092600203,17415.858815362055,17528.494782571826
2013-09-30,17709.589287637617,18305.99582778495,17931.749162986842,18041.27881205891
2013-10-31,18529.66021469241,19146.072620761173,18797.51304360744,18858.677970841647
2013-11-30,19078.836219742872,19756.851267706388,19324.823191728177,19310.73655856524
2013-12-31,19573.480058460173,20221.137385965278,19784.862926176684,19775.41086017503
2014-01-31,18883.550899907168,19624.634705067896,19051.906480091675,19218.734554828538
2014-02-28,19743.05715793663,20561.70859695408,19905.692881827275,20069.062835304492
2014-03-31,19906.83681780292,20673.98027857463,20099.95722019751,20293.546451942966
2014-04-30,20045.218834431937,20781.078298991735,20284.345235058274,20518.43758786532
2014-05-31,20510.39169150454,21278.474759830777,20743.57320892996,20910.143416825485
2014-06-30,20933.827761493496,21719.376000883538,21118.879415792555,21400.098558929923
2014-07-31,20652.522533266096,21469.98719279265,20790.13269448065,20972.84889885915
2014-08-31,21467.54060945186,22343.119908489443,21625.263955642153,21823.763660650664
2014-09-30,21171.369487828466,22089.71263962519,21372.27803338392,21510.32899307943
2014-10-31,21669.981148366875,22698.050911401093,21903.246162120548,22156.313988994414
2014-11-30,22265.29378306228,23344.97203611272,22572.118928454576,22723.023298204324
2014-12-31,22208.820509716785,23247.74872421836,22497.58943279392,22767.949389691414
2015-01-31,21550.78523253566,22697.944485638327,21881.031555034417,22240.47858604992
2015-02-28,22762.037999110875,23929.658804185652,23074.153331995705,23148.68577673925
2015-03-31,22404.545813808618,23629.976979392755,22702.129970327103,22800.44066326931
2015-04-30,22624.874400421908,23790.508228524075,22881.15818899164,22986.275631946668
2015-05-31,22915.74182042391,24206.698745221674,23164.80898550985,23264.67108857814
2015-06-30,22450.27232238224,23773.733729006966,22699.281748850444,22687.739462930844
2015-07-31,22957.40892674302,24335.688451184567,23297.697649301444,23295.65155550075
2015-08-31,21558.149493908608,22783.73930972179,21881.176853761914,21944.705598761495
2015-09-30,21008.073611556018,22095.835237868654,21395.77099096294,21523.81123527072
2015-10-31,22795.00894601473,23950.092337117698,23145.867457248638,23159.85559706027
2015-11-30,22878.32922250004,24014.006814438017,23196.59818740303,23178.632838533144
2015-12-31,22482.936673922093,23717.1361297169,22916.782570545267,22877.62601031269
2016-01-31,21363.5848722662,22440.90526863297,21923.708842485874,22000.893698043972
2016-02-29,21345.945684441303,22413.42688490913,21916.333125403926,22038.75751317399
2016-03-31,22781.797473056937,23792.38896824324,23336.770266497915,23556.54969274605
2016-04-30,22871.588106250027,23970.727860262912,23377.002197695118,23563.52956331388
2016-05-31,23260.66558668118,24396.59104039969,23746.393342286097,23958.61439660212
2016-06-30,23341.515182343614,24500.830596074542,23969.82951508086,24262.053008417253
2016-07-31,24192.815037188626,25437.021115286912,24711.82735977032,25006.511644870767
2016-08-31,24221.788299086566,25344.227574879646,24720.71363907461,24853.322658712936
2016-09-30,24223.185896135452,25327.420592403196,24676.82527830915,24865.606254077797
2016-10-31,23803.235855252748,24717.16702618751,24276.709604163563,24515.17648626898
2016-11-30,24680.104568927916,25574.32681150918,24945.902611613885,25136.70232170668
2016-12-31,25180.420421879204,26048.693787066237,25478.106758517122,25730.25845229043
2017-01-31,25631.010090371976,26531.833415010395,25931.555379477584,26174.31907559331
2017-02-28,26638.094235071447,27657.775221648855,26974.60655313359,27244.289494516124
2017-03-31,26671.389695250182,27670.03788799411,26991.891212955266,27269.829779739674
2017-04-30,26936.134792063644,27964.509845140707,27263.005168760472,27532.921229150226
2017-05-31,27316.281189359077,28335.23313319408,27685.055602493136,28011.25196078519
2017-06-30,27490.425365231727,28663.255277348326,27771.91826108514,28075.160077842487
2017-07-31,28055.464694050675,29203.962050978615,28301.414698151642,28664.53707060036
2017-08-31,28137.321674480536,29346.92435366022,28341.438592950075,28850.489773633602
2017-09-30,28704.276228884988,29893.850309956513,28830.118896251337,29263.52140898871
2017-10-31,29380.657455931396,30471.795703991822,29389.460934383616,30006.089622897664
2017-11-30,30278.7011585124,31397.26967325039,30362.00099604548,30910.011507422005
2017-12-31,30645.926751182138,31704.947954348023,30762.59920250729,31018.834365247763
2018-01-31,32373.10386196679,33529.72628440479,32369.06388568977,32466.279589547572
2018-02-28,31196.016569687636,32272.844974292202,31063.080661017266,31277.700260826816
2018-03-31,30340.906172461488,31380.85229009983,30266.394710274537,30629.63880450853
2018-04-30,30497.719746752227,31565.028855747456,30284.937627100335,30838.50295066761
2018-05-31,31239.08127305562,32239.76084046823,30907.73854364361,31468.244903199615
2018-06-30,31418.742174601284,32469.48281066348,31197.026868799712,31724.29035704154
2018-07-31,32582.7016108401,33791.832714951874,32360.194881126576,32826.92159660303
2018-08-31,33622.740775411534,34921.27245659904,33308.13041320695,33808.0748816473
2018-09-30,33822.63697098114,35238.869939294505,33518.12391304456,33964.98052569653
2018-10-31,31485.34504023268,32810.02757664084,31476.196461402687,31931.04043172252
2018-11-30,32069.365409313774,33697.23541259507,32073.151103833705,32583.850949916734
2018-12-31,29245.719659949908,30703.723248121976,29245.64964778788,29893.91929602853
2019-01-31,31587.29397139943,33021.88389166492,31503.379740361088,32125.559651761978
2019-02-28,32611.212988813055,33993.05770905351,32479.619271197625,33198.990067929
2019-03-31,33201.51259021917,34546.70325461814,33130.53014314272,33837.70021261224
2019-04-30,34557.87654439949,35640.819802845734,34443.90935762786,35095.155621089514
2019-05-31,32354.071058850983,33556.71379587455,32338.879507757025,33080.44444225764
2019-06-30,34605.47049746293,35875.61912822172,34533.219692774095,35232.93826496908
2019-07-31,35128.68942228077,36269.91801721799,35083.47124800465,35698.35082933887
2019-08-31,34540.5120978748,35712.98358362083,34629.3809588249,35376.7165574503
2019-09-30,35212.59700806724,36312.97604651821,35296.30271367667,36163.99869883509
2019-10-31,35990.96698386015,37250.41021484619,35981.57568088326,36830.67967439884
2019-11-30,37293.77430241093,38665.991496580624,37203.40497547447,37920.303158908864
2019-12-31,38377.3619539442,39818.51534533073,38266.43245940423,39038.86365258357
2020-01-31,38361.856988393374,39663.59679150315,38264.31395286134,39328.48005408517
2020-02-29,35324.91443699834,36591.93284777616,35223.94972739645,36121.77258413482
2020-03-31,30913.847299979872,32435.39908259693,31064.15507803983,31719.068448649028
2020-04-30,34839.40674195242,36549.05265971355,34822.71321821364,35382.169202298974
2020-05-31,36499.33395143489,38213.79875053125,36374.37626486992,37046.98978990186
2020-06-30,37146.62445472313,38665.33158363376,36949.01973955098,37433.4286685252
2020-07-31,39334.27395729206,40919.75871323674,39161.41187262237,39714.318112732
2020-08-31,42079.672189829515,43533.38753621853,41805.004097641824,42073.13862460507
2020-09-30,40504.062687204845,41991.88740831124,40321.08173953246,40700.52079300751
2020-10-31,39494.1534852228,40882.401001319806,39301.149350030726,40006.16271678326
2020-11-30,43790.19559788784,45173.07857617922,43448.14107573853,43905.49963323583
2020-12-31,45412.5469573695,46852.02176432231,44974.909127322935,45393.499916655586
2021-01-31,44949.77908211321,46519.35851013334,44353.99730239,44937.34116670821
2021-02-28,46199.61707433564,47516.62656374369,45430.78804864954,45788.84247578854
2021-03-31,48297.055868245225,49643.422286090296,47645.76073870512,48120.69390009319
2021-04-30,50852.472482568366,52186.1296973853,50023.31946318435,50615.3072412482
2021-05-31,51186.37872451152,52606.73796768697,50399.072222962204,50802.46701383464
2021-06-30,52334.35140248466,53790.24158703033,51408.665758350835,51731.08588509906
2021-07-31,53611.97410184979,55269.39021286101,52653.33851033416,53081.590303607125
2021-08-31,55207.460540280765,56867.84904583206,54135.450307211606,54705.72317946398
2021-09-30,52634.47640977625,54155.876911290805,51635.623621657134,52084.216761512085
2021-10-31,56327.50914958211,57827.11010302481,55108.652163892475,55631.50607759654
2021-11-30,55874.93059298132,57201.79976211729,54641.86005982754,55140.073425127994
2021-12-31,58459.011882959414,60151.137603013936,57422.77543083605,57935.93150872431
2022-01-31,55375.817230938184,56859.423561706564,54576.791203105655,54987.792137265234
2022-02-28,53741.285673813996,55320.397621702235,53038.9727995686,53418.55731227467
2022-03-31,55761.44650896384,57537.531065407784,54940.34047710601,55759.283121227345
2022-04-30,50867.31249453753,52773.22195330118,50645.269283734575,51115.01389641946
2022-05-31,50982.126485718334,52980.67503349268,50549.97865098731,51448.16131422549
2022-06-30,46778.12669038069,49011.98841142501,46656.854842521985,47392.16777135287
2022-07-31,51085.80349984582,53113.1063058883,50679.588345704826,51557.32431428382
2022-08-31,49001.393018027215,50825.36782379949,48716.50399860264,49710.78547542904
2022-09-30,44471.42262438863,46577.69092324273,44264.17977382333,45000.99978413731
2022-10-31,48085.85944354534,50460.53855564077,47899.03579877067,48350.4729310024
2022-11-30,50759.02858643412,53205.668692355226,50587.63307123047,51109.580614746
2022-12-31,47833.87389015962,50431.77883560936,47821.22064143505,48450.112270869875
2023-01-31,50842.020367886566,53003.81711470231,50476.71790792935,51049.451611405406
2023-02-28,49563.720769665866,51517.019890754884,49216.81861508867,49585.72699516861
2023-03-31,51401.42550917228,53322.81658570924,51065.239696141274,51483.90305234757
2023-04-30,52222.56354736411,54283.84209378653,51979.80698833989,52322.45718134851
2023-05-31,52463.643065658995,54189.90154620078,51890.060882965336,52226.95044674889
2023-06-30,55863.26802387542,57546.64057972491,55080.010322491544,55366.573925944096
2023-07-31,57691.85055586337,59270.140243553804,56828.05029635975,57139.07282957963
2023-08-31,56754.24211517355,58374.806805823624,55790.57779251934,55975.56624341624
2023-09-30,54062.139713118326,55736.01481582452,53142.09293137579,53276.37911226142
2023-10-31,52888.52849555049,54448.78429882036,52023.90497041452,52279.717528745
2023-11-30,57719.56757312051,59169.03670224225,56554.39049090709,56868.35820810076
2023-12-31,60354.774635484995,61853.12958254667,59050.9967299003,59331.51254096389
2024-01-31,61316.01480975061,62939.212825287075,59974.576854162646,60047.836650167854
2024-02-29,64515.89886095841,66064.37897065298,62954.97861675656,62979.17641745379
2024-03-31,66625.6890681034,68153.41159204747,65016.18929579751,65201.87740377555
2024-04-30,63939.37614214239,65325.46800709276,62541.5992036042,62871.17512686478
2024-05-31,67173.40376797739,68422.92825894721,65573.98361937095,66258.99481024718
2024-06-30,69543.29036950118,70701.14271089285,67694.84968568044,68070.25765219251
2024-07-31,70385.40032694215,71674.99618495037,68537.42363144101,69202.20960275966
2024-08-31,72030.00174998264,73576.4683765825,70328.26569372402,70963.8975125541
2024-09-30,73542.95829088613,74793.11023493066,71752.00488099127,72730.77456966726
2024-10-31,72886.69290512447,73803.02991040525,70968.32538033136,72069.67698233949
2024-11-30,77233.18787307828,77745.04356723015,75087.9566758591,76226.10290476758
2024-12-31,75374.93328066796,75557.69215180873,73146.50924576535,74018.1142246067
2025-01-31,77399.24310762672,77901.4744834697,74993.37646190467,76018.82289588773
2025-02-28,76416.66469237834,77132.75895718635,74385.95571452644,75243.92413062781
2025-03-31,72158.78772989426,73168.504514447,70487.85703135324,71427.32099399863
2025-04-30,71533.16595350063,72293.34506057309,69935.66080017055,70868.37271685875
2025-05-31,76028.6583048422,75898.17820540987,74049.4984896657,75162.67316737316
2025-06-30,79935.48755730496,79571.69606820385,77477.0724851295,78704.06473669354
2025-07-31,81776.5170647197,80981.82621736731,79052.65001598558,80693.05178486326
2025-08-31,83454.53340067813,82888.2739650269,80631.22508659419,82091.47503532976
2025-09-30,86427.21834188848,85698.20919707243,83178.65619470042,85054.8197190438
2025-10-31,88487.4117717091,87841.25153619374,84888.97628922996,87066.55463818955
2025-11-30,88659.96523527114,88758.52207790173,85256.9577780248,87349.40243352667
2025-12-31,89392.98298773998,89343.91390002484,85875.85639497754,87670.12757266099
