Date,adjclose
2000-05-31,33.916080474853516
2000-06-30,36.860923767089844
2000-07-31,35.8411865234375
2000-08-31,38.33757400512695
2000-09-30,37.08135986328125
2000-10-31,35.426368713378906
2000-11-30,31.892671585083008
2000-12-31,34.419898986816406
2001-01-31,36.27120590209961
2001-02-28,33.8447151184082
2001-03-31,32.27446365356445
2001-04-30,34.939998626708984
2001-05-31,35.69641876220703
2001-06-30,36.80672073364258
2001-07-31,34.758670806884766
2001-08-31,33.9134635925293
2001-09-30,28.96857452392578
2001-10-31,30.851579666137695
2001-11-30,33.20804214477539
2001-12-31,35.031654357910156
2002-01-31,34.977115631103516
2002-02-28,33.88636016845703
2002-03-31,36.437679290771484
2002-04-30,36.87446975708008
2002-05-31,35.127197265625
2002-06-30,33.085350036621094
2002-07-31,28.669103622436523
2002-08-31,28.486608505249023
2002-09-30,26.20136833190918
2002-10-31,27.281658172607422
2002-11-30,29.592361450195312
2002-12-31,27.895586013793945
2003-01-31,27.31788444519043
2003-02-28,26.497323989868164
2003-03-31,26.553991317749023
2003-04-30,29.283119201660156
2003-05-31,32.465911865234375
2003-06-30,32.8406867980957
2003-07-31,34.97585678100586
2003-08-31,36.6492919921875
2003-09-30,35.935543060302734
2003-10-31,39.064395904541016
2003-11-30,40.527000427246094
2003-12-31,41.25825500488281
2004-01-31,43.04560852050781
2004-02-29,43.45521545410156
2004-03-31,43.87068557739258
2004-04-30,41.44960403442383
2004-05-31,42.341209411621094
2004-06-30,44.132659912109375
2004-07-31,41.14411926269531
2004-08-31,40.52321243286133
2004-09-30,42.68450164794922
2004-10-31,43.561824798583984
2004-11-30,47.56969451904297
2004-12-31,48.70684814453125
2005-01-31,46.7285041809082
2005-02-28,47.495758056640625
2005-03-31,46.14936828613281
2005-04-30,43.53871154785156
2005-05-31,46.35337829589844
2005-06-30,48.24287414550781
2005-07-31,51.4161491394043
2005-08-31,50.38616180419922
2005-09-30,50.433929443359375
2005-10-31,48.45122528076172
2005-11-30,51.23917770385742
2005-12-31,50.88051223754883
2006-01-31,55.17393493652344
2006-02-28,55.34931945800781
2006-03-31,58.066375732421875
2006-04-30,58.24216079711914
2006-05-31,54.93260192871094
2006-06-30,54.90965270996094
2006-07-31,53.340354919433594
2006-08-31,54.94024658203125
2006-09-30,55.292755126953125
2006-10-31,58.541221618652344
2006-11-30,59.95424270629883
2006-12-31,60.177825927734375
2007-01-31,61.19583511352539
2007-02-28,60.79475402832031
2007-03-31,61.39072799682617
2007-04-30,62.387516021728516
2007-05-31,65.11514282226562
2007-06-30,64.17863464355469
2007-07-31,59.68841552734375
2007-08-31,60.95805740356445
2007-09-30,62.115230560302734
2007-10-31,63.88461685180664
2007-11-30,59.484397888183594
2007-12-31,59.10078430175781
2008-01-31,55.23857879638672
2008-02-29,53.618961334228516
2008-03-31,53.26193618774414
2008-04-30,55.687557220458984
2008-05-31,58.2379264831543
2008-06-30,53.85468673706055
2008-07-31,55.832828521728516
2008-08-31,57.829063415527344
2008-09-30,53.34648513793945
2008-10-31,42.167240142822266
2008-11-30,37.1385612487793
2008-12-31,38.92332077026367
2009-01-31,35.160621643066406
2009-02-28,30.947357177734375
2009-03-31,33.34815216064453
2009-04-30,38.47924041748047
2009-05-31,39.78779602050781
2009-06-30,40.509483337402344
2009-07-31,44.224647521972656
2009-08-31,45.52186584472656
2009-09-30,48.054046630859375
2009-10-31,44.93501663208008
2009-11-30,46.33898162841797
2009-12-31,50.01123046875
2010-01-31,48.14503479003906
2010-02-28,50.29957580566406
2010-03-31,54.4395751953125
2010-04-30,57.530914306640625
2010-05-31,53.19502639770508
2010-06-30,49.07590866088867
2010-07-31,52.379173278808594
2010-08-31,48.480140686035156
2010-09-30,54.51363754272461
2010-10-31,56.77494812011719
2010-11-30,58.753578186035156
2010-12-31,63.4734992980957
2011-01-31,63.238189697265625
2011-02-28,66.74287414550781
2011-03-31,68.42686462402344
2011-04-30,70.23162078857422
2011-05-31,68.97152709960938
2011-06-30,67.3131332397461
2011-07-31,65.02027130126953
2011-08-31,59.23908233642578
2011-09-30,52.63373565673828
2011-10-31,60.58199691772461
2011-11-30,60.352821350097656
2011-12-31,60.66366195678711
2012-01-31,64.99855041503906
2012-02-29,66.66834259033203
2012-03-31,68.32483673095703
2012-04-30,67.21925354003906
2012-05-31,62.796817779541016
2012-06-30,65.96941375732422
2012-07-31,64.96607208251953
2012-08-31,67.26289367675781
2012-09-30,69.45628356933594
2012-10-31,67.94963073730469
2012-11-30,68.3242416381836
2012-12-31,70.7967529296875
2013-01-31,75.21316528320312
2013-02-28,75.96884155273438
2013-03-31,79.50824737548828
2013-04-30,79.23037719726562
2013-05-31,82.3457260131836
2013-06-30,81.67212677001953
2013-07-31,87.66210174560547
2013-08-31,84.88829040527344
2013-09-30,90.39678192138672
2013-10-31,92.5844497680664
2013-11-30,96.24745178222656
2013-12-31,98.19273376464844
2014-01-31,95.46894836425781
2014-02-28,100.03131866455078
2014-03-31,99.28260803222656
2014-04-30,95.5618667602539
2014-05-31,96.31283569335938
2014-06-30,101.39047241210938
2014-07-31,95.25196075439453
2014-08-31,99.85221862792969
2014-09-30,93.9330825805664
2014-10-31,100.12655639648438
2014-11-30,100.23822784423828
2014-12-31,103.13806915283203
2015-01-31,99.7581787109375
2015-02-28,105.69019317626953
2015-03-31,107.5609130859375
2015-04-30,104.80204772949219
2015-05-31,107.14579010009766
2015-06-30,107.98470306396484
2015-07-31,106.7926025390625
2015-08-31,100.05292510986328
2015-09-30,95.11399841308594
2015-10-31,100.46196746826172
2015-11-30,103.7369613647461
2015-12-31,98.51859283447266
2016-01-31,90.06815338134766
2016-02-29,89.86691284179688
2016-03-31,97.06834411621094
2016-04-30,98.69158935546875
2016-05-31,100.90266418457031
2016-06-30,100.88508605957031
2016-07-31,106.81200408935547
2016-08-31,108.7176284790039
2016-09-30,109.88507080078125
2016-10-31,104.83358764648438
2016-11-30,116.431640625
2016-12-31,119.79007720947266
2017-01-31,120.1275863647461
2017-02-28,122.44611358642578
2017-03-31,122.47804260253906
2017-04-30,123.88556671142578
2017-05-31,121.44456481933594
2017-06-30,125.54265594482422
2017-07-31,126.6128158569336
2017-08-31,125.0202407836914
2017-09-30,132.9016571044922
2017-10-31,133.87025451660156
2017-11-30,137.80763244628906
2017-12-31,137.25851440429688
2018-01-31,140.76962280273438
2018-02-28,135.35887145996094
2018-03-31,137.00692749023438
2018-04-30,138.35147094726562
2018-05-31,146.87887573242188
2018-06-30,147.7812042236328
2018-07-31,150.2181854248047
2018-08-31,156.69354248046875
2018-09-30,153.0504150390625
2018-10-31,136.23345947265625
2018-11-30,138.58526611328125
2018-12-31,121.99366760253906
2019-01-31,135.80560302734375
2019-02-28,142.83920288085938
2019-03-31,139.84909057617188
2019-04-30,144.599365234375
2019-05-31,133.2444305419922
2019-06-30,142.55142211914062
2019-07-31,143.52313232421875
2019-08-31,136.4459991455078
2019-09-30,139.2254638671875
2019-10-31,143.00650024414062
2019-11-30,148.82058715820312
2019-12-31,152.96751403808594
2020-01-31,148.22158813476562
2020-02-29,135.11044311523438
2020-03-31,106.09259796142578
2020-04-30,120.783935546875
2020-05-31,128.7459716796875
2020-06-30,133.16184997558594
2020-07-31,137.0493927001953
2020-08-31,144.55474853515625
2020-09-30,139.84034729003906
2020-10-31,142.9211883544922
2020-11-30,168.9959259033203
2020-12-31,183.60806274414062
2021-01-31,192.5047607421875
2021-02-28,204.4449920654297
2021-03-31,207.2970733642578
2021-04-30,211.00315856933594
2021-05-31,211.5755157470703
2021-06-30,215.52976989746094
2021-07-31,207.7118377685547
2021-08-31,212.28799438476562
2021-09-30,206.1732940673828
2021-10-31,214.9386444091797
2021-11-30,205.62669372558594
2021-12-31,210.29747009277344
2022-01-31,190.2461700439453
2022-02-28,192.2126007080078
2022-03-31,194.43743896484375
2022-04-30,175.18980407714844
2022-05-31,175.5308074951172
2022-06-30,160.84527587890625
2022-07-31,177.83587646484375
2022-08-31,174.2743682861328
2022-09-30,157.4386749267578
2022-10-31,175.01356506347656
2022-11-30,178.87030029296875
2022-12-31,167.21844482421875
2023-01-31,183.6372528076172
2023-02-28,180.472412109375
2023-03-31,171.7243194580078
2023-04-30,168.64405822753906
2023-05-31,167.267578125
2023-06-30,180.76161193847656
2023-07-31,191.80404663085938
2023-08-31,182.05502319335938
2023-09-30,171.3982391357422
2023-10-31,159.5475616455078
2023-11-30,174.22996520996094
2023-12-31,195.35743713378906
2024-01-31,187.73622131347656
2024-02-29,198.296875
2024-03-31,205.21141052246094
2024-04-30,191.15985107421875
2024-05-31,200.791015625
2024-06-30,198.5333709716797
2024-07-31,219.05308532714844
2024-08-31,215.35426330566406
2024-09-30,216.8844451904297
2024-10-31,213.81117248535156
2024-11-30,237.48397827148438
2024-12-31,217.59730529785156
2025-01-31,223.03329467773438
2025-02-28,211.38331604003906
2025-03-31,196.89491271972656
2025-04-30,192.3251190185547
2025-05-31,202.40232849121094
2025-06-30,213.57176208496094
2025-07-31,217.134765625
2025-08-31,232.75253295898438
2025-09-30,240.15200805664062
2025-10-31,244.39010620117188
2025-11-30,246.8912811279297
2025-12-31,245.1399383544922
2026-01-31,258.57403564453125
2026-02-28,260.3267517089844
2026-03-31,247.41163635253906
2026-04-30,277.310546875
2026-05-31,289.740966796875
2026-06-30,300.45001220703125
2026-07-31,291.20001220703125
2026-08-31,299.7699890136719
