date,100E,90/10,75/25,50/50
1976-01-01,0.095453,0.079985,0.056783,0.018114
1976-02-01,0.041781,0.038148,0.032500,0.022513
1976-03-01,0.008024,0.008439,0.009091,0.010260
1976-04-01,0.010955,0.006971,0.000727,-0.010459
1976-05-01,-0.003833,-0.004167,-0.004695,-0.005659
1976-06-01,0.009006,0.007516,0.005155,0.000844
1976-07-01,0.026654,0.019533,0.008206,-0.012614
1976-08-01,-0.005606,-0.010007,-0.017136,-0.030667
1976-09-01,0.024379,0.025338,0.026909,0.029955
1976-10-01,-0.031082,-0.027713,-0.022206,-0.011577
1976-11-01,-0.003666,0.005537,0.020445,0.048747
1976-12-01,0.037865,0.036952,0.035508,0.032880
1977-01-01,-0.005372,-0.005942,-0.006844,-0.008493
1977-02-01,-0.023686,-0.019400,-0.012596,-0.000131
1977-03-01,-0.000542,0.006871,0.018508,0.039415
1977-04-01,-0.011937,-0.010283,-0.007736,-0.003303
1977-05-01,0.000645,-0.000993,-0.003505,-0.007847
1977-06-01,0.008998,0.004585,-0.002212,-0.014039
1977-07-01,0.012824,0.013319,0.014089,0.015454
1977-08-01,-0.020786,-0.018039,-0.013766,-0.006205
1977-09-01,-0.011753,-0.007867,-0.001865,0.008629
1977-10-01,-0.021979,-0.014070,-0.001977,0.018821
1977-11-01,0.009811,0.010815,0.012320,0.014824
1977-12-01,-0.000801,-0.001751,-0.003170,-0.005522
1978-01-01,-0.033904,-0.022536,-0.005503,0.022837
1978-02-01,-0.009720,-0.005468,0.000721,0.010563
1978-03-01,0.002657,0.005872,0.010504,0.017753
1978-04-01,0.048300,0.037296,0.021570,-0.002753
1978-05-01,0.055043,0.049728,0.041932,0.029390
1978-06-01,0.006736,0.010409,0.015865,0.024816
1978-07-01,-0.000623,0.002340,0.006700,0.013752
1978-08-01,0.073281,0.075451,0.078621,0.083690
1978-09-01,0.003997,0.006670,0.010557,0.016725
1978-10-01,-0.027735,-0.016352,0.000090,0.025926
1978-11-01,-0.054377,-0.059210,-0.065998,-0.076224
1978-12-01,0.019228,0.017888,0.015982,0.013058
1979-01-01,0.041853,0.047958,0.056665,0.070087
1979-02-01,-0.010570,0.000718,0.016591,0.040555
1979-03-01,0.023412,0.018328,0.011370,0.001267
1979-04-01,0.024309,0.019608,0.013098,0.003484
1979-05-01,-0.018930,-0.006910,0.009922,0.035176
1979-06-01,0.024176,0.032201,0.043116,0.058828
1979-07-01,0.014208,0.020174,0.028142,0.039323
1979-08-01,0.050143,0.045797,0.040071,0.032184
1979-09-01,0.015405,0.039051,0.070505,0.114402
1979-10-01,-0.033525,-0.011175,0.017025,0.053719
1979-11-01,-0.003224,-0.002484,-0.001596,-0.000511
1979-12-01,0.044040,0.065401,0.090973,0.122136
1980-01-01,0.033125,0.122885,0.225713,0.344688
1980-02-01,0.043959,0.028499,0.013572,-0.000851
1980-03-01,-0.087778,-0.107986,-0.128083,-0.148070
1980-04-01,-0.011621,-0.024250,-0.037391,-0.051076
1980-05-01,0.050361,0.037448,0.023652,0.008880
1980-06-01,0.068627,0.090301,0.114060,0.140223
1980-07-01,0.049695,0.054581,0.059718,0.065128
1980-08-01,0.035047,0.020939,0.006244,-0.009075
1980-09-01,0.028358,0.038614,0.049602,0.061404
1980-10-01,0.033248,0.021246,0.008648,-0.004593
1980-11-01,0.046147,0.023608,-0.000629,-0.026763
1980-12-01,-0.012448,-0.038366,-0.067540,-0.100626
1981-01-01,0.000100,0.006630,0.014415,0.023855
1981-02-01,-0.030702,-0.044480,-0.060674,-0.079981
1981-03-01,0.041433,0.033832,0.024614,0.013200
1981-04-01,0.012938,0.009576,0.005430,0.000194
1981-05-01,-0.016173,-0.018928,-0.022351,-0.026715
1981-06-01,0.008576,0.000678,-0.009193,-0.021881
1981-07-01,-0.020163,-0.035001,-0.053880,-0.078707
1981-08-01,0.008026,0.007236,0.006196,0.004764
1981-09-01,-0.083027,-0.058855,-0.026949,0.017109
1981-10-01,0.017272,0.012088,0.005639,-0.002601
1981-11-01,0.030437,0.016289,-0.001514,-0.024596
1981-12-01,0.011794,0.008783,0.004874,-0.000407
1982-01-01,-0.048041,-0.050328,-0.053317,-0.057393
1982-02-01,-0.019139,-0.020163,-0.021510,-0.023359
1982-03-01,-0.027445,-0.040663,-0.058083,-0.082089
1982-04-01,0.054693,0.055508,0.056617,0.058213
1982-05-01,0.005696,-0.001521,-0.011325,-0.025410
1982-06-01,-0.052706,-0.053150,-0.053764,-0.054666
1982-07-01,0.002438,0.011978,0.025173,0.044624
1982-08-01,0.007940,0.017101,0.029492,0.047187
1982-09-01,0.120964,0.132546,0.147884,0.169158
1982-10-01,0.088814,0.069785,0.045177,0.012114
1982-11-01,0.044999,0.036350,0.024699,0.008151
1982-12-01,0.013555,0.021179,0.031653,0.046945
1983-01-01,0.039258,0.045277,0.053402,0.064973
1983-02-01,0.021300,0.021166,0.020987,0.020736
1983-03-01,0.038656,0.012303,-0.022801,-0.071884
1983-04-01,0.041974,0.040696,0.038887,0.036127
1983-05-01,0.044240,0.040359,0.034848,0.026407
1983-06-01,0.017535,0.008795,-0.003729,-0.023173
1983-07-01,0.007081,0.003691,-0.001270,-0.009225
1983-08-01,-0.024072,-0.018031,-0.009117,0.005363
1983-09-01,0.033138,0.028270,0.021195,0.009969
1983-10-01,0.006479,0.001049,-0.006937,-0.019836
1983-11-01,-0.011414,-0.013340,-0.016210,-0.020944
1983-12-01,-0.001281,0.000597,0.003410,0.008087
1984-01-01,0.015759,0.009553,0.000302,-0.014964
1984-02-01,-0.051122,-0.042246,-0.028810,-0.006089
1984-03-01,0.004424,0.006219,0.008874,0.013201
1984-04-01,0.005072,0.001042,-0.004891,-0.014494
1984-05-01,-0.002526,-0.003339,-0.004548,-0.006535
1984-06-01,-0.018483,-0.016509,-0.013568,-0.008718
1984-07-01,-0.009084,-0.016410,-0.027272,-0.045044
1984-08-01,0.092066,0.083086,0.069522,0.046663
1984-09-01,0.014070,0.010861,0.005913,-0.002717
1984-10-01,-0.004124,-0.003560,-0.002682,-0.001132
1984-11-01,0.012859,0.011989,0.010638,0.008256
1984-12-01,-0.007076,-0.012166,-0.020086,-0.034104
1985-01-01,0.046976,0.038809,0.025934,0.002627
1985-02-01,0.057874,0.052623,0.044175,0.028330
1985-03-01,-0.004783,-0.001061,0.005007,0.016657
1985-04-01,0.010247,0.012622,0.016455,0.023685
1985-05-01,0.027356,0.022767,0.015406,0.001669
1985-06-01,0.025110,0.023420,0.020677,0.015451
1985-07-01,0.022472,0.021048,0.018726,0.014268
1985-08-01,-0.018453,-0.014309,-0.007528,0.005580
1985-09-01,-0.018850,-0.019031,-0.019325,-0.019881
1985-10-01,0.014956,0.014430,0.013579,0.011966
1985-11-01,0.064205,0.058601,0.049516,0.032245
1985-12-01,0.052945,0.049463,0.043740,0.032580
1986-01-01,0.007517,0.012140,0.019806,0.034997
1986-02-01,0.056972,0.051374,0.042203,0.024430
1986-03-01,0.061828,0.059175,0.054767,0.046001
1986-04-01,0.027414,0.024804,0.020439,0.011648
1986-05-01,0.004918,0.004968,0.005051,0.005220
1986-06-01,0.031332,0.029539,0.026520,0.020362
1986-07-01,-0.018039,-0.016065,-0.012724,-0.005850
1986-08-01,0.022809,0.026267,0.032087,0.043940
1986-09-01,-0.024562,-0.016239,-0.002359,0.025430
1986-10-01,-0.000899,0.000136,0.001824,0.005065
1986-11-01,0.035329,0.028452,0.017268,-0.004108
1986-12-01,0.017089,0.014894,0.011259,0.004086
1987-01-01,0.066734,0.065325,0.062980,0.058301
1987-02-01,0.064619,0.059551,0.051086,0.034085
1987-03-01,0.043764,0.042371,0.040014,0.035163
1987-04-01,-0.008564,-0.004055,0.003602,0.019467
1987-05-01,0.001728,0.004631,0.009501,0.019359
1987-06-01,0.044984,0.040696,0.033559,0.019320
1987-07-01,0.031221,0.029498,0.026598,0.020692
1987-08-01,0.064540,0.062185,0.058203,0.050022
1987-09-01,-0.030304,-0.028717,-0.026017,-0.020407
1987-10-01,-0.118539,-0.111169,-0.098692,-0.072980
1987-11-01,-0.123034,-0.114752,-0.101039,-0.073946
1987-12-01,-0.013347,-0.009428,-0.003099,0.008856
1988-01-01,0.042465,0.037652,0.029958,0.015689
1988-02-01,0.033286,0.025577,0.013103,-0.010530
1988-03-01,0.032321,0.030418,0.027279,0.021114
1988-04-01,-0.008860,-0.007141,-0.004290,0.001359
1988-05-01,-0.021883,-0.020511,-0.018248,-0.013800
1988-06-01,0.059982,0.055992,0.049429,0.036622
1988-07-01,-0.003069,-0.004806,-0.007691,-0.013425
1988-08-01,-0.017185,-0.017019,-0.016742,-0.016187
1988-09-01,0.019272,0.015505,0.009221,-0.003369
1988-10-01,0.038016,0.034837,0.029480,0.018544
1988-11-01,-0.020202,-0.017239,-0.012203,-0.001759
1988-12-01,0.023260,0.021739,0.019177,0.013946
1989-01-01,0.035127,0.031061,0.024183,0.010031
1989-02-01,0.032999,0.029046,0.022288,0.008092
1989-03-01,-0.001617,-0.001196,-0.000469,0.001089
1989-04-01,0.035648,0.033114,0.028741,0.019385
1989-05-01,0.041153,0.037513,0.031190,0.017480
1989-06-01,0.033926,0.031997,0.028614,0.021134
1989-07-01,0.028002,0.027669,0.027083,0.025773
1989-08-01,0.046908,0.043790,0.038288,0.025973
1989-09-01,0.004555,0.004006,0.003029,0.000805
1989-10-01,0.002863,0.003306,0.004095,0.005899
1989-11-01,-0.018136,-0.014465,-0.007932,0.006956
1989-12-01,0.027367,0.027842,0.028679,0.030545
1990-01-01,-0.022112,-0.021072,-0.019241,-0.015169
1990-02-01,-0.025272,-0.023416,-0.020160,-0.012961
1990-03-01,0.027072,0.023170,0.016361,0.001466
1990-04-01,0.001960,-0.000172,-0.003933,-0.012337
1990-05-01,0.038509,0.036375,0.032590,0.024025
1990-06-01,0.031700,0.028714,0.023388,0.011193
1990-07-01,0.001697,0.002678,0.004441,0.008549
1990-08-01,-0.078612,-0.072431,-0.061343,-0.035664
1990-09-01,-0.043411,-0.042123,-0.039857,-0.034807
1990-10-01,-0.023158,-0.023108,-0.023020,-0.022826
1990-11-01,0.029838,0.028621,0.026487,0.021770
1990-12-01,0.045866,0.043324,0.038850,0.028896
1991-01-01,-0.006852,-0.005838,-0.004042,0.000010
1991-02-01,0.116068,0.108992,0.096494,0.068459
1991-03-01,0.030446,0.029299,0.027237,0.022435
1991-04-01,0.022588,0.021320,0.019032,0.013669
1991-05-01,-0.001789,-0.001863,-0.001998,-0.002316
1991-06-01,0.003470,0.004276,0.005736,0.009184
1991-07-01,0.007805,0.007627,0.007305,0.006549
1991-08-01,0.026789,0.024807,0.021224,0.012791
1991-09-01,-0.003031,-0.003622,-0.004697,-0.007256
1991-10-01,0.001816,0.002669,0.004219,0.007926
1991-11-01,0.000158,0.000288,0.000524,0.001084
1991-12-01,0.009351,0.009187,0.008887,0.008176
1992-01-01,0.073580,0.070517,0.064955,0.051728
1992-02-01,-0.006008,-0.005874,-0.005629,-0.005034
1992-03-01,-0.010124,-0.010632,-0.011562,-0.013812
1992-04-01,0.002643,0.002074,0.001031,-0.001499
1992-05-01,0.020684,0.019965,0.018648,0.015438
1992-06-01,-0.013291,-0.012615,-0.011372,-0.008330
1992-07-01,0.019121,0.019580,0.020422,0.022472
1992-08-01,0.009417,0.008334,0.006349,0.001529
1992-09-01,0.003782,0.003871,0.004034,0.004433
1992-10-01,-0.011821,-0.011571,-0.011111,-0.009988
1992-11-01,0.027569,0.025997,0.023110,0.016066
1992-12-01,0.032712,0.031805,0.030132,0.026011
1993-01-01,0.001429,0.000934,0.000018,-0.002251
1993-02-01,0.017242,0.016820,0.016037,0.014091
1993-03-01,0.021502,0.021013,0.020108,0.017851
1993-04-01,-0.013417,-0.012167,-0.009845,-0.004041
1993-05-01,0.007247,0.008977,0.012178,0.020114
1993-06-01,0.008652,0.008768,0.008983,0.009509
1993-07-01,0.000610,0.002123,0.004908,0.011732
1993-08-01,0.017625,0.016101,0.013308,0.006528
1993-09-01,0.013550,0.011426,0.007517,-0.002062
1993-10-01,0.012419,0.012747,0.013356,0.014866
1993-11-01,0.000075,0.000771,0.002057,0.005245
1993-12-01,0.008872,0.009316,0.010136,0.012160
1994-01-01,0.017359,0.017139,0.016733,0.015736
1994-02-01,-0.000757,-0.001086,-0.001693,-0.003188
1994-03-01,-0.014238,-0.013699,-0.012703,-0.010245
1994-04-01,-0.033464,-0.033036,-0.032247,-0.030305
1994-05-01,0.010582,0.010595,0.010618,0.010673
1994-06-01,0.011081,0.011080,0.011077,0.011072
1994-07-01,-0.005189,-0.005055,-0.004809,-0.004205
1994-08-01,0.030821,0.029585,0.027311,0.021737
1994-09-01,0.008175,0.008747,0.009803,0.012413
1994-10-01,-0.004440,-0.004445,-0.004454,-0.004477
1994-11-01,-0.003699,-0.003975,-0.004486,-0.005741
1994-12-01,-0.010257,-0.010339,-0.010489,-0.010861
1995-01-01,0.024512,0.023797,0.022476,0.019220
1995-02-01,0.038191,0.037052,0.034945,0.029724
1995-03-01,0.025582,0.025303,0.024785,0.023494
1995-04-01,0.032156,0.031934,0.031524,0.030498
1995-05-01,0.033478,0.032279,0.030051,0.024475
1995-06-01,0.031784,0.031176,0.030041,0.027180
1995-07-01,0.035475,0.034576,0.032898,0.028650
1995-08-01,0.005131,0.004870,0.004380,0.003133
1995-09-01,0.037177,0.036324,0.034727,0.030652
1995-10-01,0.009126,0.008937,0.008582,0.007672
1995-11-01,0.023584,0.023208,0.022500,0.020684
1995-12-01,0.033891,0.033306,0.032205,0.029369
1996-01-01,0.001626,0.002216,0.003327,0.006201
1996-02-01,0.059044,0.058099,0.056320,0.051743
1996-03-01,-0.002007,-0.002385,-0.003099,-0.004946
1996-04-01,0.001970,0.001768,0.001384,0.000390
1996-05-01,0.023548,0.023051,0.022111,0.019667
1996-06-01,0.012786,0.012228,0.011172,0.008418
1996-07-01,-0.034766,-0.034218,-0.033180,-0.030463
1996-08-01,0.030758,0.030370,0.029638,0.027728
1996-09-01,0.020237,0.019665,0.018582,0.015750
1996-10-01,0.041195,0.040364,0.038787,0.034648
1996-11-01,0.050521,0.049515,0.047603,0.042557
1996-12-01,0.011982,0.011412,0.010324,0.007435
1997-01-01,0.032575,0.031483,0.029397,0.023833
1997-02-01,0.043612,0.042630,0.040750,0.035696
1997-03-01,-0.006237,-0.005947,-0.005391,-0.003885
1997-04-01,-0.034052,-0.033869,-0.033518,-0.032570
1997-05-01,0.092178,0.090857,0.088321,0.081485
1997-06-01,0.053368,0.052566,0.051023,0.046825
1997-07-01,0.057359,0.056072,0.053589,0.046799
1997-08-01,0.003478,0.003437,0.003358,0.003139
1997-09-01,0.011920,0.011751,0.011422,0.010517
1997-10-01,0.016454,0.016346,0.016136,0.015557
1997-11-01,-0.011520,-0.012013,-0.012966,-0.015604
1997-12-01,0.026346,0.025509,0.023884,0.019373
1998-01-01,0.002371,0.002360,0.002340,0.002283
1998-02-01,0.064022,0.063697,0.063064,0.061299
1998-03-01,0.053129,0.052605,0.051584,0.048728
1998-04-01,0.034057,0.034122,0.034249,0.034606
1998-05-01,-0.002219,-0.002455,-0.002915,-0.004206
1998-06-01,0.001165,0.000966,0.000580,-0.000508
1998-07-01,0.044677,0.044329,0.043651,0.041739
1998-08-01,-0.069710,-0.069400,-0.068794,-0.067083
1998-09-01,-0.048985,-0.048447,-0.047399,-0.044446
1998-10-01,0.012909,0.013005,0.013194,0.013723
1998-11-01,0.109744,0.108727,0.106746,0.101192
1998-12-01,0.041041,0.040653,0.039895,0.037754
1999-01-01,0.050477,0.049980,0.049009,0.046259
1999-02-01,-0.000667,-0.000656,-0.000635,-0.000575
1999-03-01,0.029235,0.028996,0.028527,0.027196
1999-04-01,0.042500,0.042131,0.041409,0.039352
1999-05-01,-0.000988,-0.001123,-0.001388,-0.002142
1999-06-01,-0.006118,-0.006425,-0.007028,-0.008751
1999-07-01,0.045224,0.044831,0.044061,0.041854
1999-08-01,-0.037744,-0.037517,-0.037072,-0.035794
1999-09-01,-0.005980,-0.005761,-0.005330,-0.004094
1999-10-01,-0.012725,-0.011589,-0.009357,-0.002975
1999-11-01,0.071059,0.070137,0.068330,0.063209
1999-12-01,0.028087,0.027688,0.026905,0.024668
2000-01-01,-0.001189,-0.001156,-0.001090,-0.000901
2000-02-01,-0.024781,-0.024302,-0.023361,-0.020669
2000-03-01,0.039410,0.038860,0.037782,0.034709
2000-04-01,0.014247,0.014021,0.013578,0.012310
2000-05-01,-0.028388,-0.028317,-0.028177,-0.027777
2000-06-01,0.031635,0.031674,0.031750,0.031970
2000-07-01,0.008503,0.008368,0.008103,0.007341
2000-08-01,0.009397,0.009198,0.008806,0.007682
2000-09-01,-0.010797,-0.010753,-0.010666,-0.010418
2000-10-01,-0.052142,-0.051926,-0.051500,-0.050277
2000-11-01,-0.007726,-0.007767,-0.007847,-0.008079
2000-12-01,-0.033201,-0.032891,-0.032281,-0.030533
2001-01-01,0.004550,0.004388,0.004071,0.003163
2001-02-01,-0.021363,-0.021317,-0.021227,-0.020968
2001-03-01,-0.090799,-0.090229,-0.089109,-0.085903
2001-04-01,0.004487,0.004393,0.004209,0.003686
2001-05-01,0.068793,0.068642,0.068346,0.067501
2001-06-01,-0.023887,-0.023784,-0.023583,-0.023009
2001-07-01,-0.026602,-0.026495,-0.026283,-0.025681
2001-08-01,-0.020458,-0.020204,-0.019705,-0.018282
2001-09-01,-0.112473,-0.111426,-0.109373,-0.103535
2001-10-01,0.031840,0.031575,0.031056,0.029595
2001-11-01,0.050531,0.049950,0.048814,0.045604
2001-12-01,0.014660,0.014547,0.014324,0.013692
2002-01-01,-0.002977,-0.002810,-0.002483,-0.001556
2002-02-01,-0.033528,-0.032923,-0.031739,-0.028383
2002-03-01,0.049453,0.049024,0.048187,0.045824
2002-04-01,-0.035144,-0.034662,-0.033718,-0.031048
2002-05-01,-0.028204,-0.027667,-0.026620,-0.023665
2002-06-01,-0.059210,-0.058523,-0.057185,-0.053427
2002-07-01,-0.107585,-0.106817,-0.105323,-0.101150
2002-08-01,0.011388,0.011175,0.010762,0.009616
2002-09-01,-0.047577,-0.046823,-0.045360,-0.041290
2002-10-01,-0.013670,-0.013611,-0.013495,-0.013176
2002-11-01,0.066256,0.065630,0.064417,0.061065
2002-12-01,-0.010351,-0.009837,-0.008839,-0.006071
2003-01-01,-0.002225,-0.001400,0.000199,0.004619
2003-02-01,-0.064148,-0.063344,-0.061788,-0.057515
2003-03-01,0.013079,0.012285,0.010753,0.006572
2003-04-01,0.052859,0.051828,0.049835,0.044365
2003-05-01,0.053122,0.053447,0.054077,0.055819
2003-06-01,0.057042,0.056441,0.055277,0.052066
2003-07-01,0.005959,0.005743,0.005323,0.004162
2003-08-01,-0.001663,-0.001394,-0.000872,0.000577
2003-09-01,0.031612,0.031837,0.032274,0.033484
2003-10-01,0.020278,0.020063,0.019644,0.018488
2003-11-01,0.012106,0.012282,0.012622,0.013565
2003-12-01,0.030638,0.030776,0.031044,0.031784
2004-01-01,0.049350,0.049001,0.048327,0.046462
2004-02-01,0.010867,0.010531,0.009879,0.008074
2004-03-01,-0.015652,-0.015450,-0.015059,-0.013973
2004-04-01,0.009681,0.009496,0.009137,0.008142
2004-05-01,-0.025643,-0.025871,-0.026313,-0.027543
2004-06-01,0.028577,0.028516,0.028398,0.028069
2004-07-01,-0.022388,-0.022027,-0.021325,-0.019372
2004-08-01,-0.013876,-0.013673,-0.013281,-0.012192
2004-09-01,0.027826,0.027662,0.027342,0.026457
2004-10-01,0.001026,0.001397,0.002117,0.004115
2004-11-01,0.047739,0.047710,0.047653,0.047497
2004-12-01,0.027274,0.027052,0.026621,0.025430
2005-01-01,-0.013492,-0.013774,-0.014321,-0.015835
2005-02-01,0.016812,0.016627,0.016269,0.015274
2005-03-01,-0.002556,-0.002287,-0.001763,-0.000309
2005-04-01,-0.024089,-0.023953,-0.023689,-0.022957
2005-05-01,0.013359,0.013046,0.012439,0.010758
2005-06-01,0.021807,0.021797,0.021778,0.021725
2005-07-01,0.018078,0.017756,0.017130,0.015392
2005-08-01,0.003100,0.003375,0.003910,0.005399
2005-09-01,0.002797,0.003179,0.003920,0.005980
2005-10-01,-0.026242,-0.025661,-0.024533,-0.021406
2005-11-01,0.039615,0.039342,0.038811,0.037348
2005-12-01,0.021441,0.021958,0.022958,0.025724
2006-01-01,0.014668,0.015370,0.016730,0.020475
2006-02-01,-0.000166,-0.000054,0.000162,0.000754
2006-03-01,0.014861,0.014730,0.014475,0.013778
2006-04-01,0.007983,0.009021,0.011024,0.016517
2006-05-01,-0.007866,-0.006411,-0.003608,0.004021
2006-06-01,-0.027058,-0.028343,-0.030805,-0.037438
2006-07-01,0.007200,0.007922,0.009310,0.013085
2006-08-01,0.022918,0.022581,0.021935,0.020187
2006-09-01,0.025312,0.024251,0.022212,0.016684
2006-10-01,0.036159,0.035460,0.034112,0.030430
2006-11-01,0.020016,0.020618,0.021780,0.024969
2006-12-01,0.021483,0.021259,0.020827,0.019646
2007-01-01,0.006928,0.006871,0.006762,0.006461
2007-02-01,0.015960,0.016405,0.017262,0.019611
2007-03-01,-0.024739,-0.024616,-0.024380,-0.023734
2007-04-01,0.041803,0.041747,0.041641,0.041350
2007-05-01,0.033918,0.033275,0.032037,0.028659
2007-06-01,0.003449,0.003202,0.002725,0.001417
2007-07-01,0.005746,0.005851,0.006054,0.006612
2007-08-01,-0.042011,-0.041520,-0.040571,-0.037968
2007-09-01,0.030747,0.031238,0.032184,0.034770
2007-10-01,0.029916,0.030283,0.030988,0.032911
2007-11-01,-0.048063,-0.046548,-0.043632,-0.035710
2007-12-01,0.012382,0.012147,0.011696,0.010484
2008-01-01,-0.066352,-0.063857,-0.059076,-0.046209
2008-02-01,-0.015640,-0.014750,-0.013059,-0.008592
2008-03-01,-0.026266,-0.024904,-0.022320,-0.015536
2008-04-01,0.042438,0.040455,0.036711,0.026974
2008-05-01,0.025626,0.024779,0.023171,0.018936
2008-06-01,-0.042466,-0.041748,-0.040380,-0.036757
2008-07-01,-0.060785,-0.058756,-0.054903,-0.044748
2008-08-01,0.021105,0.018615,0.013914,0.001706
2008-09-01,-0.048475,-0.047835,-0.046618,-0.043404
2008-10-01,-0.201936,-0.198864,-0.193034,-0.177712
2008-11-01,-0.086053,-0.085425,-0.084245,-0.081223
2008-12-01,-0.003512,-0.001830,0.001322,0.009355
2009-01-01,-0.010956,-0.009455,-0.006658,0.000392
2009-02-01,-0.067025,-0.062856,-0.055117,-0.035803
2009-03-01,-0.056874,-0.055780,-0.053774,-0.048907
2009-04-01,0.123218,0.118303,0.109327,0.087708
2009-05-01,0.066598,0.065979,0.064834,0.062000
2009-06-01,0.028689,0.028421,0.027924,0.026691
2009-07-01,0.012776,0.012139,0.010958,0.008016
2009-08-01,0.081207,0.079582,0.076564,0.069018
2009-09-01,0.036503,0.036815,0.037396,0.038862
2009-10-01,0.024031,0.024572,0.025580,0.028120
2009-11-01,0.020943,0.022391,0.025085,0.031849
2009-12-01,0.022259,0.021861,0.021125,0.019294
2010-01-01,0.013570,0.012851,0.011518,0.008194
2010-02-01,-0.028985,-0.028767,-0.028363,-0.027351
2010-03-01,0.059430,0.058359,0.056368,0.051388
2010-04-01,0.040879,0.040661,0.040255,0.039232
2010-05-01,-0.058824,-0.056260,-0.051481,-0.039428
2010-06-01,-0.035436,-0.033902,-0.031064,-0.024033
2010-07-01,-0.001591,-0.002450,-0.004032,-0.007914
2010-08-01,0.008636,0.008920,0.009445,0.010740
2010-09-01,0.033712,0.034030,0.034618,0.036065
2010-10-01,0.045774,0.046054,0.046569,0.047836
2010-11-01,0.024909,0.024793,0.024581,0.024058
2010-12-01,0.037137,0.036525,0.035397,0.032628
2011-01-01,0.034622,0.033092,0.030268,0.023311
2011-02-01,0.031509,0.030966,0.029961,0.027462
2011-03-01,-0.011125,-0.009952,-0.007775,-0.002342
2011-04-01,0.022210,0.022692,0.023585,0.025796
2011-05-01,0.006592,0.006990,0.007725,0.009538
2011-06-01,-0.036626,-0.035326,-0.032928,-0.027020
2011-07-01,0.031017,0.030942,0.030803,0.030464
2011-08-01,-0.104006,-0.097671,-0.086025,-0.057569
2011-09-01,-0.007892,-0.007350,-0.006373,-0.004088
2011-10-01,0.030189,0.026970,0.021178,0.007673
2011-11-01,0.017671,0.018520,0.020061,0.023723
2011-12-01,0.015548,0.013111,0.008698,-0.001736
2012-01-01,0.047826,0.046598,0.044359,0.038988
2012-02-01,0.041626,0.042026,0.042757,0.044523
2012-03-01,0.028838,0.026753,0.022943,0.013755
2012-04-01,-0.000382,-0.000827,-0.001645,-0.003641
2012-05-01,-0.030910,-0.031066,-0.031354,-0.032060
2012-06-01,-0.011524,-0.011031,-0.010122,-0.007896
2012-07-01,0.029211,0.028300,0.026626,0.022535
2012-08-01,0.033877,0.033566,0.032992,0.031582
2012-09-01,0.030212,0.031304,0.033319,0.038282
2012-10-01,-0.002171,-0.002081,-0.001915,-0.001509
2012-11-01,-0.028375,-0.027974,-0.027238,-0.025438
2012-12-01,0.021755,0.020511,0.018226,0.012656
2013-01-01,0.042688,0.041296,0.038732,0.032432
2013-02-01,0.023330,0.022018,0.019592,0.013578
2013-03-01,0.027225,0.026010,0.023756,0.018122
2013-04-01,0.014538,0.012609,0.009017,-0.000030
2013-05-01,0.045743,0.043638,0.039695,0.029643
2013-06-01,-0.011178,-0.011958,-0.013427,-0.017225
2013-07-01,0.032545,0.031084,0.028325,0.021157
2013-08-01,0.002525,0.003404,0.005070,0.009441
2013-09-01,0.011925,0.011657,0.011150,0.009829
2013-10-01,0.021175,0.020343,0.018767,0.014650
2013-11-01,0.038600,0.037367,0.035027,0.028881
2013-12-01,0.015217,0.014259,0.012435,0.007605
2014-01-01,0.009678,0.009818,0.010085,0.010798
2014-02-01,-0.001300,-0.000579,0.000799,0.004467
2014-03-01,0.027223,0.027237,0.027264,0.027336
2014-04-01,0.002017,0.001519,0.000571,-0.001942
2014-05-01,0.015320,0.014955,0.014259,0.012408
2014-06-01,0.031963,0.031346,0.030167,0.027024
2014-07-01,0.014958,0.015104,0.015382,0.016127
2014-08-01,-0.004270,-0.004384,-0.004603,-0.005188
2014-09-01,0.017780,0.016829,0.015010,0.010142
2014-10-01,-0.026466,-0.026252,-0.025842,-0.024736
2014-11-01,0.057057,0.055680,0.053043,0.045949
2014-12-01,0.006339,0.006538,0.006920,0.007959
2015-01-01,-0.011100,-0.010397,-0.009046,-0.005382
2015-02-01,0.028274,0.027613,0.026345,0.022925
2015-03-01,0.000554,0.000018,-0.001010,-0.003798
2015-04-01,0.008784,0.008892,0.009101,0.009668
2015-05-01,0.009789,0.009659,0.009409,0.008729
2015-06-01,-0.004355,-0.004482,-0.004728,-0.005395
2015-07-01,-0.000796,-0.001358,-0.002438,-0.005382
2015-08-01,-0.024244,-0.024061,-0.023709,-0.022746
2015-09-01,-0.045071,-0.044440,-0.043224,-0.039904
2015-10-01,0.043171,0.043009,0.042696,0.041847
2015-11-01,0.029325,0.028144,0.025870,0.019683
2015-12-01,-0.011030,-0.011016,-0.010989,-0.010916
2016-01-01,-0.064196,-0.063204,-0.061288,-0.056030
2016-02-01,-0.005499,-0.004250,-0.001844,0.004706
2016-03-01,0.063627,0.063270,0.062583,0.060732
2016-04-01,0.028313,0.027894,0.027091,0.024920
2016-05-01,-0.003044,-0.002804,-0.002343,-0.001093
2016-06-01,0.010665,0.010686,0.010727,0.010839
2016-07-01,0.032974,0.033167,0.033536,0.034537
2016-08-01,0.011993,0.011864,0.011618,0.010952
2016-09-01,-0.004387,-0.004464,-0.004614,-0.005018
2016-10-01,-0.005060,-0.005602,-0.006645,-0.009467
2016-11-01,0.012012,0.011568,0.010713,0.008391
2016-12-01,0.039460,0.038147,0.035617,0.028719
2017-01-01,0.014376,0.014553,0.014894,0.015832
2017-02-01,0.025764,0.025874,0.026085,0.026666
2017-03-01,0.017493,0.017265,0.016824,0.015614
2017-04-01,-0.001540,-0.001196,-0.000532,0.001296
2017-05-01,0.016924,0.016534,0.015782,0.013718
2017-06-01,0.017764,0.017693,0.017554,0.017172
2017-07-01,0.009879,0.009560,0.008942,0.007242
2017-08-01,0.002478,0.002858,0.003595,0.005627
2017-09-01,0.016533,0.016619,0.016786,0.017245
2017-10-01,0.027348,0.026738,0.025559,0.022318
2017-11-01,0.015896,0.015744,0.015452,0.014643
2017-12-01,0.028835,0.028384,0.027509,0.025092
2018-01-01,0.048619,0.048662,0.048746,0.048980
2018-02-01,-0.028867,-0.028576,-0.028011,-0.026445
2018-03-01,0.000646,0.000591,0.000485,0.000190
2018-04-01,-0.016640,-0.016385,-0.015892,-0.014528
2018-05-01,0.019616,0.019154,0.018258,0.015783
2018-06-01,0.021130,0.020740,0.019983,0.017886
2018-07-01,0.015807,0.015312,0.014349,0.011673
2018-08-01,0.024508,0.024003,0.023021,0.020280
2018-09-01,0.016797,0.016623,0.016282,0.015329
2018-10-01,-0.038490,-0.038028,-0.037128,-0.034606
2018-11-01,-0.020761,-0.020529,-0.020078,-0.018818
2018-12-01,-0.055625,-0.054867,-0.053393,-0.049283
2019-01-01,0.017356,0.017518,0.017831,0.018699
2019-02-01,0.058289,0.057910,0.057175,0.055139
2019-03-01,0.019480,0.019138,0.018473,0.016627
2019-04-01,0.037232,0.036757,0.035835,0.033267
2019-05-01,-0.015318,-0.015192,-0.014946,-0.014260
2019-06-01,0.014047,0.014468,0.015285,0.017565
2019-07-01,0.038273,0.038287,0.038312,0.038384
2019-08-01,-0.031344,-0.030426,-0.028644,-0.023687
2019-09-01,0.030852,0.030593,0.030090,0.028703
2019-10-01,0.000098,-0.000013,-0.000228,-0.000823
2019-11-01,0.044337,0.043708,0.042488,0.039110
2019-12-01,0.024693,0.024506,0.024144,0.023134
2020-01-01,0.033464,0.033673,0.034079,0.035209
2020-02-01,0.001221,0.001438,0.001861,0.003037
2020-03-01,-0.189177,-0.187308,-0.183679,-0.173604
2020-04-01,0.043186,0.043360,0.043696,0.044613
2020-05-01,0.058874,0.058381,0.057432,0.054843
2020-06-01,0.065083,0.064414,0.063123,0.059591
2020-07-01,0.034764,0.035121,0.035810,0.037703
2020-08-01,0.058935,0.059020,0.059183,0.059631
2020-09-01,-0.006270,-0.006477,-0.006876,-0.007969
2020-10-01,0.017260,0.016928,0.016287,0.014529
2020-11-01,0.039541,0.038892,0.037637,0.034183
2020-12-01,0.042601,0.042100,0.041131,0.038451
2021-01-01,0.027953,0.027715,0.027252,0.025969
2021-02-01,0.024915,0.024352,0.023259,0.020221
2021-03-01,0.008214,0.007666,0.006603,0.003635
2021-04-01,0.060215,0.059895,0.059273,0.057531
2021-05-01,0.007602,0.007978,0.008710,0.010765
2021-06-01,0.018104,0.017866,0.017401,0.016101
2021-07-01,0.030682,0.030286,0.029516,0.027355
2021-08-01,0.021852,0.021565,0.021005,0.019430
2021-09-01,-0.000845,-0.000884,-0.000960,-0.001175
2021-10-01,0.004522,0.004493,0.004437,0.004280
2021-11-01,0.047447,0.047270,0.046923,0.045944
2021-12-01,0.002654,0.002498,0.002194,0.001335
2022-01-01,-0.020520,-0.020252,-0.019728,-0.018249
2022-02-01,-0.029026,-0.028618,-0.027822,-0.025576
2022-03-01,-0.008926,-0.008438,-0.007486,-0.004810
2022-04-01,0.001183,0.001123,0.001005,0.000675
2022-05-01,-0.078727,-0.078436,-0.077868,-0.076276
2022-06-01,-0.033694,-0.033445,-0.032962,-0.031610
2022-07-01,0.004647,0.004073,0.002958,-0.000156
2022-08-01,0.064474,0.064068,0.063276,0.061058
2022-09-01,-0.072774,-0.072561,-0.072145,-0.070976
2022-10-01,-0.030912,-0.030728,-0.030370,-0.029367
2022-11-01,0.052851,0.052706,0.052422,0.051629
2022-12-01,0.000108,0.000473,0.001185,0.003180
2023-01-01,0.013765,0.014145,0.014886,0.016959
2023-02-01,0.031470,0.030958,0.029962,0.027185
2023-03-01,-0.025854,-0.025342,-0.024344,-0.021551
2023-04-01,0.039962,0.040015,0.040117,0.040402
2023-05-01,0.007377,0.007270,0.007063,0.006485
2023-06-01,0.049422,0.048724,0.047366,0.043578
2023-07-01,0.038760,0.038458,0.037867,0.036213
2023-08-01,-0.011250,-0.011295,-0.011383,-0.011630
2023-09-01,0.013104,0.012982,0.012743,0.012072
2023-10-01,-0.054558,-0.054103,-0.053217,-0.050723
2023-11-01,0.044657,0.044576,0.044418,0.043975
2023-12-01,0.050446,0.050191,0.049695,0.048304
2024-01-01,0.025494,0.025311,0.024954,0.023952
2024-02-01,0.043183,0.042781,0.041997,0.039791
2024-03-01,0.031646,0.031923,0.032463,0.033986
2024-04-01,-0.011233,-0.010484,-0.009024,-0.004910
2024-05-01,0.024008,0.023869,0.023599,0.022841
2024-06-01,0.034365,0.033971,0.033203,0.031050
2024-07-01,0.022688,0.022757,0.022891,0.023267
2024-08-01,-0.010796,-0.010451,-0.009776,-0.007882
2024-09-01,0.026113,0.026241,0.026490,0.027190
2024-10-01,0.030431,0.030575,0.030855,0.031638
2024-11-01,0.023756,0.023408,0.022732,0.020842
2024-12-01,0.013658,0.013528,0.013275,0.012566
2025-01-01,-0.005222,-0.004976,-0.004497,-0.003153
2025-02-01,0.009895,0.010413,0.011421,0.014246
2025-03-01,-0.058740,-0.057902,-0.056274,-0.051730
2025-04-01,-0.055327,-0.053955,-0.051291,-0.043908
2025-05-01,0.082209,0.081581,0.080370,0.077046
2025-06-01,0.037693,0.037419,0.036889,0.035428
2025-07-01,0.044204,0.043684,0.042676,0.039895
2025-08-01,0.017859,0.017761,0.017569,0.017040
2025-09-01,0.027316,0.027949,0.029177,0.032581
2025-10-01,0.023036,0.023944,0.025702,0.030553
2025-11-01,0.000772,0.000847,0.000990,0.001385
2025-12-01,0.016636,0.017082,0.017942,0.020301
