date,SPY 100%,QQQ 70 / XLE 30,QQQ 50 / XLE 50,QQQ 100%
1999-03-31,0.996120,1.024624,1.022680,1.027540
1999-04-30,1.033947,1.086960,1.110254,1.052020
1999-05-31,1.010306,1.056262,1.081121,1.018972
1999-06-30,1.066255,1.139946,1.147564,1.128519
1999-07-31,1.033178,1.132438,1.148515,1.108323
1999-08-31,1.027827,1.178749,1.185308,1.168911
1999-09-30,1.004868,1.169024,1.162571,1.178703
1999-10-31,1.069258,1.240186,1.208551,1.287638
1999-11-30,1.087062,1.345841,1.283459,1.439413
1999-12-31,1.149144,1.593256,1.462444,1.789474
2000-01-31,1.091931,1.572872,1.450503,1.756426
2000-02-29,1.075306,1.792241,1.593351,2.090576
2000-03-31,1.179518,1.870855,1.688471,2.144432
2000-04-30,1.138093,1.663133,1.534842,1.855569
2000-05-31,1.120199,1.546539,1.492294,1.627907
2000-06-30,1.142246,1.665518,1.555953,1.829866
2000-07-31,1.124311,1.596028,1.492360,1.751531
2000-08-31,1.197774,1.803505,1.679036,1.990209
2000-09-30,1.132062,1.633753,1.564210,1.738067
2000-10-31,1.126766,1.525811,1.476311,1.600062
2000-11-30,1.042649,1.247918,1.257546,1.233476
2000-12-31,1.037200,1.223984,1.277836,1.143207
2001-01-31,1.083313,1.291706,1.313349,1.259242
2001-02-28,0.979978,1.055735,1.140056,0.929254
2001-03-31,0.925064,0.929863,1.038633,0.766708
2001-04-30,1.004101,1.066421,1.174839,0.903795
2001-05-31,0.998472,1.042856,1.154104,0.875985
2001-06-30,0.974679,1.016998,1.098342,0.894982
2001-07-31,0.964741,0.958483,1.052256,0.817822
2001-08-31,0.907501,0.871816,0.974789,0.717356
2001-09-30,0.833421,0.731370,0.840590,0.567540
2001-10-31,0.844274,0.812274,0.911195,0.663892
2001-11-30,0.910109,0.871690,0.935150,0.776500
2001-12-31,0.915240,0.880308,0.959174,0.762008
2002-01-31,0.906272,0.862481,0.934686,0.754174
2002-02-28,0.890018,0.809073,0.907426,0.661542
2002-03-31,0.919629,0.870957,0.980799,0.706193
2002-04-30,0.866147,0.798041,0.915804,0.621396
2002-05-31,0.861008,0.768485,0.888609,0.588299
2002-06-30,0.797459,0.701409,0.828256,0.511139
2002-07-31,0.734604,0.622957,0.726879,0.467075
2002-08-31,0.739600,0.622481,0.730786,0.460025
2002-09-30,0.662051,0.563068,0.667929,0.405777
2002-10-31,0.716527,0.620715,0.714003,0.480783
2002-11-30,0.760723,0.675908,0.764604,0.542864
2002-12-31,0.717689,0.630052,0.731915,0.477258
2003-01-31,0.700037,0.623589,0.720229,0.478629
2003-02-28,0.690602,0.641943,0.741418,0.492730
2003-03-31,0.692080,0.643539,0.742904,0.494492
2003-04-30,0.750638,0.671167,0.760227,0.537577
2003-05-31,0.791800,0.734557,0.835326,0.583403
2003-06-30,0.800234,0.732561,0.829911,0.586536
2003-07-31,0.814660,0.746542,0.829060,0.622766
2003-08-31,0.831463,0.788154,0.877653,0.653905
2003-09-30,0.822395,0.768043,0.856800,0.634908
2003-10-31,0.866416,0.808974,0.888983,0.688960
2003-11-30,0.875877,0.814272,0.895203,0.692877
2003-12-31,0.919945,0.872381,0.977764,0.714306
2004-01-31,0.938133,0.889127,0.997706,0.726257
2004-02-29,0.950863,0.902273,1.026148,0.716461
2004-03-31,0.938269,0.889757,1.014821,0.702159
2004-04-30,0.920516,0.881870,1.015652,0.681197
2004-05-31,0.936278,0.905059,1.031052,0.716069
2004-06-30,0.953600,0.946562,1.084682,0.739383
2004-07-31,0.922877,0.920696,1.078795,0.683548
2004-08-31,0.925125,0.901951,1.058917,0.666503
2004-09-30,0.934410,0.959818,1.140734,0.688445
2004-10-31,0.946450,0.986828,1.162763,0.722926
2004-11-30,0.988583,1.049700,1.238553,0.766420
2004-12-31,1.018361,1.051438,1.226008,0.789583
2005-01-31,0.995528,1.033438,1.229236,0.739740
2005-02-28,1.016339,1.117454,1.371637,0.736180
2005-03-31,0.997747,1.096958,1.346048,0.723323
2005-04-30,0.979054,1.042981,1.277052,0.691875
2005-05-31,1.010603,1.101470,1.333657,0.753190
2005-06-30,1.012135,1.124019,1.387932,0.728149
2005-07-31,1.050860,1.206356,1.488204,0.783582
2005-08-31,1.041009,1.240055,1.552289,0.771704
2005-09-30,1.049364,1.290703,1.630367,0.781206
2005-10-31,1.024545,1.215306,1.512492,0.769526
2005-11-30,1.069576,1.258268,1.552815,0.816446
2005-12-31,1.067530,1.260475,1.566162,0.801944
2006-01-31,1.093166,1.384699,1.752166,0.833498
2006-02-28,1.099424,1.298269,1.620024,0.815637
2006-03-31,1.117569,1.341073,1.679994,0.832692
2006-04-30,1.131686,1.378149,1.742847,0.831104
2006-05-31,1.097599,1.313868,1.675826,0.770931
2006-06-30,1.100461,1.333187,1.708341,0.770456
2006-07-31,1.105389,1.336535,1.736046,0.737269
2006-08-31,1.129512,1.319470,1.684155,0.772443
2006-09-30,1.160011,1.316063,1.654584,0.808281
2006-10-31,1.196570,1.374930,1.727111,0.846657
2006-11-30,1.220364,1.462347,1.853453,0.875688
2006-12-31,1.236682,1.426901,1.805344,0.859235
2007-01-31,1.255282,1.431980,1.801731,0.877352
2007-02-28,1.230657,1.404914,1.766443,0.862620
2007-03-31,1.244919,1.458453,1.852657,0.867147
2007-04-30,1.300064,1.535984,1.949604,0.915555
2007-05-31,1.344162,1.625840,2.080106,0.944440
2007-06-30,1.324510,1.641584,2.103330,0.948966
2007-07-31,1.283039,1.640749,2.102867,0.947570
2007-08-31,1.299504,1.671207,2.135821,0.974285
2007-09-30,1.349813,1.780219,2.283394,1.025456
2007-10-31,1.368125,1.857750,2.364475,1.097662
2007-11-30,1.315134,1.759933,2.250914,1.023461
2007-12-31,1.300325,1.845838,2.394576,1.022731
2008-01-31,1.221706,1.621879,2.102378,0.901129
2008-02-29,1.190134,1.683255,2.233691,0.857600
2008-03-31,1.179491,1.669195,2.199553,0.873657
2008-04-30,1.235708,1.827832,2.417455,0.943398
2008-05-31,1.254389,1.927692,2.546587,0.999350
2008-06-30,1.149551,1.899184,2.563131,0.903263
2008-07-31,1.139222,1.701639,2.230024,0.909062
2008-08-31,1.156827,1.714458,2.242589,0.922260
2008-09-30,1.047885,1.454308,1.904775,0.778606
2008-10-31,0.874788,1.199044,1.559645,0.658143
2008-11-30,0.813897,1.130148,1.495110,0.582704
2008-12-31,0.821870,1.106942,1.447587,0.595975
2009-01-31,0.754383,1.085129,1.420317,0.582348
2009-02-28,0.673325,0.980064,1.265649,0.551687
2009-03-31,0.729421,1.042260,1.331365,0.608602
2009-04-30,0.801886,1.146086,1.451417,0.688089
2009-05-31,0.848759,1.247171,1.605172,0.710170
2009-06-30,0.848203,1.212730,1.533790,0.731140
2009-07-31,0.911484,1.293409,1.627123,0.792839
2009-08-31,0.945153,1.309592,1.646323,0.804495
2009-09-30,0.978666,1.385009,1.741726,0.849933
2009-10-31,0.959850,1.386331,1.761229,0.823982
2009-11-30,1.018984,1.445947,1.825722,0.876286
2009-12-31,1.038448,1.485192,1.860735,0.921878
2010-01-31,1.000708,1.406463,1.769283,0.862232
2010-02-28,1.031924,1.458410,1.829398,0.901929
2010-03-31,1.094748,1.530391,1.903001,0.971476
2010-04-30,1.111683,1.580974,1.972782,0.993261
2010-05-31,1.023356,1.428160,1.767042,0.919836
2010-06-30,0.970406,1.343211,1.662106,0.864869
2010-07-31,1.036685,1.448934,1.796461,0.927644
2010-08-31,0.990055,1.376416,1.707322,0.880056
2010-09-30,1.078719,1.533570,1.891959,0.995985
2010-10-31,1.119928,1.625200,2.002594,1.059110
2010-11-30,1.119928,1.675692,2.087965,1.057283
2010-12-31,1.194798,1.798082,2.258417,1.107579
2011-01-31,1.222637,1.893436,2.396461,1.138899
2011-02-28,1.265108,1.999407,2.549081,1.174896
2011-03-31,1.265260,2.017877,2.583375,1.169629
2011-04-30,1.301903,2.052376,2.618471,1.203233
2011-05-31,1.287303,1.991440,2.526687,1.188569
2011-06-30,1.265587,1.952302,2.477507,1.164496
2011-07-31,1.240270,1.982477,2.514871,1.183887
2011-08-31,1.172085,1.822603,2.288422,1.123875
2011-09-30,1.090718,1.637862,2.014167,1.073405
2011-10-31,1.209767,1.885711,2.352812,1.185060
2011-11-30,1.204850,1.880955,2.366153,1.153158
2011-12-31,1.217440,1.854068,2.326062,1.146076
2012-01-31,1.273897,1.945340,2.413862,1.242557
2012-02-29,1.329192,2.064844,2.559937,1.322206
2012-03-31,1.371943,2.068207,2.521000,1.389017
2012-04-30,1.362784,2.049046,2.499895,1.372773
2012-05-31,1.280941,1.865161,2.257850,1.276127
2012-06-30,1.332924,1.944257,2.358868,1.322342
2012-07-31,1.348692,2.003831,2.449363,1.335532
2012-08-31,1.382479,2.081159,2.532077,1.404782
2012-09-30,1.417527,2.124101,2.595327,1.417262
2012-10-31,1.391730,2.048756,2.519633,1.342441
2012-11-30,1.399607,2.047488,2.505807,1.360010
2012-12-31,1.412112,2.054203,2.521231,1.353659
2013-01-31,1.484398,2.171402,2.692455,1.389824
2013-02-28,1.503337,2.180016,2.703624,1.394604
2013-03-31,1.560420,2.240154,2.775732,1.436787
2013-04-30,1.590400,2.249486,2.766981,1.473243
2013-05-31,1.627949,2.321088,2.851181,1.525948
2013-06-30,1.606225,2.267102,2.785571,1.489397
2013-07-31,1.689230,2.397362,2.939979,1.583438
2013-08-31,1.638566,2.379682,2.914691,1.577169
2013-09-30,1.690420,2.460000,2.997746,1.653380
2013-10-31,1.768698,2.572045,3.129850,1.735337
2013-11-30,1.821118,2.615968,3.161972,1.796962
2013-12-31,1.868334,2.691787,3.253271,1.849561
2014-01-31,1.802478,2.585937,3.100545,1.814025
2014-02-28,1.884520,2.718764,3.259612,1.907491
2014-03-31,1.900152,2.711434,3.282157,1.855349
2014-04-30,1.913361,2.781520,3.402919,1.849423
2014-05-31,1.957763,2.864495,3.485904,1.932381
2014-06-30,1.998181,2.990102,3.655007,1.992745
2014-07-31,1.971330,2.951293,3.574623,2.016299
2014-08-31,2.049126,3.055621,3.681166,2.117304
2014-09-30,2.020855,2.922439,3.469875,2.101285
2014-10-31,2.068449,2.910043,3.412205,2.156800
2014-11-30,2.125273,2.856945,3.258338,2.254855
2014-12-31,2.119882,2.818885,3.228586,2.204333
2015-01-31,2.057072,2.728569,3.108661,2.158431
2015-02-28,2.172689,2.893593,3.279800,2.314282
2015-03-31,2.138565,2.840665,3.227982,2.259690
2015-04-30,2.159596,2.953829,3.387629,2.303128
2015-05-31,2.187360,2.920465,3.297499,2.354912
2015-06-30,2.142930,2.835205,3.194399,2.296415
2015-07-31,2.191337,2.814056,3.089374,2.401080
2015-08-31,2.057774,2.651166,2.927131,2.237219
2015-09-30,2.005269,2.538543,2.772347,2.187837
2015-10-31,2.175836,2.825060,3.084039,2.436592
2015-11-30,2.183789,2.835279,3.091181,2.451427
2015-12-31,2.146048,2.690199,2.875443,2.412332
2016-01-31,2.039203,2.538472,2.733700,2.245629
2016-02-29,2.037519,2.486801,2.671016,2.210477
2016-03-31,2.174574,2.688339,2.905930,2.361952
2016-04-30,2.183145,2.729464,3.024652,2.286682
2016-05-31,2.220284,2.788879,3.057057,2.386610
2016-06-30,2.228001,2.781246,3.080582,2.332243
2016-07-31,2.309259,2.883512,3.139842,2.499017
2016-08-31,2.312025,2.920902,3.184664,2.525259
2016-09-30,2.312158,3.002563,3.283501,2.581156
2016-10-31,2.272073,2.942535,3.208529,2.543544
2016-11-30,2.355772,3.048687,3.378056,2.554632
2016-12-31,2.403528,3.090749,3.428877,2.583556
2017-01-31,2.446539,3.142509,3.426612,2.716354
2017-02-28,2.542666,3.199821,3.442905,2.835195
2017-03-31,2.545845,3.221990,3.441542,2.892662
2017-04-30,2.571116,3.241928,3.422184,2.971545
2017-05-31,2.607401,3.281893,3.411584,3.087356
2017-06-30,2.624023,3.230546,3.373716,3.015792
2017-07-31,2.677959,3.345599,3.483815,3.138274
2017-08-31,2.685772,3.328209,3.411450,3.203348
2017-09-30,2.739888,3.432156,3.590999,3.193891
2017-10-31,2.804451,3.525183,3.647963,3.341014
2017-11-30,2.890172,3.592087,3.715552,3.406890
2017-12-31,2.925224,3.670086,3.831852,3.427437
2018-01-31,3.090087,3.925738,4.057844,3.727580
2018-02-28,2.977730,3.749369,3.796023,3.679390
2018-03-31,2.896109,3.664542,3.754693,3.529314
2018-04-30,2.911077,3.790400,3.952556,3.547167
2018-05-31,2.981842,3.970405,4.118412,3.748395
2018-06-30,2.998991,4.008118,4.152653,3.791315
2018-07-31,3.110093,4.103375,4.240734,3.897336
2018-08-31,3.209366,4.213289,4.273730,4.122628
2018-09-30,3.228447,4.237630,4.322039,4.111017
2018-10-31,3.005348,3.836216,3.888595,3.757646
2018-11-30,3.061095,3.810392,3.852195,3.747688
2018-12-31,2.791570,3.435535,3.443816,3.423112
2019-01-31,3.015079,3.767980,3.792259,3.731561
2019-02-28,3.112815,3.872753,3.892470,3.843178
2019-03-31,3.169159,4.003498,4.009826,3.994007
2019-04-30,3.298627,4.157064,4.119342,4.213648
2019-05-31,3.088269,3.780391,3.722608,3.867067
2019-06-30,3.303171,4.086703,4.037451,4.160581
2019-07-31,3.353113,4.136086,4.054995,4.257723
2019-08-31,3.296971,3.983257,3.854199,4.176845
2019-09-30,3.361123,4.051777,3.942839,4.215184
2019-10-31,3.435419,4.157951,3.996711,4.399811
2019-11-30,3.559776,4.300583,4.115065,4.578859
2019-12-31,3.663206,4.491158,4.314057,4.756808
2020-01-31,3.661727,4.464662,4.173543,4.901341
2020-02-29,3.371844,4.098800,3.761701,4.604447
2020-03-31,2.950797,3.562987,3.092328,4.268974
2020-04-30,3.325499,4.187246,3.706610,4.908199
2020-05-31,3.483943,4.429065,3.893653,5.232184
2020-06-30,3.545730,4.650918,4.044121,5.561112
2020-07-31,3.754546,4.900448,4.187639,5.969663
2020-08-31,4.016601,5.350190,4.501634,6.623025
2020-09-30,3.866205,4.977985,4.136438,6.240307
2020-10-31,3.769806,4.819935,3.999695,6.050295
2020-11-30,4.179873,5.459060,4.612109,6.729486
2020-12-31,4.334732,5.723526,4.832947,7.059395
2021-01-31,4.290558,5.765740,4.891002,7.077847
2021-02-28,4.409860,5.941305,5.189910,7.068396
2021-03-31,4.610065,6.055762,5.299774,7.189743
2021-04-30,4.853984,6.360075,5.523694,7.614646
2021-05-31,4.885856,6.354845,5.575957,7.523176
2021-06-30,4.995434,6.730714,5.888332,7.994286
2021-07-31,5.117384,6.796446,5.845411,8.222999
2021-08-31,5.269678,7.018423,5.984105,8.569899
2021-09-30,5.024082,6.768551,5.892346,8.082860
2021-10-31,5.376588,7.328198,6.401332,8.718496
2021-11-30,5.333388,7.388663,6.386044,8.892591
2021-12-31,5.580046,7.495114,6.495149,8.995060
2022-01-31,5.285748,7.169386,6.476800,8.208265
2022-02-28,5.129729,7.012843,6.460828,7.840865
2022-03-31,5.322557,7.411387,6.881067,8.206867
2022-04-30,4.855401,6.602213,6.276299,7.091083
2022-05-31,4.866361,6.786177,6.657911,6.978575
2022-06-30,4.465079,6.026429,5.806095,6.356931
2022-07-31,4.876256,6.737308,6.458956,7.154837
2022-08-31,4.677296,6.526126,6.351785,6.787637
2022-09-30,4.244899,5.855900,5.711485,6.072524
2022-10-31,4.589906,6.426648,6.500806,6.315413
2022-11-30,4.845065,6.697376,6.718593,6.665550
2022-12-31,4.565852,6.214869,6.314956,6.064740
2023-01-31,4.852987,6.722088,6.730009,6.710207
2023-02-28,4.730969,6.564684,6.483762,6.686066
2023-03-31,4.906384,7.009066,6.801274,7.320754
2023-04-30,4.984762,7.087423,6.907080,7.357936
2023-05-31,5.007774,7.299182,6.873288,7.938022
2023-06-30,5.332276,7.769932,7.324271,8.438422
2023-07-31,5.506819,8.142773,7.728519,8.764154
2023-08-31,5.417323,8.084844,7.718618,8.634182
2023-09-30,5.160355,7.826869,7.581065,8.195576
2023-10-31,5.048329,7.588142,7.296038,8.026298
2023-11-30,5.509464,8.181883,7.706707,8.894648
2023-12-31,5.761001,8.531252,7.957693,9.391591
2024-01-31,5.852753,8.640811,8.026390,9.562442
2024-02-29,6.158189,9.058190,8.385211,10.067659
2024-03-31,6.359575,9.358907,8.800831,10.196021
2024-04-30,6.103159,9.025796,8.542948,9.750068
2024-05-31,6.411854,9.438130,8.830300,10.349874
2024-06-30,6.638067,9.875870,9.113433,11.019525
2024-07-31,6.718447,9.795292,9.102416,10.834606
2024-08-31,6.875427,9.833229,9.085912,10.954205
2024-09-30,7.019843,9.968902,9.120582,11.241380
2024-10-31,6.957201,9.919758,9.103475,11.144184
2024-11-30,7.372083,10.503159,9.678271,11.740490
2024-12-31,7.194709,10.321597,9.340131,11.793796
2025-01-31,7.387933,10.547953,9.547294,12.048942
2025-02-28,7.294145,10.400972,9.519484,11.723203
2025-03-31,6.887721,9.855098,9.202590,10.833859
2025-04-30,6.828003,9.646266,8.753650,10.985189
2025-05-31,7.257109,10.377078,9.299503,11.993442
2025-06-30,7.630024,11.009687,9.843264,12.759322
2025-07-31,7.805755,11.284969,10.095902,13.068569
2025-08-31,7.965925,11.450161,10.288108,13.193240
2025-09-30,8.249675,11.939621,10.631010,13.902537
2025-10-31,8.446326,12.374935,10.913470,14.567133
2025-11-30,8.462796,12.273089,10.895327,14.339733
2025-12-31,8.532764,12.294788,10.916393,14.362382
