date,SP500_nav,NASDAQ_nav,ACWI_nav,DAX_nav,FTSE100_nav,NIKKEI_nav,MSCI_EM_nav,wti_real_norm
2000-08-31,1.0,1.0,1.0,1.0,1.0,1.0,,1.0
2000-09-30,0.9892034940168178,0.8737836781858782,0.9456198932070159,0.9420310447930854,0.9461472352963003,0.9354191552075005,,0.9274956389540229
2000-10-31,0.937624151039227,0.8021973891630837,0.9276335314742696,0.9807370313458901,0.9705396982918788,0.8650733779020502,,0.980802170903421
2000-11-30,0.9303804036965074,0.6189808157536338,0.8706143506146852,0.883028345745973,0.9286761718889035,0.8728403128173767,,1.013523175279007
2000-12-31,0.8994910880437527,0.5890097460608541,0.8854814364561764,0.8915200256575249,0.9434833173210346,0.8227272825892484,,0.8040837729018059
2001-01-31,0.9035838413170364,0.6614281029891372,0.9087253399056573,0.9416181020874482,0.9575637982539515,0.8274043439065409,1.0,0.8556802863547617
2001-02-28,0.8842809610639885,0.5137258728565741,0.832812182213087,0.8602900409965568,0.9025929286540479,0.7712572517025557,0.9216988677667405,0.8142623331939733
2001-03-31,0.803989107612296,0.4396619239554796,0.7763979622918831,0.8078695255320115,0.8618382902366527,0.7793584862532493,0.8311700766650236,0.7821927403942693
2001-04-30,0.8075965554711487,0.5058709653032796,0.8327362799301885,0.8680874385711358,0.9153004391925804,0.836550367246223,0.8722396659499502,0.8398907790099199
2001-05-31,0.8631538116748865,0.5048115595388082,0.8226163069905964,0.8485141031808701,0.8917285534302015,0.7974404255357057,0.882650918081399,0.8334656105987778
2001-06-30,0.8425360683006518,0.5170975288450157,0.7976633595077287,0.8395235495074527,0.8706422874718103,0.7810036034545688,0.8645328842505838,0.7698836024823227
2001-07-31,0.8201226948793688,0.48548963731984346,0.785664204514778,0.8121984885606818,0.8556441171764009,0.7154242811396009,0.8099025815225211,0.7749934514820496
2001-08-31,0.8033443027092777,0.43269575494761325,0.7494569931055938,0.7189365659649414,0.8296105660122234,0.6472876325785454,0.8019138443951291,0.7999932510972154
2001-09-30,0.7129895600933087,0.3594772316489708,0.6812249544803822,0.5969901801778028,0.7634504591306943,0.5915285143029156,0.6777939960756411,0.6860199025329585
2001-10-31,0.7356913722818491,0.40560715585900764,0.696292867347642,0.6317690497987385,0.7868639561394946,0.6282137180356714,0.719857142583134,0.6222348031242653
2001-11-30,0.7728669328986297,0.46354518421482016,0.7393222438173787,0.6914632570306148,0.8147131608057981,0.6492134801616647,0.7950126496329789,0.5720821818926295
2001-12-31,0.7841975437976066,0.46859282350814246,0.7467887455571907,0.7150468662567686,0.8192127167246942,0.6407835180100487,0.8581169597148993,0.5861663536796631
2002-01-31,0.7818630721456774,0.46495172216389913,0.7268979411039421,0.7077731744894374,0.8133055622015704,0.6086225164975995,0.8871967300842609,0.5742303537650939
2002-02-28,0.7556490069057692,0.4165495642713757,0.7216506727413556,0.6982768455047568,0.8055938688099867,0.645446477810963,0.9017720994554619,0.6415573083530633
2002-03-31,0.7930178959060041,0.4442006470596951,0.7538704943479838,0.7479148186414908,0.8348808239363381,0.673053507943155,0.9560149532280063,0.7658549662814981
2002-04-30,0.7651478200423358,0.40665641842029643,0.7299217310024736,0.698570634989908,0.8204591188887003,0.7026009995539112,0.9622198907087058,0.792372924530619
2002-05-31,0.743567809863053,0.3894460991546033,0.7300969053085521,0.667682818322125,0.8100286520889073,0.7202237889043419,0.9468888040678307,0.736044458235568
2002-06-30,0.6995414685366262,0.35292614245289033,0.6855530699188618,0.6073013656271714,0.7440645643281658,0.6513857628344809,0.8758513807184687,0.7794542317792047
2002-07-31,0.6242813054160216,0.320596036769034,0.6284553257404092,0.5127368432448377,0.6806532641130514,0.6067351400538786,0.80923701326725,0.7832265549586706
2002-08-31,0.6313905636334994,0.317559013471348,0.6298194340814409,0.514510575271207,0.679577674285235,0.5917512735628985,0.8217063482168719,0.8372515998961305
2002-09-30,0.601350704296746,0.28327055449932,0.5607826081600428,0.3837108210204955,0.6002648960075436,0.5781130281114456,0.7330515057762503,0.8788396328001824
2002-10-31,0.5931299833378875,0.3215584664997485,0.602262235302191,0.4368976452860725,0.6532602010264821,0.5332079519198829,0.7806175782905832,0.7838014637787079
2002-11-30,0.6324282656723735,0.3577969994696297,0.6351718698861564,0.4601043419541803,0.6761094343405869,0.5694896313726835,0.8343502270028907,0.7742990967775168
2002-12-31,0.6258822454119971,0.32335508245881317,0.605138566315132,0.4008383352650904,0.6409158609753783,0.5309966461129916,0.8066284460419789,0.9003923618517996
2003-01-31,0.6244895475546585,0.3224742068978132,0.5877883953186928,0.3807730953246062,0.5820864862314516,0.516993064832315,0.8031164706085444,0.9627981412372306
2003-02-28,0.5844295673504466,0.32550722769407625,0.5772430936333915,0.35295054769207446,0.5981490712518116,0.5191941744843723,0.7814404278050252,1.0435385263002754
2003-03-31,0.5920733109302095,0.32916933496814205,0.5742673917926249,0.3358812229816181,0.5929449337468188,0.4957341453436915,0.7592829509033125,0.8797268838654341
2003-04-30,0.6233694703540175,0.35743744256434773,0.6247240962570018,0.40768521356573956,0.6459614879150232,0.4876864256458168,0.8269138923467327,0.7328075758302801
2003-05-31,0.656484176281373,0.3885401436577824,0.6601403325930226,0.4133167763810033,0.6679056266131648,0.5253455037762814,0.8862626328499176,0.8409769986396399
2003-06-30,0.6939312474647568,0.3940082767099802,0.6724910890488068,0.4462831435068936,0.6670347208096904,0.5671968858259077,0.9367748518774974,0.8579653107039796
2003-07-31,0.6980663893872756,0.42728454165312013,0.6875676221160573,0.48332074815501946,0.6897655963869974,0.5980206707549818,0.9954426796123212,0.8669680260160881
2003-08-31,0.696905336669521,0.44127585677513625,0.7035229333604168,0.4828662269973725,0.69242616741872,0.6477077408214582,1.062256525733708,0.8928091764916151
2003-09-30,0.7189357750447799,0.43884781026924286,0.7079987368689169,0.4512994534920147,0.6827990041120093,0.6408752524038003,1.070043866126796,0.8231095581229652
2003-10-31,0.7335145632124143,0.4718464992750206,0.7512073503812301,0.5066188903526487,0.7175198590784259,0.6631852779375966,1.161102042930112,0.8214596778568839
2003-11-30,0.7423943894216801,0.4784539604457226,0.7626284842356202,0.5190848477836213,0.7287839074244159,0.6353436447919654,1.1753705220395165,0.8604701554583514
2003-12-31,0.7651399452654694,0.48693150458017753,0.8112761872522842,0.5494612731734743,0.7534146363164376,0.6725246619635133,1.2605805212914716,0.9211725165938927
2004-01-31,0.8028993060742368,0.5040184731017036,0.8256977765977344,0.5624094932841832,0.7410711195756083,0.6802633368885445,1.305350056295183,0.9316359437397064
2004-02-29,0.8116241092801436,0.492958413505708,0.8409388986848011,0.5568056043287598,0.7603300317606072,0.6975703720590951,1.3655657617879433,1.013828528217459
2004-03-31,0.7989205952609436,0.4896442653679454,0.8355186600486251,0.5344317284524491,0.7444871410554493,0.7411544651113209,1.3831122125061621,0.99619341712513
2004-04-30,0.806655241438602,0.4692761915396675,0.8157336843716564,0.5522396542729723,0.7642788328600265,0.7451925719757398,1.270032741354806,1.0379996918326697
2004-05-31,0.7859705570634619,0.4870301301300311,0.8214028060175785,0.5433987356632151,0.7564294671901076,0.7130121762177236,1.2450192669542488,1.10097991635544
2004-06-30,0.8084310558077591,0.5031958871618915,0.8377020007067216,0.5615960577267242,0.764303284158935,0.7535741690152982,1.2507063271181669,1.0196159882436924
2004-07-31,0.7903320661053642,0.4645049875627885,0.8114945891319887,0.539823597750636,0.7577657577098159,0.720820014595506,1.2285910476274513,1.2072852443989555
2004-08-31,0.7793656543126106,0.45053565220059466,0.8162305952711262,0.5245251970832155,0.7678740979559676,0.7063638669792426,1.2800201013121484,1.1603657503773082
2004-09-30,0.801052473868794,0.46521400185157485,0.8334105273242266,0.5394480384375702,0.7892784534418988,0.6909555990873277,1.3539499653789433,1.3646540459296301
2004-10-31,0.8018743160838112,0.48467062984837866,0.85440976328825,0.5487808954286706,0.8007654866148605,0.6886543998393256,1.3863863479867047,1.415481147858505
2004-11-30,0.8401549626610875,0.514867639292318,0.9010014103265787,0.5717492518246814,0.8167447091739393,0.6978515782908402,1.514800741907209,1.3428551550807286
2004-12-31,0.8630697463289093,0.5344957750704068,0.9364287139163756,0.5897747456068589,0.8383827507217115,0.7366346461194644,1.5877255403666202,1.1919739508067373
2005-01-31,0.8514250231398083,0.5070577319640854,0.9174270063453853,0.5896043044016319,0.8474071451494974,0.7312437872118197,1.592750868403539,1.319508269864911
2005-02-28,0.8657392379409464,0.5047453485805967,0.9491623103789176,0.6028573767752032,0.8701332034414214,0.7549999094408829,1.7326084329607827,1.4085670200637401
2005-03-31,0.8635265117697305,0.4921466264945675,0.9276074721279681,0.6026190026719818,0.8596541206441085,0.7515156306347927,1.618462518149683,1.4962139068123133
2005-04-30,0.8427248622292959,0.47335544556473835,0.9065438351086054,0.5799028234779882,0.845840291404201,0.7101245089912945,1.5753252557259019,1.3338409887200573
2005-05-31,0.8539825757219199,0.5097545179155717,0.9224410587199202,0.6181196796327831,0.8768584269267656,0.7284482037767454,1.630789916353224,1.395636216622262
2005-06-30,0.8726053521976239,0.5072967705115315,0.9317510037720528,0.635531273829798,0.905731046155173,0.7493907592063133,1.6870831806873972,1.5165076538454587
2005-07-31,0.8883802327623056,0.5391486235306091,0.96687013019057,0.6771334752887314,0.9382849107456951,0.7709217605715484,1.806457738333856,1.6182617776474129
2005-08-31,0.8911343733282407,0.5316050999236752,0.973811668567467,0.6692611756045111,0.9435720193912601,0.8053684691495312,1.822719086080802,1.8325067177542302
2005-09-30,0.8936267913542247,0.5316374370334009,1.0033348351472766,0.6989752552389185,0.9784880781272929,0.8818704779883637,1.9926806672561537,1.7394810188201368
2005-10-31,0.8701760616435926,0.524212763531806,0.9772730168208714,0.6830324731431614,0.9526447064115321,0.8852744182941255,1.8624882278813657,1.5661631702041074
2005-11-30,0.9046484547027643,0.55235817869527,1.0126063668467828,0.7196612963139634,0.9743527125598505,0.9689380181931387,2.016696748305872,1.5143804817740445
2005-12-31,0.9240453023530038,0.5458992324985386,1.038303190678489,0.7494349187274894,1.0122921480733604,1.0511200685201856,2.1361614549667336,1.619217547902815
2006-01-31,0.9375989234849996,0.5711167634171995,1.0903341350184514,0.7862799227838413,1.0406912073680712,1.0878088404287112,2.3760633268055242,1.788095522612735
2006-02-28,0.9374429091462526,0.5654215484725778,1.088955881961189,0.8031705176635682,1.0493157456904956,1.0603931747377078,2.373788502739957,1.61345550653566
2006-03-31,0.9513746022450545,0.5802476313360855,1.1110155181946046,0.8272876437230745,1.0836908525735183,1.1178668812373271,2.395067506267277,1.7409651428104422
2006-04-30,0.9589697249256971,0.5763386347379967,1.1477955872497714,0.8328042145461655,1.0974307141937898,1.1094762310703004,2.5659862014466066,1.8622962371310026
2006-05-31,0.9514261272779332,0.5410413804782598,1.1008431853475986,0.7888726048409631,1.0460477261629648,1.0166986200176813,2.2976758816861342,1.8378893328996948
2006-06-30,0.925682505931869,0.5396923380951508,1.1004420791985263,0.7875492665750518,1.0690806874653764,1.0206991598360977,2.292803998780114,1.9034788868650443
2006-07-31,0.9323477962052225,0.519997095210974,1.1087022550723713,0.7873636013638001,1.0895421089941646,1.019033537260119,2.3265216482308766,1.9086412043522627
2006-08-31,0.9537149629888513,0.5432643333176811,1.1367837292799847,0.811973985218505,1.0885900651978078,1.0656409557184052,2.386961767227575,1.7988986557930096
2006-09-30,0.9778551436159552,0.5621812948207834,1.1503498801342664,0.8320337445168203,1.1017973404442951,1.066356233707592,2.4070266361566626,1.6186516767846164
2006-10-31,1.013213535889642,0.5894851321253405,1.1945608948565845,0.8686985640040894,1.1360877049282647,1.0859148458194205,2.521481359293695,1.5193386992500728
2006-11-30,1.0334944534580588,0.6060570324983023,1.2280752991769306,0.874278872665737,1.1244651084337398,1.0792493256763327,2.709269428551155,1.63559777311534
2006-12-31,1.0556966527591085,0.6023273000047723,1.2564036731203372,0.9141502737952906,1.1596488043635862,1.143954719383133,2.8315210824019568,1.5793568389754078
2007-01-31,1.063010799094524,0.6148323557832694,1.2700592535575108,0.9407824733123175,1.1596785522718152,1.1561220814541104,2.8029208280666524,1.4994685689366702
2007-02-28,1.079976962126905,0.603292614720773,1.2637728129684684,0.9305738638324306,1.1571001878930127,1.1725202006495143,2.7866844151534775,1.585147034215015
2007-03-31,1.0532595088029701,0.605039190109663,1.2880999316584756,0.9585086293049262,1.1860146153698328,1.1531862733590676,2.898313829817845,1.6745909458722994
2007-04-30,1.097288493695105,0.6312627052876579,1.3444878176709485,1.0266640684363053,1.2159676559768193,1.1624236726509023,3.0362322315333623,1.6596929922546035
2007-05-31,1.1345058105578432,0.6515130866078032,1.3822779501752485,1.0923708784386803,1.2519449282679145,1.1959078716547522,3.1845177699051948,1.6069585747560247
2007-06-30,1.1384187380539899,0.6515961994823473,1.3784920726893442,1.1095926123650055,1.252967728081828,1.2152559659850843,3.3351471826514976,1.7710009832347624
2007-07-31,1.1449603158634796,0.6377447967178679,1.3584160035803314,1.0509516357010387,1.2095779070020836,1.1574702676302469,3.512848152616532,1.9601476003862832
2007-08-31,1.0968592985451666,0.6506876832683345,1.3541592502081783,1.0584386665394618,1.2022480772900095,1.1135749322761261,3.4393440987879798,1.8590279244049979
2007-09-30,1.1305849081042598,0.6774426702019068,1.4269520966487481,1.0893873792313435,1.2368844758931226,1.12978889116971,3.819460295113353,2.0447486499181347
2007-10-31,1.1644078573172885,0.7173902623335433,1.4836137412835078,1.1112416766975954,1.2891702972440766,1.1282350880737564,4.245705933915024,2.3619126180690975
2007-11-30,1.1084428054348205,0.6681161851612628,1.4181854719626812,1.0906359507121117,1.237423378078344,1.058666970029343,3.94492854252061,2.2034182969702356
2007-12-31,1.122167775288707,0.6663529471514053,1.4035573899723828,1.1179069495219327,1.2456697172022633,1.035066693653571,3.9590934461666585,2.3855829136626783
2008-01-31,1.0477097284770263,0.6008381739278369,1.289786501371878,0.9494626602495793,1.1379113478912415,0.9206224191945768,3.466181652182091,2.269210329451267
2008-02-29,1.0313239078035759,0.571450325325302,1.293484683932474,0.9351037837406265,1.1420490562943726,0.9227066311624919,3.7232885593228526,2.5115035507568377
2008-03-31,1.0042347851800328,0.5737232706104147,1.273096168708612,0.9055657612781131,1.1099656965469649,0.8509928738949823,3.5265910821526103,2.483505239941552
2008-04-30,1.046852526625406,0.6077372403227598,1.3426334617691478,0.9629138476882181,1.1881349255169744,0.9422429104459802,3.8133570150318743,2.757298774918977
2008-05-31,1.0736792137785112,0.6357873669953972,1.3603286291730174,0.9834184186114493,1.1849488072237722,0.9768817804471391,3.885209615639134,3.0689944904161255
2008-06-30,1.0280845448227114,0.5782969997812368,1.2489716505956496,0.8894012499923883,1.1046496385327875,0.9199370064794166,3.498150027140613,3.340232012354181
2008-07-31,0.965592717998455,0.5868714586252378,1.2170194870221345,0.8978874492617713,1.0658019162813634,0.9141700298474883,3.368966489501482,2.94492232655558
2008-08-31,0.9859718896344507,0.5978284693247994,1.1902774863337418,0.8899527649839745,1.1131134492604209,0.8947589040413341,3.1009707322593507,2.7512164449436853
2008-09-30,0.9381765453009808,0.5285982795722308,1.0411798021102467,0.8080177735195672,0.9713393024508371,0.7720005407880968,2.558624671291763,2.4014788816837944
2008-10-31,0.7487250666545473,0.4351970225308334,0.8355600488298398,0.6911944349153447,0.8700692570250473,0.589205010576381,1.8587575931364027,1.6345988784343828
2008-11-30,0.6842946693475038,0.3885888524803896,0.7800375658067442,0.6470549667812191,0.8548171507203011,0.5856362211475067,1.7189671608239268,1.3376369349347845
2008-12-31,0.6818913083624519,0.39932268995714665,0.8083089355882462,0.6665604369357395,0.8864164014575516,0.6104007419508088,1.8535097696596816,1.1075310685632407
2009-01-31,0.6744208029985475,0.3740957681860866,0.7397809051616737,0.601175090278356,0.8320683839536391,0.5516774906131274,1.7345667764438741,1.0305592378753925
2009-02-28,0.6292177050016152,0.3493505464627386,0.6667933338586468,0.5326358370395333,0.7703917538950638,0.5231251071269905,1.6370063622187427,1.1012373005091083
2009-03-31,0.5934313479614903,0.38779072012740146,0.7208143808906778,0.5660345321053992,0.7919130464510722,0.5613046167975876,1.8724832600952546,1.2188059639544844
2009-04-30,0.6665524757778151,0.43590643622144554,0.8047161089184243,0.6609136162833266,0.8582479975287036,0.6118869133476467,2.1843700789667047,1.2515203813650266
2009-05-31,0.7109436822245231,0.4506540093112284,0.8826137928090572,0.6846606975030605,0.8959421743280953,0.6609150662213488,2.5588797738218823,1.6186957029438473
2009-06-30,0.7313396685227337,0.4663541613475397,0.877594902405953,0.6663442560501897,0.8643023356359885,0.6921550709199354,2.5249185302258184,1.6916121298161158
2009-07-31,0.7406835727984165,0.5031033328914063,0.9550857199702188,0.738886847744378,0.9398461498615925,0.720874654570502,2.810644872343247,1.683616290474824
2009-08-31,0.8008325967620947,0.5111876534507102,0.9887392804598899,0.7572434805731539,1.0038289146433088,0.731392395264352,2.8013384251542655,1.6922080191362
2009-09-30,0.8300657355706428,0.5403495080581261,1.0338878687235986,0.7864199159770198,1.0527214212600144,0.7074351806896435,3.0560746050226486,1.70682325492816
2009-10-31,0.850013113298579,0.5210036235105076,1.018808984719614,0.7503633801082465,1.0374324876925844,0.7016117410832093,3.0601370648631807,1.8594777113644652
2009-11-30,0.867815156391052,0.5466737907908372,1.0603545061247637,0.77960077919846,1.0704566398248212,0.6544685678657602,3.1917411994422324,1.864945396400324
2009-12-31,0.8871314860837453,0.5787629737192228,1.0828526584757747,0.8255347178382729,1.1193531392956904,0.7395405974548465,3.318179987302421,1.918510668121259
2010-01-31,0.8991695754464559,0.5480574999539577,1.0371432080973488,0.7772228571196592,1.0761622217426545,0.7162102257659961,3.1336564632048223,1.7560822023257376
2010-02-28,0.8731073850902972,0.5716013728583814,1.0502536309840615,0.7757913945798484,1.1136823283671333,0.7122185195384196,3.1453432279868627,1.9187439232574262
2010-03-31,0.9249964679132131,0.612741197523708,1.116840164692397,0.8527114631352392,1.1844971591600713,0.781075152423248,3.399525087319876,2.0092486355505317
2010-04-30,0.962809677979072,0.6292797614502633,1.118411665365152,0.8502380019608525,1.1615574362117007,0.7799453828706133,3.441471231915058,2.0629782011906004
2010-05-31,0.9061733941045882,0.5774744196305033,1.0094359701920343,0.8264908530788697,1.0885677644764113,0.6902059330674292,3.1402546038334482,1.769931476543034
2010-06-30,0.8740625590605611,0.5400187733756259,0.9794163357535152,0.8266557459796788,1.0347300624871345,0.6639557520943071,3.117730776681716,1.8113948339647874
2010-07-31,0.8726721614610118,0.5775965684832206,1.0594530877592814,0.8519382866159342,1.1094829964768642,0.6758879773501967,3.379569548046553,1.890564362199835
2010-08-31,0.8802086592518598,0.5419202691904061,1.022028784419968,0.8210713099208425,1.1057471703097728,0.6263477348070384,3.3150727234017303,1.7198548775747344
2010-09-30,0.909881853272954,0.6075205937141267,1.1192216843088068,0.8631695433271834,1.1773589457309426,0.6659852682114701,3.683924129055033,1.9112200779894313
2010-10-31,0.9515311177538575,0.6434968466620405,1.160552569336429,0.9147669475326627,1.2076023327615522,0.6551126758031663,3.7912129645791164,1.9437104081456325
2010-11-30,0.9752329438965458,0.6415417188445489,1.1345680302445305,0.9268393813234607,1.1798109113541022,0.7083820022124208,3.6912856592098793,2.006855406789315
2010-12-31,1.0114505221037156,0.6816526308505789,1.2182462916364267,0.9581151056647518,1.2625023115641367,0.730243156426228,3.9551288075970756,2.1765366397683032
2011-01-31,1.0464688928375627,0.6942077745270901,1.2383599590307726,0.9807425796503085,1.2582093061292987,0.731972097475042,3.848574590637169,2.18545985136163
2011-02-28,1.0794417038611022,0.7157717427957995,1.2744014240413826,1.0077419821926499,1.2899562714727697,0.760670771963937,3.81325343956852,2.2874527253186
2011-03-31,1.0674333361483561,0.7159088555323329,1.2720407945351264,0.9757304308935009,1.275323848477726,0.6995839209892979,4.038052474398647,2.49311525977321
2011-04-30,1.0911408481504092,0.7401585885967243,1.3231215534324476,1.041295894457718,1.313756160291857,0.7074118606468403,4.164190126189447,2.6445092921749325
2011-05-31,1.0983340287418584,0.7307698503013956,1.2918331187108094,1.010703288182315,1.3002344570944893,0.697259646513529,4.056621253301476,2.372764461527561
2011-06-30,1.058106444648276,0.7153018498257202,1.2712845264131525,1.0221424709847367,1.2943512497009357,0.707098184084532,3.9959221956463855,2.206912561736199
2011-07-31,1.0909261098550784,0.7113269097871767,1.2512625763289378,0.992007126188065,1.2696579586458026,0.709370477559197,3.9808941631390344,2.2114290430046335
2011-08-31,0.9774627366699937,0.6661129989052937,1.1590560589664374,0.8016199019032718,1.1814497140836464,0.6470977933838504,3.6266047004079787,2.046598852723656
2011-09-30,0.9697481608193322,0.624161470259214,1.04900731106602,0.7624274914424174,1.1265848632860875,0.6296408567952808,3.098477248882254,1.8223239129755087
2011-10-31,0.999023945884673,0.6940648830795221,1.1620062259227522,0.8510195009367841,1.221136625375897,0.6514274121500463,3.509199994629427,2.14867287569193
2011-11-30,1.0166779222426594,0.6779316362361857,1.1264730257180153,0.843744455924473,1.2160964347402201,0.6122618063452712,3.2755145686561526,2.315934242913268
2011-12-31,1.032484732872701,0.6744239529735413,1.1247169239499482,0.8173478563584586,1.2343653489815876,0.614678154916692,3.2363496170585013,2.2862869577463583
2012-01-31,1.0818639139591815,0.7288699110598563,1.1908462966325486,0.8950259450893788,1.262121081748871,0.640830137485973,3.604063610679021,2.2682396333891326
2012-02-29,1.1268976748024,0.768968488688607,1.2501800688260316,0.9500626890736975,1.3079292166636547,0.7088134973688476,3.8206130516592287,2.4552563012920987
2012-03-31,1.1593955702914667,0.8017624298395657,1.2573024345187582,0.9626381240235496,1.2887399763942224,0.7361349281070898,3.6935048594154964,2.3445678984642875
2012-04-30,1.1589525612971752,0.7905371336325967,1.2418104536879275,0.9369135459145876,1.285581090945935,0.696153262477904,3.6503906137613504,2.379410094223635
2012-05-31,1.1231298913539955,0.7341933563346004,1.1278040229329072,0.8680694404129025,1.1958634759054512,0.6256674337583396,3.242913232532676,1.9656832602623366
2012-06-30,1.1101868177487157,0.7626229947025529,1.1830539153443849,0.8891185571160729,1.2555512567858687,0.660585171297112,3.369597532602302,1.9327933479161432
2012-07-31,1.142616338689089,0.76425685489127,1.19973184878256,0.9384475167616311,1.2736015995697723,0.6387054049222931,3.437754023619049,2.006639441556244
2012-08-31,1.1813247614009543,0.7978664859582756,1.2248490207871299,0.9659583105819025,1.2944795473244775,0.6502958118871165,3.4278184513933847,2.1860660240324896
2012-09-30,1.2170145445602654,0.8111809862815713,1.2626645820361777,0.9999583877168664,1.305131208075913,0.6534885991162495,3.6353376464202283,2.0797803399458017
2012-10-31,1.2143719828537562,0.7755033660446453,1.2550885380615,1.0061220802893782,1.318106169378807,0.6587434219856322,3.613657767488436,1.9463068800260128
2012-11-30,1.1799142512729064,0.7845847812385291,1.2706748397934682,1.0261970635937183,1.341059947103633,0.6979216615446743,3.659802554477823,2.016152334134393
2012-12-31,1.2055837008329016,0.787489589079768,1.2998293610385523,1.0548663027790919,1.3519961162507006,0.7690897495351134,3.839189502818603,2.0877628607608947
2013-01-31,1.257047192626408,0.8199594383481874,1.360596393818129,1.0775449970871405,1.4427814695377774,0.8252405474356975,3.8927188367324703,2.2101390829418106
2013-02-28,1.286374378370049,0.8251830352486353,1.3601649214802825,1.0727850931945988,1.466208423117366,0.8576371287777936,3.844372112114693,2.0698242472610677
2013-03-31,1.3213953293926626,0.8537228236163986,1.3839057626068727,1.0802139344988835,1.4821506516822895,0.9211285971237604,3.778991059903069,2.180665529255681
2013-04-30,1.3406056611917199,0.8702629229966665,1.4220537087759866,1.0966208796227697,1.4906591407488126,1.0311919569222956,3.808955057839232,2.098275671448503
2013-05-31,1.401928580923938,0.904038620816904,1.4157016665778481,1.1569178221687242,1.5304079253773695,1.02630424653818,3.713026916194031,2.0611893294570094
2013-06-30,1.3862581731623698,0.8908262739886924,1.374048280164853,1.1029273395406682,1.449343642214462,1.0205875639825843,3.4784150652429586,2.1588681818529314
2013-07-31,1.4313736288525707,0.9497844731184271,1.4406190536756485,1.1468200434526965,1.54808326310706,1.021434388183487,3.5166401654138584,2.3472334542641207
2013-08-31,1.4349882520460353,0.9408163233976261,1.4099677431737603,1.1228720053534373,1.503848244657873,1.0020699835295865,3.457625168070377,2.4029056552877535
2013-09-30,1.452100018266625,0.9889978205287002,1.4822571160026283,1.1909457084880262,1.519726737847371,1.0834143764613386,3.6835731233181046,2.281521596925907
2013-10-31,1.482848960767542,1.028484285371091,1.5429320753170563,1.2518509346524769,1.5873978776405537,1.0754436057557202,3.8630789916353305,2.1543824489015635
2013-11-30,1.5400868423351521,1.065906417967634,1.5645479287332256,1.3033138939691964,1.5729009364035882,1.1771672957332866,3.8068931388927862,2.0768389343939475
2013-12-31,1.5635217534092942,1.09720940653512,1.5922980870907752,1.3236646686004538,1.6007123294478236,1.226228163396073,3.7521630968296393,2.2047025770307696
2014-01-31,1.578653636719592,1.0787915648750288,1.529983246175349,1.2896202726923962,1.548694287635606,1.124423906651519,3.5093496036320535,2.1757473838057457
2014-02-28,1.5766008202595476,1.1331523021197836,1.6034733151976088,1.343053692024448,1.6243380022716485,1.120558553215682,3.6263380894930437,2.281180657190547
2014-03-31,1.6195201404888584,1.1051539521815656,1.6094698486524042,1.3241843146727619,1.578599226032209,1.1212259923276489,3.738466200832831,2.244288263932962
2014-04-30,1.622787100933673,1.0836207408465768,1.6240177680006869,1.3307415985476976,1.6265771777668694,1.0832923535060677,3.7523836742053054,2.1963852538334026
2014-05-31,1.6476487633087948,1.118021886472901,1.6557459187389265,1.3778615887502041,1.6467209910242329,1.1097648556944752,3.884214140352433,2.2538969076062463
2014-06-30,1.7003128545930166,1.162346890851302,1.6867047151932506,1.3625910310982465,1.6272451424989849,1.1515915046617073,3.9891706098868616,2.3080000864461296
2014-07-31,1.7257465078345315,1.1529429410565923,1.6668892169496172,1.3036160735732234,1.6285870241098996,1.1881416920272203,4.069581612669973,2.1511051398329224
2014-08-31,1.7183784189356333,1.2092004846606164,1.7030373128761211,1.3123030943976337,1.654968566124169,1.1749876151319076,4.162918449667128,2.1062156905620864
2014-09-30,1.7489317682723307,1.1870171548555215,1.6476996552239749,1.3128753816996623,1.6118894271419881,1.2337863861003044,3.8552149286767934,1.9993480421411782
2014-10-31,1.702644825417875,1.2240402006016444,1.6605632141136941,1.2924457128860725,1.5979707430471806,1.2539485404341189,3.901118039585016,1.770890882996225
2014-11-30,1.79979181780922,1.2673305474057286,1.688388029733092,1.3830691460821192,1.6455435845508135,1.3357313894489204,3.86008872964695,1.4623713601329185
2014-12-31,1.8112004767942287,1.2534196539754663,1.6565425222311798,1.358777451420197,1.61196004031529,1.3370239910036301,3.684012360005301,1.184354941399046
2015-01-31,1.7910953259592213,1.227520483385496,1.6321771014353628,1.4819364123716365,1.6615874269099014,1.3561463257347555,3.7063961684750892,1.0775707227105455
2015-02-28,1.84173672067796,1.3152239660495588,1.7228058882132236,1.5799541114627298,1.7149296515404318,1.4443732404737637,3.8216046908176593,1.1067410660854262
2015-03-31,1.8427563696857954,1.2994423259756447,1.6947963443979164,1.6581795201257983,1.6769717293159316,1.4779522762205712,3.7680254872362497,1.0524220256055234
2015-04-30,1.8589433198655885,1.3110006648418497,1.74350130198591,1.5872596044870904,1.7282352904681746,1.5042375579428735,4.058788665775415,1.3157271644850403
2015-05-31,1.877140588901567,1.3459385616165966,1.7390851506332499,1.5816391721117868,1.7391060910565743,1.5868612955450354,3.897036399103122,1.3237408101835741
2015-06-30,1.868965640481431,1.324700447899245,1.6977885524692862,1.5166694746500007,1.628712942106724,1.5639551301681653,3.798793154045494,1.3009795544174616
2015-07-31,1.8674773813260315,1.3630893738667178,1.713562487454677,1.567112628549816,1.6771724434494997,1.5932944247393035,3.537800248964733,1.0307648436331172
2015-08-31,1.8222023064057113,1.27043843520477,1.595598710799001,1.4216768193871294,1.5696800447529782,1.464490728242819,3.2190486785497208,1.0777558371540248
2015-09-30,1.7400739083304855,1.2296443489757731,1.5374533871600342,1.338669313613848,1.5273817363505213,1.3502009122193306,3.123356458793276,0.9893012183312649
2015-10-31,1.8151949754151189,1.3458091715919178,1.659108536657704,1.503528653947518,1.6072337037715314,1.4838235769526598,3.3463697759125743,1.0226418935448378
2015-11-30,1.8684250222891747,1.3612725723205308,1.6453739643309206,1.5772616952505847,1.6105845789635596,1.5376899304861695,3.216062252689612,0.916135786366923
2015-12-31,1.8478168577868712,1.335138393050148,1.616277511308828,1.4886834211927646,1.5863723263656904,1.4843988281788947,3.1461929303992133,0.8175240193289018
2016-01-31,1.7291940046824719,1.2310607648146747,1.5203065103342113,1.3577465493944576,1.5506466121949967,1.368423635017579,2.9422624333712526,0.7408183576497381
2016-02-29,1.719685009887968,1.2168860306059668,1.5090717901295214,1.3157993381278812,1.5584883571124628,1.2539493712235685,2.937772245228342,0.7430870127648294
2016-03-31,1.8291038813770357,1.3009153550754757,1.619446080222681,1.3809434688675852,1.582849137168585,1.3130803208263198,3.3272505126026473,0.8405310526620227
2016-04-30,1.8808905725394767,1.2764839046609187,1.6426449085860395,1.391122983580403,1.6045678486834174,1.3077769537648272,3.3459976714701454,1.0019534109057677
2016-05-31,1.8751657955067942,1.323440105994983,1.6420875231848917,1.4221313743759014,1.6063209647970293,1.3543662568993216,3.2218452160603417,1.067013715010362
2016-06-30,1.895164255460542,1.2960787534685931,1.6312859733781166,1.3413921778380433,1.681441761519246,1.2260082644384376,3.353781175734961,1.0468380357046354
2016-07-31,1.9576561392998861,1.3823854188572415,1.702482407811108,1.4324910059955527,1.7431676017623383,1.3060205856076947,3.5244831296668973,0.9025251398500768
2016-08-31,1.9811334672769318,1.3969280293736015,1.7072824096279284,1.4678533271896022,1.7629741297289057,1.333039302890605,3.6132453836991476,0.9688948428385221
2016-09-30,1.9724428044856652,1.424267089980328,1.7174208024754642,1.4565360040976267,1.7986596492879248,1.3004828726857947,3.6607807671873003,1.0431141681012368
2016-10-31,1.9624626199744648,1.392209991412394,1.6896617807589414,1.4778747828887597,1.8181360478092299,1.3795129341423902,3.6698301937820275,1.0120162877725272
2016-11-30,1.9860349470419512,1.429176039935848,1.702262607705807,1.4744506671159452,1.7788055202938609,1.4515076170446215,3.501128780744178,1.0694165756354506
2016-12-31,2.064403167610832,1.44602326832239,1.7395621369635463,1.5909566697723652,1.8780470235544522,1.5175584706195362,3.511281094217236,1.1616105396767504
2017-01-31,2.09408174469824,1.509155548406734,1.7888499035135055,1.5984742162850865,1.8719751180004964,1.5140181833368802,3.703605385156877,1.1353028261723719
2017-02-28,2.1480346153074716,1.5667145119163477,1.8386165626668578,1.6399212682070665,1.9206468894626145,1.5224448380972133,3.817264111677375,1.1574777308400377
2017-03-31,2.185609258728026,1.590900186874527,1.859578575552637,1.7062225587291415,1.9418943429092914,1.5080090456178776,3.9145809317572047,1.083509109220272
2017-04-30,2.182243330711504,1.6284548858843848,1.8885972903538122,1.7235634458759532,1.915912779002295,1.533179109579656,4.001091378493523,1.0532040218094223
2017-05-31,2.219175034948375,1.6701050967648863,1.927328035754163,1.7480976420382859,2.0054815536091914,1.571706003235944,4.120216587802271,1.0307550638367708
2017-06-30,2.258597080312147,1.6554911036280453,1.9357556179361661,1.7079200692320142,1.9559550542071054,1.6046664661802668,4.164491262258835,0.9811963288603996
2017-07-31,2.28090940156084,1.7125193115080375,1.9907789037157968,1.6792536041988495,1.9774315418519455,1.5983830693391645,4.416077980815531,1.0699566375030678
2017-08-31,2.286561615036743,1.7353130849719365,1.9973637528971633,1.6706052861808662,1.998827169542965,1.5783847733717924,4.516229699688707,1.0042615386307208
2017-09-30,2.3243644934184067,1.7545604947848839,2.035861325493954,1.777724505033734,1.9890173542068,1.6377777888278253,4.49929702949408,1.0928834833698202
2017-10-31,2.3879311933944933,1.8182382750902746,2.0797842585701645,1.8332518003232912,2.0271819641335336,1.7733950841242039,4.657307153036592,1.1509494481017994
2017-11-30,2.4258890059364333,1.858910219619053,2.1199860372708734,1.8047627457070003,1.9879839983326455,1.8335056136706045,4.666910900166688,1.2148183252176494
2017-12-31,2.495839182948105,1.8680240395416643,2.155148936518264,1.7900268551466285,2.0916699560283476,1.8394590047574781,4.836864809085495,1.2795118520983697
2018-01-31,2.617184344662128,2.0066742638849546,2.2788433046263816,1.8276964590315241,2.0557208061695067,1.8691310967197394,5.240360289167358,1.3633188110998185
2018-02-28,2.541634439567801,1.9704330921936426,2.183175800797617,1.7232641080863838,1.9792965449099136,1.7885595918141501,4.999424580759141,1.2923986179755862
2018-03-31,2.5432757820998555,1.9148828532450488,2.13333805916819,1.6762715935609904,1.9370011531381657,1.741462739331288,4.9077526234322315,1.3585339337916087
2018-04-30,2.500956387735196,1.9168427673253674,2.154624987475121,1.747688962054335,2.066825874701977,1.826325781173259,4.886949299810696,1.4287475702685055
2018-05-31,2.550015676570953,2.0199922326991375,2.1541179291361003,1.7466883727161464,2.1192469056591223,1.8074168501309764,4.714954570650941,1.3910937545654685
2018-06-30,2.6038967365951615,2.0397563008948847,2.142384087951376,1.7052705508857335,2.113931825650016,1.8184656566769486,4.5221929610882405,1.5361853608232798
2018-07-31,2.6450576253701557,2.084886585725849,2.2077455140215196,1.774487407717151,2.1509751585989774,1.8414890399154062,4.625519076106874,1.4244062531059547
2018-08-31,2.7098828278838454,2.205148175309187,2.224207256095098,1.713315998265141,2.0693215205010764,1.8696566703961817,4.501805857384266,1.4451476915882748
2018-09-30,2.7554020232554484,2.18933903703339,2.233526250563775,1.6970574364533082,2.096923414573102,1.975049063637832,4.479406704401388,1.5148346199705376
2018-10-31,2.6493469808220644,1.9892329467831948,2.067978724515204,1.5863075966436826,1.9962572797825813,1.7978768730805268,4.0897059415872805,1.3482826596973365
2018-11-30,2.5943436678641367,1.997180884160903,2.098068322454632,1.5599415127519667,1.9605682830521052,1.8358686995265483,4.2585358649222576,1.0549210836478964
2018-12-31,2.450032985766753,1.8090036111816834,1.9509074407576228,1.4631792190287904,1.8953880966501597,1.646702053588074,4.148291292564245,0.943617021819434
2019-01-31,2.492556649894424,1.986377412676767,2.1060914224515788,1.5482819540045571,1.9686658143891715,1.7115752089342982,4.511823906367787,1.115621425784776
2019-02-28,2.637845348043045,2.056027364641938,2.1620936468951024,1.5957485102464335,2.0042055023977934,1.7645185104585328,4.522380931373588,1.1817372290518964
2019-03-31,2.689231154703837,2.111022424799987,2.1872595031237574,1.5971897161500999,2.0678925739565717,1.7523453211417426,4.561215975939808,1.235104310852786
2019-04-30,2.7893571365222365,2.212317890695717,2.260755876471285,1.710547394360623,2.113316736025408,1.8419605949766555,4.6580993135248505,1.305595653558628
2019-05-31,2.746630083491258,2.038183741349583,2.1233626062525017,1.6250150041037161,2.0463114474826454,1.7075357096489798,4.3215711246952715,1.0906287107306634
2019-06-30,2.785213347015794,2.1907046043512493,2.2618328990573158,1.718130031956881,2.12759027714155,1.7660013577221212,4.594793606708626,1.1917124104742496
2019-07-31,2.891813037646787,2.2383609285693282,2.2693153998220805,1.6890631417341435,2.179885472681325,1.7890154861374676,4.542415111276496,1.1919533844582197
2019-08-31,2.8011716442898464,2.1815634616653297,2.2145813656884608,1.6544533600734548,2.077074834107687,1.7237492269819603,4.322240529078816,1.1211879055222616
2019-09-30,2.8875941606633058,2.192908358164083,2.260409055381135,1.7221874663803207,2.1409649827253494,1.8138543091339752,4.406175015680179,1.0993722349462454
2019-10-31,2.8878772243347903,2.2746044566937553,2.323696244328759,1.7829805085359318,2.1009292968135767,1.914199543019207,4.592440142013474,1.0990832643340551
2019-11-30,3.0159168123183124,2.3783657487574015,2.3807392183944835,1.834195418047823,2.135394902584659,1.9476778274827207,4.586423174818124,1.1197753024023929
2019-12-31,3.090389445472725,2.464143489667409,2.4652582372592455,1.8359455697804166,2.1984673029696755,1.9809027657277332,4.931615259351048,1.2404810938942117
2020-01-31,3.193806160636371,2.514655791957248,2.440255291017279,1.7989412211276734,2.1300431447452,1.946048301069648,4.701921324845267,1.0434207785733338
2020-02-29,3.197705057540861,2.3558584751319884,2.2437526908697194,1.6476729261013223,1.9299364565989463,1.776000396290212,4.454241702934069,0.903322803444517
2020-03-31,2.5927725225267024,2.11884363375434,1.9391722435869096,1.3768320399694445,1.6690059013765108,1.591663646114624,3.769306754079248,0.4142133104722873
2020-04-30,2.704744368583154,2.4474654363557833,2.1474655488698993,1.505122235235929,1.7412404099475494,1.7014505823902877,4.115208522342576,0.3836150031120081
2020-05-31,2.863982551415622,2.6142696021152476,2.2399537752872143,1.6056162373158664,1.7979937894554832,1.8458869201714978,4.147690938489608,0.7226378446955641
2020-06-30,3.050378321833131,2.7726185156480407,2.3113537787323963,1.7059536689516217,1.8307028605517786,1.8832468837356984,4.454728891224671,0.7952318352505359
2020-07-31,3.1564227381804186,2.9635736409713678,2.4337840606118664,1.7062904916271362,1.7552790426571334,1.8371984504632164,4.856797331589182,0.8113906259162365
2020-08-31,3.3424466655152023,3.249548641029073,2.582998926134031,1.7938708828367271,1.7799014849350696,1.9609245127478434,4.965355925571449,0.8558301979154779
2020-09-30,3.3214894368099737,3.0838500687610133,2.5000056297081796,1.7682835914309831,1.755911463546111,1.9676857820698965,4.886872577245247,0.8067092667722856
2020-10-31,3.378818389857642,3.0150540300319455,2.4413356662724706,1.6014079160771602,1.6745053387586128,1.952961588086969,4.988309399089696,0.7175516580234621
2020-11-30,3.512420808221662,3.37259297219864,2.743223568998775,1.841786445762957,1.8861452672475951,2.2496544197570256,5.449970174102692,0.9095779422109993
2020-12-31,3.6620527606240323,3.565331169347139,2.871763800594078,1.9010427429193157,1.9500450298968708,2.3390051150332183,5.853197125205484,0.9724759072645357
2021-01-31,3.7644181126555147,3.6180126111497146,2.8613409440997466,1.8614235189917792,1.9396458284256675,2.361168695452307,6.034177984843468,1.041793727549787
2021-02-28,3.8582096649490705,3.6539420456173204,2.9292093212806747,1.9103977254658384,1.9681903877615796,2.4758647333937076,6.080662269184967,1.2207271925382503
2021-03-31,3.8898993657825858,3.6713185859515614,3.005750267750016,2.07973996044465,2.0437236125850244,2.4977365151409137,5.9903252844968735,1.1659898257406789
2021-04-30,4.124129115888988,3.8719892722329767,3.137878950393335,2.0974176702669762,2.127582085869193,2.470108024834232,6.140279538667225,1.2429215505972249
2021-05-31,4.155482045297232,3.8150733083129214,3.184474223238138,2.1369412197744286,2.149807832030807,2.477850789730999,6.284095987601646,1.2861788313991216
2021-06-30,4.23071383951409,4.027009248717094,3.2289679550784376,2.152171721374979,2.1605409756911005,2.4756516602740795,6.297048674713596,1.411679711183308
2021-07-31,4.360520663722981,4.07636525839678,3.253052555651534,2.154021607262596,2.1651471890083442,2.3496740462449615,5.876956185660946,1.414136323687335
2021-08-31,4.455805098040616,4.241862421804766,3.334790085664548,2.194304597852807,2.198272470571596,2.422578490347707,6.0326358612779405,1.30718743736757
2021-09-30,4.4520399948154665,4.019151995638628,3.1971443279124476,2.114708757998524,2.1943017185541955,2.5437449130047267,5.795014567697125,1.4279370547804946
2021-10-31,4.472171054250155,4.313680329120128,3.3631217490230556,2.1740286576689414,2.24742043411332,2.4991662857948684,5.853022581369086,1.5773558857529366
2021-11-30,4.68436412472515,4.327305558900917,3.2840105342036714,2.092459515984869,2.198568887274123,2.410250944528981,5.614973559485892,1.2430135155390305
2021-12-31,4.696796597380701,4.35987875886837,3.4170851166941723,2.201201410893217,2.3060968318540316,2.49786551193283,5.723054555498238,1.4083110223046509
2022-01-31,4.600420543775257,3.971029401249226,3.2529142516940586,2.1438795774357233,2.337669248954613,2.3463111575892324,5.615153857514699,1.6368165240483026
2022-02-28,4.466890123689729,3.8372819618907594,3.1702337555725433,2.0038965335953223,2.342470057775863,2.3085133329239635,5.447990731914104,1.7612804264102755
2022-03-31,4.427019394820536,3.9705784178856067,3.2367053249627835,1.9974848588802312,2.367223114741333,2.424612059879305,5.3268323746209525,1.8209257415352427
2022-04-30,4.432256639802627,3.4464860955800165,2.9784590717565966,1.9535754423927005,2.383121786419383,2.343377129364845,5.031325823472895,1.8904180729072562
2022-05-31,4.083317028790581,3.377870876753399,2.9792158506517517,1.9938264964013843,2.4098949904342937,2.3845612771998104,5.054737714319702,2.0480320778165835
2022-06-30,3.9457343626713652,3.0856613563811384,2.7281438361006134,1.771476166987725,2.2779412441838875,2.310596001631073,4.72301235808724,1.863334850648489
2022-07-31,3.9640696115660603,3.4686346667853174,2.9196295982098466,1.8685156052827987,2.3652176109584127,2.4373505788440086,4.715366954440231,1.737714554759811
2022-08-31,4.219648792219902,3.309973115948021,2.811542362808703,1.7785697418482223,2.327656589288353,2.466391123968303,4.7368205018039475,1.5784844358588996
2022-09-30,3.912567896197081,2.964521489306483,2.5420056160952766,1.6787146067233278,2.2095871243971335,2.2809148459555533,4.183867546163016,1.3981369737147789
2022-10-31,3.791623570077632,3.082006969768665,2.6975873241821766,1.8366010816487133,2.2802586562252465,2.4294310756430417,4.054517136944033,1.515833931884459
2022-11-30,3.9920144473684407,3.2185171743941243,2.9067733779098104,1.9950307491090582,2.4406329449206563,2.466644065419893,4.656497729971103,1.4124981993972392
2022-12-31,3.992447080178278,2.9394432714053,2.7936684302974193,1.929423673261707,2.408515407244659,2.3049986176093595,4.5935679637255795,1.4117280201795206
2023-01-31,4.047401369728044,3.255276872632184,2.9964411022664357,2.0963588913946483,2.5188594177704893,2.4173076752731166,4.956718882766011,1.3762888102078745
2023-02-28,4.174771943020288,3.221052446200366,2.911718759115647,2.129182525006277,2.5599922330304756,2.431382042948394,4.635684816028887,1.3370659977960764
2023-03-31,4.06683625958892,3.438545543468654,2.998407308089062,2.1657240638758704,2.4878407889730543,2.4877914772185377,4.7780818975024975,1.3095056137526033
2023-04-30,4.2293560357947735,3.4420011526951897,3.041314888926505,2.2064005781062566,2.5728615699742665,2.563794474093177,4.724842191273201,1.32131251839276
2023-05-31,4.260555794320539,3.6436595962016525,3.006017784468002,2.1705989935917094,2.441480973017117,2.748095316050324,4.646847949301737,1.1687989513137351
2023-06-30,4.471120416357884,3.886101016171588,3.1803444261107017,2.237651470402165,2.4764917531754627,2.9569179241250825,4.827696462514322,1.2086763079398233
2023-07-31,4.644422920734099,4.045821024045071,3.2983745812406884,2.2790748405369956,2.5388099976651115,2.9598185489302566,5.131519739757067,1.3969724852029441
2023-08-31,4.59759067242724,3.9606196343691593,3.2057825556406327,2.209823340634091,2.4602670726239926,2.914890988833342,4.816897761427355,1.4268713129543575
2023-09-30,4.663203497695802,3.732912964877138,3.0737810336622764,2.1321535743597972,2.5232221094168255,2.85115967559507,4.692864225993996,1.5482742587616631
2023-10-31,4.414230270053105,3.6312984710899965,2.984214653973451,2.052302647826791,2.4354816583430954,2.7660147079613053,4.511041336200207,1.3788227430999802
2023-11-30,4.616507938372413,4.022080190925711,3.259500823690381,2.2470091594386474,2.4864151367086564,3.0056927890603284,4.872817003254963,1.2900528805520741
2023-12-31,4.854775960293485,4.246559732802527,3.417739361493357,2.321313134798763,2.586754887831858,3.0081253814148097,5.065101014847742,1.2143534487062073
2024-01-31,4.984206835132036,4.292390729178025,3.4411567816666815,2.3423926318517334,2.559861474121857,3.2663214151170337,4.830379834240905,1.2828941580596378
2024-02-29,5.205252369475617,4.557722542228672,3.589885007012719,2.449707123955211,2.5670092604960706,3.5303752375043214,5.0610232104941195,1.320935010656507
2024-03-31,5.376052152614189,4.642001471375096,3.6987441473525906,2.562546644662904,2.6829132796535893,3.644086558113451,5.188614754900181,1.400924182683914
2024-04-30,5.321936072688386,4.440377266846303,3.5791129220731794,2.4849017780962424,2.7552206725416086,3.4722406314722805,5.212941562339967,1.377200720461859
2024-05-31,5.455913352384334,4.748624511518579,3.7215832520317136,2.5633017553617266,2.807550675650712,3.4848416418565273,5.24391254394765,1.2915015653147819
2024-06-30,5.649772423720373,5.034649304137481,3.805453671479441,2.5269278835451505,2.777850616253141,3.5891880297675622,5.45407866748249,1.36501582356646
2024-07-31,5.784547221797856,4.999966979419832,3.8690774373648487,2.5647859944557556,2.8552028743661415,3.5508899397867233,5.474116683513671,1.3015670426239878
2024-08-31,5.728844058419154,5.035531023440178,3.9679144378740445,2.619975113824819,2.8663341017763706,3.5149380832882557,5.564330912097047,1.2262029540034844
2024-09-30,5.8851224027142806,5.173854216731208,4.060290353132913,2.677899682596391,2.826794374920585,3.4539391768412098,5.938234498685176,1.1341729622149466
2024-10-31,6.071077949197697,5.15033310916387,3.9738057917628393,2.6436181981678426,2.7913599876485318,3.5648923319043635,5.681505450179252,1.1499391308302551
2024-11-30,6.222382934029466,5.47318068699074,4.124185301147752,2.719681933299909,2.860362856941005,3.4905432598198485,5.477893351797905,1.1266982228753555
2024-12-31,6.314626797747115,5.502967155362373,4.029478018427711,2.758855127682048,2.8291240730805436,3.6498094344311878,5.472869941825122,1.185892519106194
2025-01-31,6.2890178012853,5.596630023762641,4.168517614568077,3.0114599551128656,3.010669811278842,3.6257762147591195,5.571788345458704,1.196820600220475
2025-02-28,6.358587606606191,5.3776586726752775,4.145849285436384,3.1250031632101414,3.0664134946305484,3.4097172067195367,5.599807426360732,1.148746537805596
2025-03-31,5.99250531381651,4.939323158743506,3.9803640763137205,3.0712455063808894,2.996239093566169,3.273654964420336,5.637384220853585,1.174650421976453
2025-04-30,5.667946657614967,4.98438564443545,4.017361464108617,3.1174580104998286,2.9741554742135476,3.3178469025290487,5.713165016811841,0.95461446718182
2025-05-31,6.140514195209182,5.463871758600641,4.245178254068949,3.325385725565979,3.0798496910375066,3.49948661546545,5.959202775822427,0.9948759074356446
2025-06-30,6.3791314652883475,5.826304343239627,4.437143210595348,3.313209227236222,3.084689132474399,3.7371885714917465,6.325017885948081,1.0633856806194684
2025-07-31,6.668559123861787,6.045231997030585,4.500811768818309,3.3348072877655164,3.224453171316911,3.7965098036203786,6.452505854890786,1.1288388655491175
2025-08-31,6.795433761055289,6.144330353068003,4.614149058725943,3.312184008839397,3.2529521801565124,3.954559808161016,6.547135467115759,1.0411268319015325
2025-09-30,6.988989145783108,6.493084498278362,4.7824268468893605,3.3092060579364784,3.3200401885356317,4.1654138327343215,7.017387251394923,1.0123667637500264
2025-10-31,7.15814186738923,6.802283571264045,4.894102131440328,3.319956506706345,3.4598464084153484,4.864913982068803,7.3113113996305925,0.9877701627486581
2025-11-30,7.172019168710646,6.703512633462244,4.8964830770381695,3.303118350069592,3.4709187071755463,4.6718953641205925,7.137273932165755,0.9464588248170676
2025-12-31,7.299698696773321,6.672199015087036,4.950350328535424,3.3936921191748737,3.5561899947125815,4.686801161970162,7.353121361672104,0.9262844002646808
2026-01-31,7.389264427118014,6.739462615026073,5.102735141468333,3.400399071944594,3.670993135399981,4.971537459846553,8.004722273903408,1.0497882666976777
2026-02-28,7.360230392444093,6.515694042029143,5.171825711486317,3.5036976742455166,3.9282517965056956,5.494280827286836,8.445986354891748,1.0767088099947513
2026-03-31,7.11323071416481,6.210015497257489,4.799089753994534,3.1428248582983365,3.6752242189541726,4.775500045902131,7.345642829604949,1.6253709167978823
2026-04-30,7.0409094051784225,7.163530801028253,5.287835797355839,3.366250746822075,3.758835617066003,5.5514551782150905,8.427607464338408,1.6810680145144627
