date,bucket_lt40,bucket_40_70,bucket_70_100,bucket_gt100
2000-08-31,1.0,1.0093971109602473,1.0,1.0
2000-09-30,1.0,0.9984991490123584,1.0,1.0
2000-10-31,1.0,0.9464351092255504,1.0,1.0
2000-11-30,1.0,0.9391232915852834,1.0,1.0
2000-12-31,1.0,0.9079437056058537,1.0,1.0
2001-01-31,1.0,0.9120749189357794,1.0,1.0
2001-02-28,1.0,0.8925906473751413,1.0,1.0
2001-03-31,1.0,0.8115442824673592,1.0,1.0
2001-04-30,1.0,0.8151856299140249,1.0,1.0
2001-05-31,1.0,0.8712649638189561,1.0,1.0
2001-06-30,1.0,0.8504534732224839,1.0,1.0
2001-07-31,1.0,0.8278294788441678,1.0,1.0
2001-08-31,1.0,0.8108934182611197,1.0,1.0
2001-09-30,1.0,0.7196896021030039,1.0,1.0
2001-10-31,1.03184031500485,0.7196896021030039,1.0,1.0
2001-11-30,1.0839807146650013,0.7196896021030039,1.0,1.0
2001-12-31,1.0998724072411088,0.7196896021030039,1.0,1.0
2002-01-31,1.096598205509987,0.7196896021030039,1.0,1.0
2002-02-28,1.096598205509987,0.6955600698944582,1.0,1.0
2002-03-31,1.096598205509987,0.7299573982934129,1.0,1.0
2002-04-30,1.096598205509987,0.7043035408297792,1.0,1.0
2002-05-31,1.096598205509987,0.6844395652916007,1.0,1.0
2002-06-30,1.096598205509987,0.6439141827788895,1.0,1.0
2002-07-31,1.096598205509987,0.5746386807375508,1.0,1.0
2002-08-31,1.096598205509987,0.581182613300759,1.0,1.0
2002-09-30,1.096598205509987,0.5535315127647432,1.0,1.0
2002-10-31,1.096598205509987,0.5459645005772455,1.0,1.0
2002-11-30,1.096598205509987,0.5821377976470529,1.0,1.0
2002-12-31,1.096598205509987,0.5761123145613513,1.0,1.0
2003-01-31,1.096598205509987,0.5748303635362861,1.0,1.0
2003-02-28,1.096598205509987,0.5379559385371584,1.0,1.0
2003-03-31,1.096598205509987,0.5449918543790464,1.0,1.0
2003-04-30,1.096598205509987,0.5737993544714358,1.0,1.0
2003-05-31,1.096598205509987,0.6042807909040495,1.0,1.0
2003-06-30,1.096598205509987,0.6387500844670929,1.0,1.0
2003-07-31,1.096598205509987,0.6425564013924977,1.0,1.0
2003-08-31,1.096598205509987,0.6414876751689043,1.0,1.0
2003-09-30,1.096598205509987,0.6617662610150595,1.0,1.0
2003-10-31,1.096598205509987,0.6751857491956624,1.0,1.0
2003-11-30,1.096598205509987,0.6833594548213192,1.0,1.0
2003-12-31,1.096598205509987,0.7042962922523347,1.0,1.0
2004-01-31,1.096598205509987,0.739053042282169,1.0,1.0
2004-02-29,1.096598205509987,0.7470840522778887,1.0,1.0
2004-03-31,1.096598205509987,0.7353907171204961,1.0,1.0
2004-04-30,1.096598205509987,0.742510307018418,1.0,1.0
2004-05-31,1.096598205509987,0.7234704612987353,1.0,1.0
2004-06-30,1.096598205509987,0.7441449092681957,1.0,1.0
2004-07-31,1.096598205509987,0.7441449092681957,0.9776122038207564,1.0
2004-08-31,1.096598205509987,0.7441449092681957,0.9640471487502332,1.0
2004-09-30,1.096598205509987,0.7441449092681957,0.9908729607973898,1.0
2004-10-31,1.096598205509987,0.7441449092681957,0.9918895499166637,1.0
2004-11-30,1.096598205509987,0.7441449092681957,1.0392413263016362,1.0
2004-12-31,1.096598205509987,0.7441449092681957,1.0675860855772754,1.0
2005-01-31,1.096598205509987,0.7441449092681957,1.053181983823087,1.0
2005-02-28,1.096598205509987,0.7441449092681957,1.0708881502281316,1.0
2005-03-31,1.096598205509987,0.7441449092681957,1.0681510879204434,1.0
2005-04-30,1.096598205509987,0.7441449092681957,1.042420199193451,1.0
2005-05-31,1.096598205509987,0.7441449092681957,1.0563455839393099,1.0
2005-06-30,1.096598205509987,0.7441449092681957,1.0793812854279132,1.0
2005-07-31,1.096598205509987,0.7441449092681957,1.0793812854279132,1.0180779094752894
2005-08-31,1.096598205509987,0.7441449092681957,1.0793812854279132,1.0212341364672497
2005-09-30,1.096598205509987,0.7441449092681957,1.0793812854279132,1.0240904311481234
2005-10-31,1.096598205509987,0.7441449092681957,1.0510559498133376,1.0240904311481234
2005-11-30,1.096598205509987,0.7441449092681957,1.092693976215386,1.0240904311481234
2005-12-31,1.096598205509987,0.7441449092681957,1.092693976215386,1.0460482712016665
2006-01-31,1.096598205509987,0.7441449092681957,1.092693976215386,1.0613913955241907
2006-02-28,1.096598205509987,0.7441449092681957,1.092693976215386,1.0612147823982832
2006-03-31,1.096598205509987,0.7441449092681957,1.092693976215386,1.0769858960480192
2006-04-30,1.096598205509987,0.7441449092681957,1.092693976215386,1.0855838131949598
2006-05-31,1.096598205509987,0.7441449092681957,1.092693976215386,1.0770442240016695
2006-06-30,1.096598205509987,0.7441449092681957,1.092693976215386,1.047901637014919
2006-07-31,1.096598205509987,0.7441449092681957,1.092693976215386,1.0554469547063186
2006-08-31,1.096598205509987,0.7441449092681957,1.092693976215386,1.07963525783126
2006-09-30,1.096598205509987,0.7441449092681957,1.092693976215386,1.1069626996213717
2006-10-31,1.096598205509987,0.7441449092681957,1.1322048408852272,1.1069626996213717
2006-11-30,1.096598205509987,0.7441449092681957,1.1322048408852272,1.129120140740258
2006-12-31,1.096598205509987,0.7441449092681957,1.1565276008602206,1.129120140740258
2007-01-31,1.096598205509987,0.7441449092681957,1.1645403307400877,1.129120140740258
2007-02-28,1.096598205509987,0.7441449092681957,1.1831269538731255,1.129120140740258
2007-03-31,1.096598205509987,0.7441449092681957,1.1831269538731255,1.1011869387227524
2007-04-30,1.096598205509987,0.7441449092681957,1.1831269538731255,1.1472194147490478
2007-05-31,1.096598205509987,0.7441449092681957,1.1831269538731255,1.1861302651909589
2007-06-30,1.096598205509987,0.7441449092681957,1.1831269538731255,1.1902212462026782
2007-07-31,1.096598205509987,0.7441449092681957,1.1831269538731255,1.1970604914050649
2007-08-31,1.096598205509987,0.7441449092681957,1.1831269538731255,1.146770689539994
2007-09-30,1.096598205509987,0.7441449092681957,1.1831269538731255,1.182030946330027
2007-10-31,1.096598205509987,0.7441449092681957,1.1831269538731255,1.2173929721092194
2007-11-30,1.096598205509987,0.7441449092681957,1.1831269538731255,1.1588812913289006
2007-12-31,1.096598205509987,0.7441449092681957,1.1831269538731255,1.1732308010282149
2008-01-31,1.096598205509987,0.7441449092681957,1.1831269538731255,1.0953846216711312
2008-02-29,1.096598205509987,0.7441449092681957,1.1831269538731255,1.078253182025869
2008-03-31,1.096598205509987,0.7441449092681957,1.1831269538731255,1.0499313983009764
2008-04-30,1.096598205509987,0.7441449092681957,1.1831269538731255,1.0944884137803284
2008-05-31,1.096598205509987,0.7441449092681957,1.1831269538731255,1.1225358201937528
2008-06-30,1.096598205509987,0.7441449092681957,1.1831269538731255,1.0748664153510885
2008-07-31,1.096598205509987,0.7441449092681957,1.1831269538731255,1.0095309658245006
2008-08-31,1.096598205509987,0.7441449092681957,1.1831269538731255,1.030837469530365
2008-09-30,1.096598205509987,0.7441449092681957,1.1831269538731255,0.9808672499672971
2008-10-31,1.096598205509987,0.7441449092681957,1.1831269538731255,0.7827949875632637
2008-11-30,1.096598205509987,0.7441449092681957,1.0813147625926527,0.7827949875632637
2008-12-31,1.096598205509987,0.7415313439106495,1.0813147625926527,0.7827949875632637
2009-01-31,1.096598205509987,0.7334074481896569,1.0813147625926527,0.7827949875632637
2009-02-28,1.096598205509987,0.6842507664787748,1.0813147625926527,0.7827949875632637
2009-03-31,1.096598205509987,0.6842507664787748,1.019815672755695,0.7827949875632637
2009-04-30,1.096598205509987,0.6842507664787748,1.1454748116144995,0.7827949875632637
2009-05-31,1.096598205509987,0.6842507664787748,1.1454748116144995,0.8349277380384899
2009-06-30,1.096598205509987,0.6842507664787748,1.1454748116144995,0.8588806546067126
2009-07-31,1.096598205509987,0.6842507664787748,1.1454748116144995,0.8698540763507998
2009-08-31,1.096598205509987,0.6842507664787748,1.1454748116144995,0.9404927074812988
2009-09-30,1.096598205509987,0.6842507664787748,1.1454748116144995,0.9748239197438731
2009-10-31,1.096598205509987,0.6842507664787748,1.1454748116144995,0.9982499932607982
2009-11-30,1.096598205509987,0.6842507664787748,1.1454748116144995,1.0191565994284697
2009-12-31,1.096598205509987,0.6842507664787748,1.1454748116144995,1.0418415741469493
2010-01-31,1.096598205509987,0.6842507664787748,1.1454748116144995,1.055979029719329
2010-02-28,1.096598205509987,0.6842507664787748,1.1454748116144995,1.0253717591486002
2010-03-31,1.096598205509987,0.6842507664787748,1.1454748116144995,1.086309967945492
2010-04-30,1.096598205509987,0.6842507664787748,1.1454748116144995,1.1307175613141764
2010-05-31,1.096598205509987,0.6842507664787748,1.1454748116144995,1.0642042697996246
2010-06-30,1.096598205509987,0.6842507664787748,1.1454748116144995,1.0264935093833452
2010-07-31,1.096598205509987,0.6842507664787748,1.1454748116144995,1.0248606352868577
2010-08-31,1.096598205509987,0.6842507664787748,1.1454748116144995,1.033711450352203
2010-09-30,1.096598205509987,0.6842507664787748,1.1454748116144995,1.0685594606571673
2010-10-31,1.096598205509987,0.6842507664787748,1.1454748116144995,1.1174720919294507
2010-11-30,1.096598205509987,0.6842507664787748,1.1454748116144995,1.1453073657823334
2010-12-31,1.096598205509987,0.6842507664787748,1.1454748116144995,1.1878410592461068
2011-01-31,1.096598205509987,0.6842507664787748,1.1454748116144995,1.2289664110814587
2011-02-28,1.096598205509987,0.6842507664787748,1.1454748116144995,1.267689470604984
2011-03-31,1.096598205509987,0.6842507664787748,1.1454748116144995,1.253586919949261
2011-04-30,1.096598205509987,0.6842507664787748,1.1454748116144995,1.2814288712392135
2011-05-31,1.096598205509987,0.6842507664787748,1.1454748116144995,1.289876496769451
2011-06-30,1.096598205509987,0.6842507664787748,1.1454748116144995,1.242633477900622
2011-07-31,1.096598205509987,0.6842507664787748,1.1454748116144995,1.2811766839511434
2011-08-31,1.096598205509987,0.6842507664787748,1.1454748116144995,1.1479260202315917
2011-09-30,1.096598205509987,0.6842507664787748,1.1454748116144995,1.1388660714255696
2011-10-31,1.096598205509987,0.6842507664787748,1.1454748116144995,1.1732473671808452
2011-11-30,1.096598205509987,0.6842507664787748,1.1454748116144995,1.193980084717399
2011-12-31,1.096598205509987,0.6842507664787748,1.1454748116144995,1.212543502573014
2012-01-31,1.096598205509987,0.6842507664787748,1.1454748116144995,1.270534098736309
2012-02-29,1.096598205509987,0.6842507664787748,1.1454748116144995,1.3234214610074604
2012-03-31,1.096598205509987,0.6842507664787748,1.1454748116144995,1.3615867827482742
2012-04-30,1.096598205509987,0.6842507664787748,1.1454748116144995,1.3610665158033917
2012-05-31,1.096598205509987,0.6842507664787748,1.1454748116144995,1.3189966000928068
2012-06-30,1.096598205509987,0.6842507664787748,1.1454748116144995,1.3037963367826266
2012-07-31,1.096598205509987,0.6842507664787748,1.1454748116144995,1.3418813598883903
2012-08-31,1.096598205509987,0.6842507664787748,1.1454748116144995,1.38734028529403
2012-09-30,1.096598205509987,0.6842507664787748,1.1454748116144995,1.429254139610942
2012-10-31,1.096598205509987,0.6842507664787748,1.1454748116144995,1.4261507319523508
2012-11-30,1.096598205509987,0.6842507664787748,1.1454748116144995,1.3856837911720112
2012-12-31,1.096598205509987,0.6842507664787748,1.1454748116144995,1.4158298294499794
2013-01-31,1.096598205509987,0.6842507664787748,1.1454748116144995,1.476268226849149
2013-02-28,1.096598205509987,0.6842507664787748,1.1454748116144995,1.5107098872340567
2013-03-31,1.096598205509987,0.6842507664787748,1.1454748116144995,1.5518382693441226
2013-04-30,1.096598205509987,0.6842507664787748,1.1454748116144995,1.5743987608105767
2013-05-31,1.096598205509987,0.6842507664787748,1.1454748116144995,1.64641600766441
2013-06-30,1.096598205509987,0.6842507664787748,1.1454748116144995,1.6280127804698616
2013-07-31,1.096598205509987,0.6842507664787748,1.1454748116144995,1.6809960846496423
2013-08-31,1.096598205509987,0.6842507664787748,1.1454748116144995,1.685241075135158
2013-09-30,1.096598205509987,0.6842507664787748,1.1454748116144995,1.7053370245353925
2013-10-31,1.096598205509987,0.6842507664787748,1.1454748116144995,1.741448387012144
2013-11-30,1.096598205509987,0.6842507664787748,1.1454748116144995,1.8086681910306959
2013-12-31,1.096598205509987,0.6842507664787748,1.1454748116144995,1.8361900015249442
2014-01-31,1.096598205509987,0.6842507664787748,1.1454748116144995,1.8539607890295153
2014-02-28,1.096598205509987,0.6842507664787748,1.1454748116144995,1.8515499744369586
2014-03-31,1.096598205509987,0.6842507664787748,1.1454748116144995,1.9019541511012517
2014-04-30,1.096598205509987,0.6842507664787748,1.1454748116144995,1.905790848666262
2014-05-31,1.096598205509987,0.6842507664787748,1.1454748116144995,1.9349882268127094
2014-06-30,1.096598205509987,0.6842507664787748,1.1454748116144995,1.996836600616672
2014-07-31,1.096598205509987,0.6842507664787748,1.1454748116144995,2.0267057211981347
2014-08-31,1.096598205509987,0.6842507664787748,1.1454748116144995,2.018052684464234
2014-09-30,1.096598205509987,0.6842507664787748,1.1454748116144995,2.053934343573109
2014-10-31,1.096598205509987,0.6842507664787748,1.1454748116144995,1.9995752523195454
2014-11-30,1.096598205509987,0.6842507664787748,1.2108316207077172,1.9995752523195454
2014-12-31,1.096598205509987,0.6842507664787748,1.2185069334367944,1.9995752523195454
2015-01-31,1.096598205509987,0.676655271090338,1.2185069334367944,1.9995752523195454
2015-02-28,1.096598205509987,0.6957870091810783,1.2185069334367944,1.9995752523195454
2015-03-31,1.096598205509987,0.6961722208813234,1.2185069334367944,1.9995752523195454
2015-04-30,1.096598205509987,0.6961722208813234,1.229210416192161,1.9995752523195454
2015-05-31,1.096598205509987,0.6961722208813234,1.2412432051460993,1.9995752523195454
2015-06-30,1.096598205509987,0.6961722208813234,1.2358375902236434,1.9995752523195454
2015-07-31,1.096598205509987,0.6956178582654358,1.2358375902236434,1.9995752523195454
2015-08-31,1.096598205509987,0.6787533163096359,1.2358375902236434,1.9995752523195454
2015-09-30,1.096598205509987,0.6481612561630794,1.2358375902236434,1.9995752523195454
2015-10-31,1.096598205509987,0.676143151054316,1.2358375902236434,1.9995752523195454
2015-11-30,1.096598205509987,0.6959708456610413,1.2358375902236434,1.9995752523195454
2015-12-31,1.096598205509987,0.6882944971294755,1.2358375902236434,1.9995752523195454
2016-01-31,1.096598205509987,0.6441085938125499,1.2358375902236434,1.9995752523195454
2016-02-29,1.096598205509987,0.6405665821880164,1.2358375902236434,1.9995752523195454
2016-03-31,1.096598205509987,0.681324088436901,1.2358375902236434,1.9995752523195454
2016-04-30,1.096598205509987,0.7006141465405721,1.2358375902236434,1.9995752523195454
2016-05-31,1.096598205509987,0.6984817206390095,1.2358375902236434,1.9995752523195454
2016-06-30,1.096598205509987,0.7059309599287272,1.2358375902236434,1.9995752523195454
2016-07-31,1.096598205509987,0.7292086021802388,1.2358375902236434,1.9995752523195454
2016-08-31,1.096598205509987,0.7379536872712247,1.2358375902236434,1.9995752523195454
2016-09-30,1.096598205509987,0.7347164966641421,1.2358375902236434,1.9995752523195454
2016-10-31,1.096598205509987,0.7309989712771167,1.2358375902236434,1.9995752523195454
2016-11-30,1.096598205509987,0.7397794426407773,1.2358375902236434,1.9995752523195454
2016-12-31,1.096598205509987,0.7397794426407773,1.2846032944738186,1.9995752523195454
2017-01-31,1.096598205509987,0.7397794426407773,1.3030711976915328,1.9995752523195454
2017-02-28,1.096598205509987,0.7397794426407773,1.336644114270202,1.9995752523195454
2017-03-31,1.096598205509987,0.75272008548191,1.336644114270202,1.9995752523195454
2017-04-30,1.096598205509987,0.7515608656377386,1.336644114270202,1.9995752523195454
2017-05-31,1.096598205509987,0.7642800813251523,1.336644114270202,1.9995752523195454
2017-06-30,1.096598205509987,0.7778569662315421,1.336644114270202,1.9995752523195454
2017-07-31,1.096598205509987,0.7855412914559832,1.336644114270202,1.9995752523195454
2017-08-31,1.096598205509987,0.7874879040967165,1.336644114270202,1.9995752523195454
2017-09-30,1.096598205509987,0.8005071506675643,1.336644114270202,1.9995752523195454
2017-10-31,1.096598205509987,0.8005071506675643,1.373198645896891,1.9995752523195454
2017-11-30,1.096598205509987,0.8005071506675643,1.3950265850468904,1.9995752523195454
2017-12-31,1.096598205509987,0.8005071506675643,1.4352519854346337,1.9995752523195454
2018-01-31,1.096598205509987,0.8005071506675643,1.505032476686966,1.9995752523195454
2018-02-28,1.096598205509987,0.8005071506675643,1.4615869085482571,1.9995752523195454
2018-03-31,1.096598205509987,0.8005071506675643,1.462530775502508,1.9995752523195454
2018-04-30,1.096598205509987,0.8005071506675643,1.4381946743629612,1.9995752523195454
2018-05-31,1.096598205509987,0.8005071506675643,1.4664066049178621,1.9995752523195454
2018-06-30,1.096598205509987,0.8005071506675643,1.4973913329826412,1.9995752523195454
2018-07-31,1.096598205509987,0.8005071506675643,1.5210612263556522,1.9995752523195454
2018-08-31,1.096598205509987,0.8005071506675643,1.5583394697816069,1.9995752523195454
2018-09-30,1.096598205509987,0.8005071506675643,1.5845156416995867,1.9995752523195454
2018-10-31,1.096598205509987,0.8005071506675643,1.523527854001635,1.9995752523195454
2018-11-30,1.096598205509987,0.7838877551516304,1.523527854001635,1.9995752523195454
2018-12-31,1.096598205509987,0.7402839034202787,1.523527854001635,1.9995752523195454
2019-01-31,1.096598205509987,0.753132540255392,1.523527854001635,1.9995752523195454
2019-02-28,1.096598205509987,0.753132540255392,1.6123328079473902,1.9995752523195454
2019-03-31,1.096598205509987,0.753132540255392,1.643741405120648,1.9995752523195454
2019-04-30,1.096598205509987,0.753132540255392,1.7049415075199474,1.9995752523195454
2019-05-31,1.096598205509987,0.741596142292753,1.7049415075199474,1.9995752523195454
2019-06-30,1.096598205509987,0.741596142292753,1.7288916593346924,1.9995752523195454
2019-07-31,1.096598205509987,0.741596142292753,1.795062287239032,1.9995752523195454
2019-08-31,1.096598205509987,0.741596142292753,1.7387976031949195,1.9995752523195454
2019-09-30,1.096598205509987,0.7644760700117265,1.7387976031949195,1.9995752523195454
2019-10-31,1.096598205509987,0.7645510096989192,1.7387976031949195,1.9995752523195454
2019-11-30,1.096598205509987,0.7984488483775648,1.7387976031949195,1.9995752523195454
2019-12-31,1.096598205509987,0.7984488483775648,1.7817340779357353,1.9995752523195454
2020-01-31,1.096598205509987,0.8251681206836391,1.7817340779357353,1.9995752523195454
2020-02-29,1.096598205509987,0.8261754596608977,1.7817340779357353,1.9995752523195454
2020-03-31,0.8891469489324697,0.8261754596608977,1.7817340779357353,1.9995752523195454
2020-04-30,0.9275457766053301,0.8261754596608977,1.7817340779357353,1.9995752523195454
2020-05-31,0.9275457766053301,0.8748154274246889,1.7817340779357353,1.9995752523195454
2020-06-30,0.9275457766053301,0.931750793698952,1.7817340779357353,1.9995752523195454
2020-07-31,0.9275457766053301,0.9641425034064709,1.7817340779357353,1.9995752523195454
2020-08-31,0.9275457766053301,1.020964288658675,1.7817340779357353,1.9995752523195454
2020-09-30,0.9275457766053301,1.01456281565447,1.7817340779357353,1.9995752523195454
2020-10-31,0.9275457766053301,1.0320741837106113,1.7817340779357353,1.9995752523195454
2020-11-30,0.9275457766053301,1.072883600188488,1.7817340779357353,1.9995752523195454
2020-12-31,0.9275457766053301,1.1185893047615023,1.7817340779357353,1.9995752523195454
2021-01-31,0.9275457766053301,1.1498572289137066,1.7817340779357353,1.9995752523195454
2021-02-28,0.9275457766053301,1.1498572289137066,1.8261264913029198,1.9995752523195454
2021-03-31,0.9275457766053301,1.1498572289137066,1.8411255212206759,1.9995752523195454
2021-04-30,0.9275457766053301,1.1498572289137066,1.9519886387973124,1.9995752523195454
2021-05-31,0.9275457766053301,1.1498572289137066,1.966828271669649,1.9995752523195454
2021-06-30,0.9275457766053301,1.1498572289137066,2.0024361790510814,1.9995752523195454
2021-07-31,0.9275457766053301,1.1498572289137066,2.063874955329427,1.9995752523195454
2021-08-31,0.9275457766053301,1.1498572289137066,2.108973963632944,1.9995752523195454
2021-09-30,0.9275457766053301,1.1498572289137066,2.107191905284898,1.9995752523195454
2021-10-31,0.9275457766053301,1.1498572289137066,2.116720122806525,1.9995752523195454
2021-11-30,0.9275457766053301,1.1498572289137066,2.2171530751122446,1.9995752523195454
2021-12-31,0.9275457766053301,1.1498572289137066,2.22303747996327,1.9995752523195454
2022-01-31,0.9275457766053301,1.1498572289137066,2.22303747996327,1.9585449101043562
2022-02-28,0.9275457766053301,1.1498572289137066,2.22303747996327,1.9016967758709604
2022-03-31,0.9275457766053301,1.1498572289137066,2.22303747996327,1.8847225422447391
2022-04-30,0.9275457766053301,1.1498572289137066,2.22303747996327,1.8869522035126687
2022-05-31,0.9275457766053301,1.1498572289137066,2.22303747996327,1.7383975458290033
2022-06-30,0.9275457766053301,1.1498572289137066,2.22303747996327,1.6798242419576905
2022-07-31,0.9275457766053301,1.1498572289137066,2.22303747996327,1.6876301388439636
2022-08-31,0.9275457766053301,1.1498572289137066,2.3663654619023493,1.6876301388439636
2022-09-30,0.9275457766053301,1.1498572289137066,2.1941554837406025,1.6876301388439636
2022-10-31,0.9275457766053301,1.1498572289137066,2.1263302949073983,1.6876301388439636
2022-11-30,0.9275457766053301,1.1498572289137066,2.2387088539418842,1.6876301388439636
2022-12-31,0.9275457766053301,1.1498572289137066,2.2389514730292293,1.6876301388439636
2023-01-31,0.9275457766053301,1.1498572289137066,2.269769661740507,1.6876301388439636
2023-02-28,0.9275457766053301,1.1498572289137066,2.3411986693055895,1.6876301388439636
2023-03-31,0.9275457766053301,1.1498572289137066,2.280668685424053,1.6876301388439636
2023-04-30,0.9275457766053301,1.1498572289137066,2.371809252856754,1.6876301388439636
2023-05-31,0.9275457766053301,1.1498572289137066,2.3893059770228007,1.6876301388439636
2023-06-30,0.9275457766053301,1.1498572289137066,2.507389939367345,1.6876301388439636
2023-07-31,0.9275457766053301,1.1498572289137066,2.6045774260541954,1.6876301388439636
2023-08-31,0.9275457766053301,1.1498572289137066,2.578314051931468,1.6876301388439636
2023-09-30,0.9275457766053301,1.1498572289137066,2.615109513169766,1.6876301388439636
2023-10-31,0.9275457766053301,1.1498572289137066,2.475486128418335,1.6876301388439636
2023-11-30,0.9275457766053301,1.1498572289137066,2.5889227937890404,1.6876301388439636
2023-12-31,0.9275457766053301,1.1498572289137066,2.7225427336260695,1.6876301388439636
2024-01-31,0.9275457766053301,1.1498572289137066,2.7951271516673217,1.6876301388439636
2024-02-29,0.9275457766053301,1.1498572289137066,2.919088775900797,1.6876301388439636
2024-03-31,0.9275457766053301,1.1498572289137066,3.0148727445724877,1.6876301388439636
2024-04-30,0.9275457766053301,1.1498572289137066,2.984524621120583,1.6876301388439636
2024-05-31,0.9275457766053301,1.1498572289137066,3.0596586483734365,1.6876301388439636
2024-06-30,0.9275457766053301,1.1498572289137066,3.1683741916508494,1.6876301388439636
2024-07-31,0.9275457766053301,1.1498572289137066,3.2439554646452864,1.6876301388439636
2024-08-31,0.9275457766053301,1.1498572289137066,3.2127173099009623,1.6876301388439636
2024-09-30,0.9275457766053301,1.1498572289137066,3.300357702405932,1.6876301388439636
2024-10-31,0.9275457766053301,1.1498572289137066,3.4046409743831796,1.6876301388439636
2024-11-30,0.9275457766053301,1.1498572289137066,3.4894923229076604,1.6876301388439636
2024-12-31,0.9275457766053301,1.1498572289137066,3.5412223847972513,1.6876301388439636
2025-01-31,0.9275457766053301,1.1498572289137066,3.526860942003019,1.6876301388439636
2025-02-28,0.9275457766053301,1.1498572289137066,3.565875464919278,1.6876301388439636
2025-03-31,0.9275457766053301,1.1498572289137066,3.360577693344363,1.6876301388439636
2025-04-30,0.9275457766053301,1.0875800847984713,3.360577693344363,1.6876301388439636
2025-05-31,0.9275457766053301,1.1782575511996796,3.360577693344363,1.6876301388439636
2025-06-30,0.9275457766053301,1.224044042587776,3.360577693344363,1.6876301388439636
2025-07-31,0.9275457766053301,1.224044042587776,3.51305050857499,1.6876301388439636
2025-08-31,0.9275457766053301,1.2473324533115393,3.51305050857499,1.6876301388439636
2025-09-30,0.9275457766053301,1.282860415377454,3.51305050857499,1.6876301388439636
2025-10-31,0.9275457766053301,1.3139091587901959,3.51305050857499,1.6876301388439636
2025-11-30,0.9275457766053301,1.3164563999099292,3.51305050857499,1.6876301388439636
2025-12-31,0.9275457766053301,1.3398925519755693,3.51305050857499,1.6876301388439636
2026-01-31,0.9275457766053301,1.3563327449186222,3.51305050857499,1.6876301388439636
2026-02-28,0.9275457766053301,1.3510034171710832,3.51305050857499,1.6876301388439636
2026-03-31,0.9275457766053301,1.3510034171710832,3.51305050857499,1.6309954848830217
2026-04-30,0.9275457766053301,1.3510034171710832,3.51305050857499,1.614412903330769
