date,World,USA,Europe,Japan,EM,EM Asia,World Small Cap,NASDAQ
2001-01-01,1.000000,1.000000,1.000000,1.000000,1.000000,1.000000,1.000000,1.000000
2001-02-01,0.915600,0.910639,0.912267,0.955044,0.921699,0.939989,0.971067,1.000000
2001-03-01,0.855634,0.852586,0.844510,0.927436,0.831170,0.839518,0.917982,0.664784
2001-04-01,0.919093,0.919014,0.905281,0.990490,0.872240,0.839994,0.990754,0.764921
2001-05-01,0.907677,0.924545,0.862157,0.988123,0.882651,0.847091,1.002054,0.763351
2001-06-01,0.879368,0.903387,0.829962,0.929300,0.864533,0.830844,0.999875,0.781961
2001-07-01,0.867788,0.894962,0.832121,0.860065,0.809903,0.785509,0.966815,0.734196
2001-08-01,0.826303,0.835528,0.810666,0.838558,0.801914,0.785643,0.964896,0.654387
2001-09-01,0.753602,0.771652,0.729779,0.760790,0.677794,0.667557,0.838654,0.543682
2001-10-01,0.768113,0.782951,0.752923,0.759208,0.719857,0.712610,0.894862,0.613472
2001-11-01,0.813670,0.843294,0.783160,0.767438,0.795013,0.814343,0.951370,0.701128
2001-12-01,0.818884,0.848653,0.803226,0.715674,0.858117,0.888300,0.975993,0.708792
2002-01-01,0.794165,0.836685,0.761335,0.659661,0.887197,0.930003,0.956026,0.703314
2002-02-01,0.787415,0.820348,0.761209,0.687067,0.901772,0.957248,0.947937,0.630127
2002-03-01,0.822390,0.850938,0.802705,0.727137,0.956015,1.025701,1.022175,0.671981
2002-04-01,0.794763,0.795748,0.797243,0.769470,0.962220,1.028261,1.038690,0.615213
2002-05-01,0.796605,0.789829,0.795772,0.817444,0.946889,1.010166,1.036087,0.589201
2002-06-01,0.748435,0.729637,0.768473,0.774875,0.875851,0.965404,0.982472,0.533974
2002-07-01,0.685442,0.677185,0.683046,0.721053,0.809237,0.927069,0.875782,0.485081
2002-08-01,0.686867,0.680409,0.683090,0.713416,0.821706,0.917005,0.871762,0.480506
2002-09-01,0.611480,0.603630,0.593243,0.682027,0.733052,0.806206,0.806057,0.428643
2002-10-01,0.656722,0.658463,0.650613,0.634574,0.780618,0.844966,0.815862,0.486598
2002-11-01,0.692277,0.698098,0.682575,0.660314,0.834350,0.902292,0.861995,0.541456
2002-12-01,0.658864,0.655940,0.657890,0.643310,0.806628,0.846121,0.822842,0.489357
2003-01-01,0.638957,0.640100,0.626833,0.617245,0.803116,0.860261,0.808303,0.484332
2003-02-01,0.628016,0.630357,0.606392,0.620885,0.781440,0.814838,0.794314,0.490744
2003-03-01,0.626290,0.636228,0.597678,0.593478,0.759283,0.773952,0.796329,0.492410
2003-04-01,0.682225,0.689384,0.679252,0.588850,0.826914,0.808757,0.878761,0.537947
2003-05-01,0.721548,0.726373,0.724116,0.617464,0.886263,0.878217,0.970681,0.586651
2003-06-01,0.734304,0.735376,0.731559,0.663008,0.936775,0.946966,1.002430,0.596925
2003-07-01,0.749354,0.749032,0.746570,0.689918,0.995443,1.034878,1.042740,0.638600
2003-08-01,0.765723,0.763087,0.745267,0.762630,1.062257,1.107121,1.108165,0.666788
2003-09-01,0.770580,0.754278,0.760441,0.808144,1.070044,1.096816,1.129038,0.658572
2003-10-01,0.816462,0.797334,0.811367,0.845137,1.161102,1.208849,1.228719,0.712548
2003-11-01,0.829090,0.805054,0.845920,0.819057,1.175371,1.190888,1.250836,0.723366
2003-12-01,0.881307,0.846887,0.915398,0.875883,1.260581,1.277395,1.303516,0.739754
2004-01-01,0.895644,0.862230,0.926193,0.891731,1.305350,1.344767,1.359609,0.763428
2004-02-01,0.910962,0.872692,0.953446,0.889126,1.365566,1.394848,1.387761,0.750511
2004-03-01,0.905273,0.858831,0.924031,1.008833,1.383112,1.385966,1.427233,0.737847
2004-04-01,0.887234,0.845645,0.917487,0.954152,1.270033,1.300730,1.362636,0.710931
2004-05-01,0.895931,0.856894,0.933605,0.920681,1.245019,1.242346,1.369028,0.736058
2004-06-01,0.914710,0.873082,0.946536,0.970287,1.250706,1.225147,1.430086,0.759166
2004-07-01,0.885088,0.843354,0.920634,0.912770,1.228591,1.182251,1.356601,0.700194
2004-08-01,0.889331,0.847673,0.921328,0.919391,1.280020,1.236828,1.355020,0.682385
2004-09-01,0.906440,0.856980,0.958301,0.898015,1.353950,1.289728,1.404913,0.704645
2004-10-01,0.928841,0.870086,0.992941,0.921527,1.386386,1.301603,1.446081,0.734144
2004-11-01,0.978044,0.905865,1.066013,0.966014,1.514801,1.426810,1.561603,0.779915
2004-12-01,1.015677,0.937620,1.111188,1.015589,1.587726,1.473190,1.626006,0.809680
2005-01-01,0.993000,0.914407,1.090709,0.992007,1.592751,1.499843,1.605470,0.768149
2005-02-01,1.024907,0.933477,1.145419,1.012462,1.732608,1.602310,1.657601,0.764677
2005-03-01,1.005436,0.918569,1.116927,0.991929,1.618463,1.516820,1.620058,0.745622
2005-04-01,0.984231,0.901972,1.090382,0.966411,1.575325,1.474183,1.556638,0.717184
2005-05-01,1.002473,0.931458,1.095799,0.957619,1.630790,1.529624,1.605403,0.772362
2005-06-01,1.011590,0.933793,1.111345,0.956691,1.687083,1.572413,1.653127,0.768670
2005-07-01,1.047152,0.968879,1.151922,0.966224,1.806458,1.675325,1.738915,0.816964
2005-08-01,1.055531,0.959882,1.169356,1.033459,1.822719,1.622799,1.756751,0.805265
2005-09-01,1.083252,0.968107,1.197764,1.140602,1.992681,1.727291,1.801708,0.805650
2005-10-01,1.057186,0.952225,1.160153,1.126936,1.862488,1.609126,1.741701,0.794432
2005-11-01,1.092987,0.990702,1.180014,1.175047,2.016697,1.748482,1.812796,0.837118
2005-12-01,1.117481,0.991259,1.221555,1.275851,2.136161,1.878254,1.887467,0.827364
2006-01-01,1.167598,1.018315,1.301494,1.340183,2.376063,2.025193,2.030399,0.865618
2006-02-01,1.166349,1.019348,1.302654,1.328838,2.373789,2.021025,2.014365,0.857022
2006-03-01,1.192522,1.032422,1.353890,1.362848,2.395068,2.059641,2.108956,0.879530
2006-04-01,1.229365,1.046032,1.424529,1.402519,2.565986,2.203757,2.164566,0.873641
2006-05-01,1.188472,1.015079,1.387693,1.315314,2.297676,2.033552,2.043954,0.820172
2006-06-01,1.188614,1.016218,1.392879,1.300765,2.292804,2.018839,2.012611,0.818161
2006-07-01,1.196290,1.019611,1.414345,1.293569,2.326522,2.016829,1.956585,0.788337
2006-08-01,1.227954,1.044241,1.459302,1.312994,2.386962,2.088332,2.011598,0.823644
2006-09-01,1.242950,1.070826,1.471870,1.291871,2.407027,2.171984,2.018868,0.852358
2006-10-01,1.288824,1.107420,1.535144,1.314362,2.521481,2.232087,2.107654,0.893790
2006-11-01,1.321053,1.129395,1.590141,1.323699,2.709269,2.412504,2.181275,0.918954
2006-12-01,1.348265,1.143112,1.641239,1.356638,2.831521,2.502264,2.218847,0.913336
2007-01-01,1.364451,1.163828,1.651115,1.368118,2.802921,2.450913,2.259321,0.932336
2007-02-01,1.357913,1.142542,1.645258,1.423172,2.786684,2.456139,2.277167,0.914876
2007-03-01,1.383347,1.154899,1.705612,1.404908,2.898314,2.508424,2.334783,0.917562
2007-04-01,1.445192,1.204405,1.818049,1.377600,3.036232,2.630673,2.411633,0.957369
2007-05-01,1.487095,1.246583,1.853281,1.400103,3.184518,2.802583,2.474234,0.988120
2007-06-01,1.476147,1.225740,1.853576,1.395906,3.335147,2.972108,2.455858,0.988287
2007-07-01,1.443756,1.187799,1.814371,1.393681,3.512848,3.207638,2.374447,0.967320
2007-08-01,1.443288,1.205836,1.794593,1.352756,3.439344,3.163431,2.307305,0.986991
2007-09-01,1.512416,1.251607,1.885522,1.384473,3.819460,3.535567,2.355878,1.027615
2007-10-01,1.559133,1.272699,1.973656,1.379216,4.245706,3.929883,2.471341,1.088254
2007-11-01,1.496109,1.218977,1.910920,1.353953,3.944929,3.561213,2.284696,1.013552
2007-12-01,1.477240,1.212017,1.877483,1.300417,3.959093,3.542586,2.243808,1.010919
2008-01-01,1.364679,1.138459,1.681827,1.240988,3.466182,3.036533,2.066149,0.911569
2008-02-01,1.357441,1.103066,1.709191,1.249562,3.723289,3.261915,2.083300,0.867021
2008-03-01,1.345098,1.099002,1.716909,1.199648,3.526591,3.042821,2.063353,0.870505
2008-04-01,1.416875,1.153400,1.797712,1.286825,3.813357,3.294829,2.147694,0.922150
2008-05-01,1.440246,1.171804,1.810295,1.319229,3.885210,3.160020,2.226309,0.964750
2008-06-01,1.325888,1.076295,1.653122,1.229353,3.498150,2.766522,2.047502,0.877554
2008-07-01,1.293828,1.063986,1.605808,1.187458,3.368966,2.747068,2.011193,0.890602
2008-08-01,1.276239,1.078559,1.542806,1.140234,3.100971,2.554623,2.010384,0.907266
2008-09-01,1.124995,0.979627,1.310359,1.013008,2.558625,2.131616,1.743919,0.802240
2008-10-01,0.911988,0.812095,1.032046,0.863267,1.858758,1.618885,1.349505,0.660520
2008-11-01,0.853585,0.752175,0.961786,0.852501,1.718967,1.504381,1.235208,0.589808
2008-12-01,0.881410,0.761928,1.012349,0.921847,1.853510,1.673194,1.310371,0.606125
2009-01-01,0.804452,0.699856,0.900632,0.859193,1.734567,1.567391,1.210440,0.567858
2009-02-01,0.722651,0.628128,0.809535,0.752830,1.637006,1.467270,1.084573,0.530320
2009-03-01,0.777575,0.681952,0.866030,0.769132,1.872483,1.700943,1.174613,0.588694
2009-04-01,0.865589,0.747431,0.988895,0.843165,2.184370,1.984894,1.369453,0.661762
2009-05-01,0.945107,0.788554,1.111581,0.930059,2.558880,2.285440,1.489515,0.684178
2009-06-01,0.941242,0.790338,1.090236,0.946441,2.524919,2.279188,1.506966,0.708042
2009-07-01,1.021247,0.849912,1.204941,0.986941,2.810645,2.570819,1.639716,0.763866
2009-08-01,1.063831,0.879471,1.281163,1.025795,2.801338,2.500587,1.740159,0.776172
2009-09-01,1.106601,0.913586,1.340756,1.008602,3.056075,2.730512,1.843214,0.820482
2009-10-01,1.087150,0.895889,1.325276,0.983305,3.060137,2.704422,1.770856,0.791141
2009-11-01,1.132125,0.949189,1.364225,0.973214,3.191741,2.787635,1.813162,0.830154
2009-12-01,1.152819,0.968742,1.385009,0.980775,3.318180,2.914791,1.896771,0.878917
2010-01-01,1.105393,0.934758,1.303303,0.999394,3.133656,2.741486,1.851351,0.832324
2010-02-01,1.121415,0.963607,1.277497,1.010604,3.145343,2.743242,1.894698,0.868114
2010-03-01,1.191490,1.021313,1.361219,1.061687,3.399525,2.955423,2.041804,0.930631
2010-04-01,1.192322,1.037678,1.326088,1.060059,3.441471,3.025281,2.121152,0.955788
2010-05-01,1.079246,0.954013,1.167509,0.974338,3.140255,2.765995,1.918194,0.877142
2010-06-01,1.042644,0.903282,1.159206,0.954817,3.117731,2.803974,1.829543,0.820286
2010-07-01,1.127449,0.966412,1.294355,0.988833,3.379570,2.964147,1.971944,0.877401
2010-08-01,1.085816,0.923485,1.246935,0.966266,3.315073,2.922226,1.881683,0.823243
2010-09-01,1.187481,1.007445,1.384095,1.011074,3.683924,3.251504,2.099006,0.922932
2010-10-01,1.232009,1.047119,1.444163,1.031698,3.791213,3.336851,2.182326,0.977624
2010-11-01,1.205990,1.048286,1.335038,1.053397,3.691286,3.273107,2.193934,0.974694
2010-12-01,1.295059,1.118392,1.447176,1.133715,3.955129,3.478920,2.400729,1.035675
2011-01-01,1.324620,1.145207,1.504510,1.135157,3.848575,3.430368,2.422653,1.054794
2011-02-01,1.371584,1.183602,1.554371,1.186949,3.813253,3.298822,2.521177,1.087602
2011-03-01,1.358688,1.185011,1.542118,1.078691,4.038052,3.534485,2.552077,1.087855
2011-04-01,1.417270,1.221272,1.667850,1.082631,4.164190,3.669151,2.649502,1.124749
2011-05-01,1.389303,1.208033,1.616496,1.065023,4.056621,3.613128,2.596494,1.110528
2011-06-01,1.367860,1.187550,1.586025,1.080663,3.995922,3.536754,2.541096,1.087068
2011-07-01,1.343420,1.164420,1.532654,1.118970,3.980894,3.566009,2.482361,1.081072
2011-08-01,1.249330,1.100013,1.379288,1.028045,3.626605,3.195019,2.278131,1.012401
2011-09-01,1.141921,1.020896,1.228229,1.011794,3.098477,2.790952,2.023332,0.948682
2011-10-01,1.260361,1.133058,1.376972,1.009304,3.509200,3.127550,2.262936,1.054970
2011-11-01,1.230311,1.129951,1.315343,0.964790,3.275515,2.862834,2.209215,1.030491
2011-12-01,1.230092,1.140649,1.295178,0.972862,3.236350,2.882080,2.191745,1.025202
2012-01-01,1.292184,1.194367,1.356246,1.016846,3.604064,3.189132,2.357584,1.108008
2012-02-01,1.356018,1.246990,1.442691,1.068193,3.820613,3.373222,2.465325,1.169011
2012-03-01,1.374197,1.286922,1.435161,1.083266,3.693505,3.267012,2.490286,1.218914
2012-04-01,1.359550,1.279164,1.404840,1.048674,3.650391,3.262636,2.473356,1.201899
2012-05-01,1.243487,1.200574,1.235388,0.955086,3.242913,2.953717,2.254008,1.116286
2012-06-01,1.307469,1.248047,1.333997,1.004260,3.369598,3.030239,2.336595,1.159553
2012-07-01,1.324640,1.264966,1.349262,0.980280,3.437754,3.094363,2.333693,1.162089
2012-08-01,1.358892,1.294657,1.408912,0.973190,3.427818,3.074054,2.411093,1.213242
2012-09-01,1.396833,1.327670,1.450900,0.996545,3.635338,3.298734,2.496611,1.233539
2012-10-01,1.387791,1.303710,1.472158,0.977878,3.613658,3.285079,2.482602,1.179336
2012-11-01,1.406311,1.312202,1.510584,1.001103,3.659803,3.376752,2.508132,1.193195
2012-12-01,1.433515,1.324676,1.553300,1.054232,3.839190,3.494293,2.589370,1.197662
2013-01-01,1.506980,1.394773,1.644509,1.092941,3.892719,3.532272,2.740679,1.247094
2013-02-01,1.510221,1.412696,1.599565,1.122108,3.844372,3.531172,2.763741,1.255090
2013-03-01,1.546375,1.465835,1.597257,1.177601,3.778991,3.449087,2.860337,1.298550
2013-04-01,1.596173,1.494825,1.669524,1.280915,3.808955,3.500481,2.896520,1.323762
2013-05-01,1.598193,1.526324,1.675483,1.208409,3.713027,3.470704,2.927710,1.375193
2013-06-01,1.559451,1.505975,1.595083,1.229616,3.478415,3.269465,2.866054,1.355152
2013-07-01,1.642005,1.585211,1.712735,1.237034,3.516640,3.314704,3.051041,1.444897
2013-08-01,1.607754,1.541479,1.691058,1.210443,3.457625,3.276281,2.993164,1.431314
2013-09-01,1.688792,1.592536,1.812908,1.312174,3.683573,3.448769,3.201251,1.504674
2013-10-01,1.755299,1.663241,1.890608,1.312183,3.863079,3.614999,3.300267,1.564812
2013-11-01,1.787308,1.710680,1.913403,1.331752,3.806893,3.620789,3.361103,1.621813
2013-12-01,1.825797,1.756623,1.956491,1.342532,3.752163,3.574881,3.441878,1.669509
2014-01-01,1.758583,1.696987,1.881122,1.290744,3.509350,3.404884,3.378535,1.641553
2014-02-01,1.847554,1.776780,2.019114,1.283885,3.626338,3.517111,3.557177,1.724340
2014-03-01,1.851278,1.788982,1.999794,1.269087,3.738466,3.566346,3.543072,1.681806
2014-04-01,1.871264,1.799732,2.052132,1.236343,3.752384,3.572913,3.484897,1.649106
2014-05-01,1.909845,1.842684,2.074340,1.286535,3.884214,3.720355,3.525776,1.701528
2014-06-01,1.944832,1.882163,2.072881,1.353994,3.989171,3.825673,3.665468,1.769057
2014-07-01,1.914262,1.855685,1.994651,1.361844,4.069582,3.958380,3.518246,1.754818
2014-08-01,1.957230,1.930165,2.003211,1.332330,4.162918,4.002930,3.627530,1.840516
2014-09-01,1.904914,1.900011,1.928294,1.324333,3.855215,3.771845,3.425565,1.806827
2014-10-01,1.917692,1.945864,1.877536,1.307090,3.901118,3.827189,3.484261,1.863257
2014-11-01,1.957027,1.997467,1.927749,1.311151,3.860089,3.834060,3.500689,1.929231
2014-12-01,1.926283,1.991373,1.845311,1.292572,3.684012,3.763366,3.521823,1.908135
2015-01-01,1.891833,1.935158,1.845481,1.322770,3.706396,3.853745,3.458682,1.868786
2015-02-01,2.003613,2.048369,1.961539,1.403105,3.821605,3.946902,3.672892,2.002384
2015-03-01,1.973546,2.018800,1.911343,1.426268,3.768025,3.961305,3.682205,1.978440
2015-04-01,2.020848,2.037260,1.996656,1.476850,4.058789,4.237341,3.717714,1.996120
2015-05-01,2.029526,2.064409,1.984678,1.496236,3.897036,4.121358,3.773267,2.049398
2015-06-01,1.983160,2.025309,1.924343,1.470796,3.798793,3.959748,3.740612,2.017145
2015-07-01,2.019418,2.065783,1.984568,1.477737,3.537800,3.677894,3.724916,2.075684
2015-08-01,1.886614,1.940465,1.843455,1.391907,3.219049,3.340858,3.528475,1.934683
2015-09-01,1.817879,1.889076,1.757665,1.298757,3.123356,3.290902,3.379663,1.872640
2015-10-01,1.962464,2.044950,1.883650,1.429844,3.346370,3.546546,3.574214,2.049626
2015-11-01,1.953652,2.052083,1.849408,1.415646,3.216062,3.430105,3.615430,2.073261
2015-12-01,1.920101,2.017605,1.802084,1.420523,3.146193,3.407024,3.526027,2.033544
2016-01-01,1.805720,1.910366,1.683553,1.303688,2.942262,3.158449,3.252948,1.875108
2016-02-01,1.793381,1.906338,1.654182,1.268012,2.937772,3.117347,3.276357,1.853595
2016-03-01,1.916394,2.036899,1.759286,1.329958,3.327251,3.474179,3.554362,1.981667
2016-04-01,1.947934,2.046963,1.805215,1.391804,3.345998,3.430188,3.639205,1.944533
2016-05-01,1.960663,2.084408,1.798094,1.377312,3.221845,3.389187,3.684943,2.016144
2016-06-01,1.939633,2.089800,1.718975,1.343703,3.353781,3.489381,3.616944,1.974545
2016-07-01,2.022101,2.169109,1.791144,1.430830,3.524483,3.659914,3.816999,2.106113
2016-08-01,2.024804,2.172391,1.796679,1.436376,3.613245,3.808687,3.823787,2.128356
2016-09-01,2.036474,2.174740,1.812624,1.461362,3.660781,3.860570,3.882888,2.170098
2016-10-01,1.997587,2.133526,1.753792,1.480639,3.669830,3.805259,3.740573,2.121348
2016-11-01,2.027400,2.210577,1.715973,1.444931,3.501129,3.678573,3.898487,2.177758
2016-12-01,2.076649,2.251823,1.806131,1.459259,3.511281,3.629370,3.993280,2.203519
2017-01-01,2.127254,2.298468,1.843799,1.513565,3.703605,3.842285,4.085923,2.299814
2017-02-01,2.187317,2.388838,1.866181,1.530576,3.817264,3.982210,4.173832,2.387624
2017-03-01,2.212183,2.392210,1.943513,1.527005,3.914581,4.115771,4.207354,2.424581
2017-04-01,2.246031,2.418069,2.014413,1.543033,4.001091,4.204371,4.293364,2.481916
2017-05-01,2.295720,2.451047,2.116335,1.589617,4.120217,4.395333,4.323146,2.545497
2017-06-01,2.305426,2.466403,2.093829,1.606792,4.164491,4.475412,4.392630,2.523329
2017-07-01,2.361313,2.516651,2.156500,1.639314,4.416078,4.729037,4.493073,2.610357
2017-08-01,2.365829,2.524903,2.158103,1.638555,4.516230,4.796502,4.491578,2.645209
2017-09-01,2.419860,2.576394,2.229657,1.672709,4.499297,4.796123,4.670886,2.674658
2017-10-01,2.466201,2.635390,2.240400,1.749856,4.657307,5.050187,4.739330,2.771839
2017-11-01,2.520901,2.715613,2.245757,1.802253,4.666911,5.056102,4.844352,2.833957
2017-12-01,2.555781,2.745051,2.279985,1.815177,4.836865,5.199603,4.919206,2.847968
2018-01-01,2.691302,2.902596,2.403395,1.898383,5.240360,5.616529,5.094012,3.059470
2018-02-01,2.580943,2.796085,2.262578,1.869902,4.999425,5.316478,4.891362,3.004342
2018-03-01,2.526358,2.727857,2.237618,1.832990,4.907753,5.244887,4.896954,2.919772
2018-04-01,2.556948,2.738813,2.303341,1.845225,4.886949,5.250090,4.943888,2.922877
2018-05-01,2.575397,2.805597,2.232477,1.827273,4.714955,5.180648,5.078518,3.080285
2018-06-01,2.575103,2.824649,2.218255,1.781606,4.522193,4.943094,5.064163,3.110550
2018-07-01,2.656183,2.926051,2.292320,1.788743,4.625519,4.982117,5.126609,3.179501
2018-08-01,2.690293,3.022946,2.228644,1.792802,4.501806,4.942526,5.240703,3.363034
2018-09-01,2.706399,3.036769,2.236962,1.849568,4.479407,4.859960,5.168086,3.339063
2018-10-01,2.508315,2.825939,2.066460,1.693245,4.089706,4.329264,4.656800,3.034010
2018-11-01,2.538121,2.880996,2.047619,1.700024,4.258536,4.552604,4.687980,3.046258
2018-12-01,2.346087,2.621479,1.953395,1.586880,4.148291,4.411437,4.256110,2.759361
2019-01-01,2.529422,2.837065,2.082552,1.683697,4.511824,4.734578,4.695211,3.030032
2019-02-01,2.606755,2.932041,2.152797,1.683261,4.522381,4.814084,4.872649,3.136402
2019-03-01,2.642764,2.986251,2.168229,1.695542,4.561216,4.902380,4.845316,3.220425
2019-04-01,2.737994,3.105998,2.249127,1.719077,4.658099,4.991373,4.998419,3.375087
2019-05-01,2.582474,2.909620,2.130907,1.651103,4.321571,4.553671,4.674357,3.109570
2019-06-01,2.753734,3.113981,2.274789,1.713300,4.594794,4.846814,4.948709,3.342393
2019-07-01,2.768141,3.162088,2.231099,1.715709,4.542415,4.773966,4.978057,3.415241
2019-08-01,2.712846,3.107097,2.175330,1.698426,4.322241,4.595606,4.809778,3.328722
2019-09-01,2.771870,3.162367,2.234910,1.769723,4.406175,4.688305,4.911368,3.346175
2019-10-01,2.843177,3.231212,2.306976,1.855618,4.592440,4.898836,5.048129,3.470970
2019-11-01,2.923715,3.352685,2.341977,1.866072,4.586423,4.924846,5.213197,3.629449
2019-12-01,3.012424,3.450982,2.433691,1.905425,4.931615,5.278342,5.396043,3.760499
2020-01-01,2.994938,3.457737,2.372821,1.879522,4.701921,5.041532,5.247105,3.837741
2020-02-01,2.743077,3.175776,2.153109,1.707766,4.454242,4.897500,4.766065,3.595551
2020-03-01,2.381851,2.772974,1.844117,1.588567,3.769307,4.324791,3.778753,3.233964
2020-04-01,2.643361,3.137729,1.955941,1.674162,4.115209,4.721773,4.287839,3.735668
2020-05-01,2.772800,3.300945,2.046979,1.773320,4.147691,4.708544,4.592985,3.990423
2020-06-01,2.847320,3.376268,2.131169,1.773487,4.454729,5.099543,4.713202,4.232292
2020-07-01,2.984488,3.576690,2.213804,1.745328,4.856797,5.597241,4.898429,4.523953
2020-08-01,3.185078,3.845230,2.305279,1.878248,4.965356,5.778592,5.179462,4.960686
2020-09-01,3.076435,3.701778,2.228831,1.899091,4.886873,5.715096,5.069600,4.707868
2020-10-01,2.982853,3.605459,2.103481,1.868780,4.988309,5.903900,5.069552,4.603108
2020-11-01,3.365487,4.022597,2.461696,2.102332,5.449970,6.346098,5.851322,5.149156
2020-12-01,3.509361,4.188492,2.577901,2.189500,5.853197,6.796793,6.284745,5.443635
2021-01-01,3.475317,4.149639,2.540887,2.167603,6.034178,7.093452,6.415634,5.524295
2021-02-01,3.565543,4.258011,2.603426,2.200573,6.080662,7.159905,6.737401,5.579384
2021-03-01,3.686234,4.418198,2.686476,2.226795,5.990325,6.947733,6.883273,5.606148
2021-04-01,3.859468,4.658660,2.812144,2.192895,6.140280,7.115619,7.152409,5.912806
2021-05-01,3.917309,4.681057,2.933390,2.227320,6.284096,7.204907,7.216089,5.826136
2021-06-01,3.976981,4.811385,2.894387,2.221267,6.297049,7.213964,7.233511,6.150032
2021-07-01,4.049189,4.925156,2.948320,2.193173,5.876956,6.633233,7.185430,6.225663
2021-08-01,4.151227,5.070504,2.993095,2.260648,6.032636,6.810739,7.362251,6.478678
2021-09-01,3.980687,4.831096,2.852138,2.325661,5.795015,6.530659,7.136308,6.138796
2021-10-01,4.207234,5.168060,2.981694,2.247464,5.853023,6.613992,7.395147,6.588908
2021-11-01,4.116442,5.116023,2.828429,2.192173,5.614974,6.373971,7.038430,6.609993
2021-12-01,4.293614,5.318219,3.015339,2.234119,5.723055,6.470403,7.301713,6.660022
2022-01-01,4.067297,5.017106,2.877702,2.120806,5.615154,6.245076,6.750880,6.066302
2022-02-01,3.965746,4.870121,2.796744,2.097241,5.447991,6.099219,6.767077,5.862236
2022-03-01,4.077050,5.041345,2.797187,2.090118,5.326832,5.910882,6.834055,6.066116
2022-04-01,3.739990,4.584316,2.640004,1.906102,5.031326,5.610785,6.303169,5.265676
2022-05-01,3.745696,4.574276,2.665498,1.937525,5.054738,5.634282,6.294135,5.161061
2022-06-01,3.422579,4.195639,2.400898,1.785046,4.723012,5.366896,5.668756,4.714807
2022-07-01,3.695298,4.586978,2.520093,1.886804,4.715367,5.303683,6.186568,5.300175
2022-08-01,3.542253,4.407301,2.363338,1.838712,4.736821,5.324759,5.987158,5.057954
2022-09-01,3.214418,3.998553,2.158264,1.650851,4.183868,4.622730,5.375691,4.530281
2022-10-01,3.446128,4.315973,2.313240,1.699791,4.054517,4.352368,5.809103,4.710005
2022-11-01,3.687439,4.550791,2.576271,1.864395,4.656498,5.166938,6.169271,4.918819
2022-12-01,3.532241,4.283217,2.577348,1.869825,4.593568,5.127374,5.960278,4.492517
2023-01-01,3.783127,4.565034,2.801385,1.986046,4.956719,5.570186,6.513782,4.975409
2023-02-01,3.693652,4.456057,2.784376,1.909913,4.635685,5.188023,6.382999,4.923306
2023-03-01,3.810469,4.614329,2.854066,1.989139,4.778082,5.376568,6.223542,5.255943
2023-04-01,3.879212,4.672886,2.977099,1.996432,4.724842,5.250488,6.219820,5.261443
2023-05-01,3.843449,4.703283,2.808101,2.033716,4.646848,5.196229,6.051137,5.569915
2023-06-01,4.077353,5.016906,2.943469,2.117386,4.827696,5.342225,6.434117,5.940756
2023-07-01,4.215352,5.189602,3.034243,2.181337,5.131520,5.679733,6.751246,6.185169
2023-08-01,4.116396,5.102126,2.914265,2.128596,4.816898,5.330932,6.496312,6.055171
2023-09-01,3.940259,4.862890,2.798989,2.086693,4.692864,5.194765,6.158801,5.707293
2023-10-01,3.826864,4.750987,2.694898,1.992737,4.511041,4.989714,5.781934,5.552170
2023-11-01,4.187603,5.198968,2.961481,2.163350,4.872817,5.369211,6.322837,6.149895
2023-12-01,4.394648,5.443916,3.109783,2.258239,5.065101,5.546209,6.934112,6.493386
2024-01-01,4.448401,5.528716,3.106569,2.362548,4.830380,5.257095,6.743167,6.563735
2024-02-01,4.638731,5.825381,3.155409,2.433523,5.061023,5.565893,6.970469,6.969740
2024-03-01,4.790426,6.010671,3.277355,2.510323,5.188615,5.736338,7.246575,7.098909
2024-04-01,4.614645,5.762561,3.220564,2.388455,5.212942,5.790162,6.875155,6.790864
2024-05-01,4.823803,6.037808,3.382696,2.420785,5.243913,5.873546,7.192526,7.262561
2024-06-01,4.923552,6.253728,3.307457,2.403943,5.454079,6.169022,7.056131,7.700308
2024-07-01,5.011436,6.332224,3.379033,2.543351,5.474117,6.157132,7.540864,7.647582
2024-08-01,5.145607,6.484939,3.512672,2.556336,5.564331,6.259276,7.580567,7.702294
2024-09-01,5.241767,6.624461,3.526696,2.545176,5.938234,6.763144,7.726430,7.914191
2024-10-01,5.138958,6.575539,3.319616,2.446031,5.681505,6.464036,7.519779,7.878539
2024-11-01,5.376591,6.987095,3.264439,2.462205,5.477893,6.225003,8.008272,8.372729
2024-12-01,5.238175,6.809283,3.185360,2.454198,5.472870,6.242798,7.533826,8.418642
2025-01-01,5.424201,7.016588,3.405130,2.492616,5.571788,6.290070,7.796165,8.562279
2025-02-01,5.386739,6.906064,3.530761,2.458906,5.599807,6.333071,7.540016,8.227630
2025-03-01,5.149917,6.502012,3.524135,2.466554,5.637384,6.331842,7.261336,7.557332
2025-04-01,5.198088,6.468708,3.683967,2.595606,5.713165,6.381022,7.315028,7.626592
2025-05-01,5.509332,6.886235,3.859873,2.700874,5.959203,6.701788,7.744815,8.360567
2025-06-01,5.748916,7.240491,3.940101,2.747573,6.325018,7.131477,8.115213,8.915492
2025-07-01,5.824096,7.406175,3.870551,2.709114,6.452506,7.313179,8.214277,9.250866
2025-08-01,5.977723,7.551588,4.004237,2.897561,6.547135,7.383300,8.640642,9.402897
2025-09-01,6.172117,7.828733,4.084309,2.972263,7.017387,7.935599,8.816373,9.936997
2025-10-01,6.296957,8.014695,4.115349,3.073171,7.311311,8.327818,8.832985,10.410606
2025-11-01,6.316638,8.017076,4.176739,3.052048,7.137274,8.058962,8.986329,10.259871
2025-12-01,6.369589,8.017905,4.340160,3.069042,7.353121,8.299219,9.073572,10.212370
