start,end,cagr_leaps,cagr_bh,mdd_leaps,mdd_bh,vol_leaps,vol_bh,sharpe_leaps,sharpe_bh,sortino_leaps,sortino_bh,calmar_leaps,calmar_bh,window
1976-12-31,1986-12-18,0.1302699773391207,0.1385074061278453,-0.6424960987876143,-0.20336700840471855,0.35185973136875975,0.13433702277613258,0.22321873980736645,0.24715367033987265,0.363390909332914,0.3872907007773953,0.202756059663147,0.6810711688899074,10y
1977-03-31,1987-03-20,0.1922179929773835,0.1694197082608535,-0.6332668019985976,-0.2033670084047201,0.3416247310271539,0.135560768878869,0.3763173904026667,0.44414494829541706,0.5980945119618171,0.7004965571441616,0.30353398026035977,0.8330737103812424,10y
1977-06-30,1987-06-19,0.20038223704076707,0.17056218609980656,-0.6403731342416201,-0.20336700840471977,0.3538671906971127,0.13782707497025587,0.3939254906731588,0.4446592645043911,0.6271177425212141,0.6941890795555494,0.31291480907935865,0.8386915234568014,10y
1977-09-30,1987-09-18,0.2512081937368209,0.17812872456971163,-0.6380032176760189,-0.20336700840471944,0.35152745335393804,0.13880344282778667,0.5110064072509157,0.4864288380160404,0.8303297287679888,0.7625440916185839,0.39374126458463354,0.8758978458060352,10y
1977-12-30,1987-12-17,0.1990860244057533,0.148652086162397,-0.6424960987876143,-0.32950299561070895,0.4027799574241179,0.16557358710975498,0.3938492706320861,0.2789260444805014,0.5331952842538363,0.3379420411871076,0.3098633980524197,0.451140317819817,10y
1978-04-03,1988-03-18,0.23234784542531228,0.1680451601730224,-0.6332668019985979,-0.32950299561070906,0.3902013245082506,0.1688974259712146,0.46045943815008095,0.3752315891201821,0.6305984420335302,0.45120481313151545,0.36690356211950415,0.5099958495417115,10y
1978-06-30,1988-06-17,0.200925041079568,0.15939414657475703,-0.6403731342416201,-0.32950299561070884,0.3837645053532765,0.17028750878281362,0.3926292487240911,0.3291430771525682,0.5550282994828389,0.3952908759091006,0.31376244619868243,0.4837411152494443,10y
1978-09-29,1988-09-16,0.19565704949150087,0.15151560911275563,-0.6380032176760186,-0.32950299561070895,0.37458141656452904,0.17101748712851064,0.38000498572413255,0.2876757669450116,0.5526011250804083,0.3470609902476621,0.30667094470808226,0.4598307485245555,10y
1978-12-29,1988-12-15,0.2062776881075603,0.15920954490239203,-0.6424960987876139,-0.32950299561070884,0.39467996247810155,0.169981765431153,0.40805283410084936,0.32741443513975516,0.5415221148700187,0.3927086471019529,0.3210567169151766,0.4831808724752538,10y
1979-03-30,1989-03-17,0.1766354394259726,0.15952686928956084,-0.6332668019985981,-0.32950299561070917,0.3848846232194086,0.17025693536213068,0.34043679990984993,0.32867405983800163,0.4607330145312015,0.39395031785974066,0.278927363424877,0.484143911935883,10y
1979-06-29,1989-06-16,0.1995601076924216,0.16898423164617604,-0.6403731342416201,-0.3295029956107085,0.37651654854292144,0.17041723922955704,0.3895425097343384,0.37649913976590205,0.5446655994108971,0.45172870718525127,0.3116309804732147,0.5128458129279727,10y
1979-09-28,1989-09-15,0.21804760243803756,0.16860007689849432,-0.6380032176760186,-0.32950299561070884,0.36606883338945134,0.17080350623747995,0.43174346530973945,0.37552896969453775,0.6199631773443485,0.4517278830405932,0.3417656782865369,0.5116799517588811,10y
1979-12-28,1989-12-14,0.23421394003914275,0.17237877795260848,-0.642496098787614,-0.3295029956107086,0.3940204878432861,0.17145245542716545,0.4686779788628591,0.39725235879668935,0.6150207735741731,0.47400754078493607,0.3645375286808791,0.5231478324897095,10y
1980-03-28,1990-03-16,0.22608905371205612,0.17989736396410794,-0.6332668019985976,-0.3295029956107087,0.378419027578669,0.17092502504390542,0.4535476310915924,0.44069040543271115,0.6093358637627537,0.5260687577418312,0.3570202211745766,0.5459657919973743,10y
1980-06-27,1990-06-15,0.1939563646563658,0.16658222455678806,-0.6403731342416199,-0.3295029956107087,0.36956776816477127,0.16991079094994135,0.3835285109883656,0.37815896850426434,0.5290400357800136,0.44973395176120345,0.3028802338593797,0.5055560246062121,10y
1980-09-26,1990-09-14,0.13495928224225784,0.13872474359331588,-0.6380032176760189,-0.32950299561070906,0.3637185497249442,0.1711980877265229,0.2452521262334891,0.23867072760456934,0.34129627994570344,0.282329535549719,0.2115338582991141,0.42101208620637876,10y
1980-12-29,1990-12-13,0.13886605690280884,0.1361748847995139,-0.624422237546415,-0.32950299561070895,0.3974591882277197,0.17107022957079712,0.2729160545267805,0.2311526074528493,0.3564839984658939,0.2751106105271394,0.22239127396946132,0.4132735866243766,10y
1981-03-30,1991-03-15,0.17384098670456916,0.15188005045569875,-0.6092510750699381,-0.32950299561070895,0.39008565712624516,0.17148702548077854,0.3478634542346105,0.31828153340045007,0.47142184386343056,0.38012941450005083,0.2853355436174049,0.4609367819985992,10y
1981-06-29,1991-06-14,0.16744213063243074,0.1559055394763489,-0.5706955352191934,-0.3295029956107087,0.37878911923148156,0.1720798215666844,0.3348231751984443,0.34625996615872395,0.4651649053682523,0.414127438991108,0.2934001061846741,0.4731536330569312,10y
1981-09-28,1991-09-13,0.23204171939914509,0.17459078982252008,-0.4992494799844698,-0.32950299561070895,0.36326228713863645,0.17178663715766213,0.48561269004206137,0.44984796712770986,0.6847132772633058,0.5381205692945705,0.46478109382580274,0.5298610093025989,10y
1981-12-28,1991-12-12,0.22556262144667483,0.16362735365472858,-0.5991137502945653,-0.3295029956107087,0.39581335901977516,0.17138951212727138,0.4730892217611144,0.40552474601456995,0.6161484176998464,0.4823361133859318,0.3764938149654766,0.49658836439850185,10y
1982-03-29,1992-03-13,0.26787099329781405,0.18066961637411394,-0.5800699974296725,-0.32950299561070906,0.38617832735178764,0.17056329943985407,0.5641700471121597,0.5023299359946983,0.7616950694547667,0.5970410689658502,0.4617908088416358,0.5483094805837998,10y
1982-06-28,1992-06-12,0.25510721796481994,0.1839689292535207,-0.5393169945037599,-0.32950299561070895,0.3732723310222481,0.1703661791495122,0.5465376711297205,0.5286745990088246,0.7519523354504575,0.6257808201750683,0.47301906033862506,0.5583224787154004,10y
1982-09-27,1992-09-11,0.2392112098342143,0.17150603819750931,-0.49924947998446967,-0.32950299561070884,0.3573252348354651,0.1682060975596877,0.5229000434005133,0.4798554701605986,0.7206665519042499,0.5597602794640281,0.47914163043626107,0.5204991774949902,10y
1982-12-27,1992-12-10,0.222272024326019,0.1604696442343838,-0.5991137502945654,-0.3295029956107086,0.3807247493533476,0.1646248571039738,0.4855390928209206,0.4353422682192644,0.6121634887176386,0.5006668555168027,0.3710013736402058,0.48700511489118814,10y
1983-03-25,1993-03-12,0.212903125547395,0.15314079610789455,-0.5800699974296722,-0.32950299561070895,0.3749588546778338,0.1634000150524941,0.4657315320530614,0.40487135523933965,0.6104125493920597,0.46413566296887726,0.36703005928729726,0.46476298591477033,10y
1983-06-24,1993-06-11,0.16979867761376632,0.13988871559785387,-0.5393169945037601,-0.3295029956107087,0.3646754220600706,0.1630263968969247,0.3708830318423305,0.3414223536789054,0.49919095391053386,0.3911987710025512,0.31484021335170903,0.4245445943172103,10y
1983-09-23,1993-09-10,0.1852520410447276,0.14366627431670986,-0.49924947998446967,-0.32950299561070906,0.35020208080491033,0.16189897941121414,0.4124602037179519,0.37214517674083086,0.5613152687846835,0.42433246195713603,0.37106105959387337,0.4360090082047212,10y
1983-12-22,1993-12-09,0.20576388924400502,0.1481125610352405,-0.5991137502945654,-0.3295029956107086,0.37777890097944583,0.16149169692504514,0.46403077385778807,0.4062736091161811,0.5816625642183981,0.4614538678610065,0.34344711524787636,0.4495029271607234,10y
1984-03-23,1994-03-10,0.22308999015814512,0.15249295821212572,-0.5800699974296725,-0.32950299561070917,0.372477861285435,0.16080459876227438,0.5040160917588842,0.44037456796584634,0.6546881224468488,0.49720340717506484,0.3845914995546593,0.46279687967477023,10y
1984-06-22,1994-06-10,0.22687252760494903,0.15229265741001852,-0.5393169945037599,-0.3295029956107087,0.3601453882835146,0.16055269554212917,0.5202859788329831,0.4493712940944044,0.6886157603506883,0.5054742487774864,0.42066637973034865,0.46218899202344327,10y
1984-09-21,1994-09-09,0.20841047279251312,0.14489793847465982,-0.49924947998446956,-0.32950299561070917,0.3464702456806861,0.15960327844411806,0.4866791509692124,0.41965808505165186,0.6456886316941313,0.46859575626173233,0.4174475510700507,0.43974695345668197,10y
1984-12-20,1994-12-08,0.1870885510860496,0.1389598615948755,-0.5991137502945652,-0.3295029956107083,0.3766676504262039,0.15945640803270883,0.4376644377980744,0.39369123851760707,0.5366263096832234,0.4379458604692566,0.31227550860594355,0.42172563966322724,10y
1985-03-22,1995-03-10,0.20636480598282558,0.14127902554973204,-0.5800699974296725,-0.3295029956107087,0.3726955592598308,0.15883818295471874,0.4805044603841827,0.4136098257153258,0.6119627993856416,0.45639955168398655,0.3557584548369013,0.4287640095285996,10y
1985-06-21,1995-06-09,0.2179077196099699,0.1448501216763336,-0.5393169945037601,-0.3295029956107087,0.35991596130244863,0.15872962704272678,0.5125218217716123,0.4399622569437972,0.6665379066099133,0.48406093916330495,0.40404385886351046,0.4396018355094615,10y
1985-09-20,1995-09-08,0.24762172654949888,0.15580804161201978,-0.49924947998446967,-0.32950299561070884,0.3465603325969288,0.15853531292828274,0.5906266867057985,0.5067552229469761,0.7694134429467729,0.5549434957789945,0.49598795086817465,0.4728577393454083,10y
1985-12-20,1995-12-07,0.2158720751308143,0.1481374320416644,-0.5991137502945652,-0.3295029956107087,0.37375773531838025,0.15804760769311002,0.5129961079579651,0.4717419268959393,0.618000442927873,0.5155356672328839,0.3603190129164568,0.4495784075258647,10y
1986-03-24,1996-03-08,0.21009086754203388,0.13886526534597343,-0.5800699974296725,-0.32950299561070884,0.371582694740587,0.1580793391473507,0.49917671202884195,0.4249544595811396,0.6300839568107806,0.4640025950193591,0.3621819236867275,0.421438551988267,10y
1986-06-23,1996-06-07,0.22239160223489218,0.1387274003578518,-0.5393169945037601,-0.32950299561070884,0.3575630470437293,0.1572304192304897,0.5321204330993494,0.42726109946648955,0.6848114550673501,0.46518341095563065,0.4123578609636075,0.42102014915139413,10y
1986-09-22,1996-09-06,0.21733943765044939,0.14268162356555392,-0.49924947998446956,-0.3295029956107085,0.3467034830374583,0.15614166803382656,0.5255489742116186,0.4521977601675952,0.6877948035093013,0.49574066582204984,0.435332326549865,0.4330207174629914,10y
1986-12-19,1996-12-05,0.22821180206723124,0.14988047770245827,-0.5991137502945654,-0.32950299561070895,0.37152294784603845,0.1553230016195242,0.5445175308817412,0.49552946186190533,0.6597307022619108,0.5418508058897041,0.3809156474125768,0.4548683310895736,10y
1987-03-23,1997-03-07,0.20782752636842816,0.13689380803995244,-0.5800699974296724,-0.3295029956107086,0.36331211021804866,0.15523190144547327,0.49898340651437223,0.4236552565889758,0.6335391661561991,0.4630799011644439,0.3582800822130525,0.41545542791266654,10y
1987-06-22,1997-06-06,0.2244171027388202,0.14056934554868228,-0.5393169945037601,-0.32950299561070884,0.35112206272175117,0.154751436070591,0.5424425358245297,0.4477454963152126,0.7083287914578483,0.4909750046303835,0.4161135380970376,0.4266102203051224,10y
1987-09-21,1997-09-05,0.2348974759681497,0.14647115258239674,-0.474025203804217,-0.3138122934302765,0.3451704489978385,0.15539088857516092,0.5718230340174494,0.48372297216889587,0.7499549860518675,0.5301364924230729,0.49553794625900865,0.4667476566367851,10y
1987-12-18,1997-12-04,0.30142507254791084,0.18154138458808755,-0.48177428233401653,-0.19213911038452192,0.3287046421729555,0.13117513492925853,0.7442502041992747,0.7800376133286906,1.0390652533741715,1.043026279349021,0.6256562120493832,0.9448434742139408,10y
1988-03-21,1998-03-09,0.31107736925316365,0.1772963686712965,-0.45420628613650826,-0.19213911038452247,0.3263095956779988,0.12821300738794883,0.7719556879809353,0.7724335812395099,1.1081886640873402,1.0609914135647722,0.6848812505418996,0.9227500237535106,10y
1988-06-20,1998-06-08,0.33450468884667806,0.18380899855451016,-0.4454788631868152,-0.19213911038452203,0.3242355434085453,0.1262630118826634,0.8320576190517699,0.8324786836403135,1.1924893670072578,1.152136994631559,0.7508879017373284,0.9566454127254932,10y
1988-09-19,1998-09-04,0.277938658715005,0.1672526248905848,-0.4740252038042171,-0.1921391103845227,0.33356520647057675,0.13011942551894504,0.6913753923986459,0.710561401457492,0.9466249664067288,0.9420088379135269,0.5863373012330371,0.8704767319670978,10y
1988-12-16,1998-12-04,0.3492476446169208,0.18738358275058875,-0.48177428233401653,-0.1921391103845227,0.3486239249588536,0.1349509273882964,0.8348251954803239,0.8244409184813569,1.1592539736419452,1.1021531798555817,0.7249196510136373,0.975249559423811,10y
1989-03-20,1999-03-09,0.3731304260447392,0.189033346941903,-0.45420628613650793,-0.1921391103845228,0.3508409882677562,0.1372591558693186,0.8847044448409064,0.830851629518318,1.2628613517895055,1.1216876979804997,0.8214999163014621,0.9838358601931468,10y
1989-06-19,1999-06-08,0.35445339165712,0.18079439843020806,-0.4454788631868153,-0.19213911038452247,0.35403351625669344,0.13947795748167904,0.8436810303409606,0.7762516685178648,1.210111501286012,1.0508402335523,0.7956682593680702,0.9409557381024063,10y
1989-09-18,1999-09-07,0.32287875571883906,0.17479477561111834,-0.474025203804217,-0.1921391103845227,0.3542183956747159,0.14073502075407898,0.7785355068138803,0.7383164001698436,1.1037454660335841,1.0049545469424266,0.6811425914226181,0.9097303264353956,10y
1989-12-15,1999-12-06,0.33343689337972515,0.1784452032362529,-0.48177428233401665,-0.19213911038452258,0.36350408144261265,0.14122268837049895,0.7907153740248866,0.7615863420258067,1.1392276738279286,1.0588443821064073,0.6921018941989759,0.9287292049970229,10y
1990-03-19,2000-03-07,0.32848260711294675,0.17516102846226778,-0.45420628613650815,-0.19213911038452247,0.36523279548869386,0.14298519619578634,0.7797092783091069,0.7376649293539894,1.1280653054869398,1.012054240780361,0.7232013671739979,0.9116365122734411,10y
1990-06-18,2000-06-06,0.34278973251811307,0.1760796213565201,-0.44490419080583055,-0.19213911038452247,0.371348994822668,0.14843824337624414,0.8033394234142051,0.7253240842009402,1.1711511873692408,0.9989639327056139,0.7704798911811481,0.9164173863620844,10y
1990-09-17,2000-09-05,0.3934520263861718,0.19544707420610363,-0.4058328214441277,-0.1919096132868171,0.3622424543416451,0.14719661949166268,0.9187032946673966,0.8458378735562384,1.3386638145063952,1.174262819193907,0.9694928689752108,1.0184329531944794,10y
1990-12-14,2000-12-04,0.33600445714613447,0.17483141077236897,-0.4061085233211228,-0.19190961328681677,0.369232465777106,0.14780234139217427,0.7958935770079348,0.7299110193224443,1.154675672832233,1.012458659573014,0.8273760284524863,0.9110091348632768,10y
1991-03-18,2001-03-07,0.2758842991224473,0.15382616697669382,-0.4390708677843328,-0.1919096132868171,0.37267528706034503,0.14996745078773585,0.6700882734788378,0.6058880200317655,0.9792964245495042,0.836834387719617,0.6283366066043782,0.8015552964863415,10y
1991-06-17,2001-06-06,0.2709700840759133,0.15137593728606258,-0.5509423393607287,-0.26940145382116676,0.3737583705259729,0.154028449422343,0.6607680331881208,0.5848784502734937,0.9681420618468505,0.8044959195980254,0.4918302056624042,0.5618972545951756,10y
1991-09-16,2001-09-05,0.23629689691510136,0.13727327324438554,-0.5676383717147785,-0.2694014538211672,0.3724869334883631,0.15476301699083492,0.58948422119996,0.5078423114231811,0.8635022298263337,0.6995151135667039,0.41628069681278274,0.5095491182297391,10y
1991-12-13,2001-12-10,0.22802694704181126,0.13822087742229439,-0.6814224814134975,-0.3566315900237651,0.385717690224018,0.15792948326366363,0.5665966089915626,0.5104972554720763,0.8291255207752666,0.7026830801177549,0.3346337305584743,0.3875732865198051,10y
1992-03-16,2002-03-13,0.21309685223430908,0.13216948677404994,-0.6918028945327175,-0.3566315900237649,0.3891992956929473,0.15895660397489383,0.5349675476668805,0.478098188312975,0.7836803199437303,0.6570644189095955,0.3080311659844191,0.3706051019351442,10y
1992-06-15,2002-06-12,0.1719456104357815,0.11680259078669941,-0.7276241435467847,-0.35663159002376454,0.38534282190756997,0.16076798331421918,0.448134090733193,0.39289274631803434,0.6625626399902478,0.5425857007392365,0.23631102947963922,0.3275161092120755,10y
1992-09-14,2002-09-11,0.1452190203067132,0.10109002141326884,-0.821967894118482,-0.46217961541641694,0.40048010905331605,0.16913643227687444,0.3896891359830547,0.3011300839641912,0.5764864504547926,0.4160705815671956,0.17667237533949312,0.21872453488063992,10y
1992-12-11,2002-12-10,0.12605669541079956,0.09630451606521517,-0.8252975236663176,-0.4742670961186787,0.4096918406462304,0.17492737430693653,0.3503980651903868,0.27577913435552937,0.5245691964038042,0.386002370417276,0.15274091075761728,0.2030596616407821,10y
1993-03-15,2003-03-13,0.10346720373195573,0.0831911271017789,-0.8183980465682582,-0.47426709611867857,0.4107783424794107,0.17755292963073446,0.30267033852646674,0.20998538619145415,0.4587725398098794,0.29720563244222353,0.12642650378482553,0.17540986457336163,10y
1993-06-14,2003-06-12,0.1430836346063693,0.10350204155804232,-0.8406997604601701,-0.47426709611867834,0.4195531848234649,0.17956441465420872,0.3902217797171529,0.31631324390332494,0.5943088766094227,0.4493953406520661,0.17019587888076743,0.21823576293840646,10y
1993-09-13,2003-09-11,0.1424715914615058,0.10164977339248016,-0.8290783731236346,-0.47426709611867957,0.4197334043113676,0.18054033223136173,0.39008630645832115,0.30856536125832984,0.5932242479664243,0.4410010216057998,0.17184333360998189,0.21433022493941586,10y
1993-12-10,2003-12-10,0.13745883417326166,0.10530345412069164,-0.8293743008579149,-0.4742670961186791,0.41879511682324067,0.18127907802302753,0.38036249037092335,0.328038634391871,0.5806556134813817,0.4712819697611548,0.16573799553599933,0.22203407105927675,10y
1994-03-11,2004-03-12,0.16192551074463712,0.1113254827159269,-0.8183980465682581,-0.4742670961186787,0.41390339053592257,0.18159861752964707,0.4325044015635204,0.36023214909098733,0.6607418626314382,0.51914996481543,0.19785666818686842,0.23473161774661522,10y
1994-06-13,2004-06-14,0.15464003305938356,0.1127310420405152,-0.84069976046017,-0.47426709611867945,0.4214925953857024,0.1818597962031669,0.4185453765474021,0.37042659817334583,0.6446944042780878,0.5346497329941873,0.18394204486835936,0.23769526278142994,10y
1994-09-12,2004-09-13,0.15855237470165595,0.11020238333173693,-0.8290783731236349,-0.47426709611867834,0.4192935941980075,0.18209186290058355,0.42844602208739335,0.3615715268865232,0.655626335414645,0.522393800434518,0.19123930841941297,0.23236354415816443,10y
1994-12-09,2004-12-10,0.18414048495747504,0.1214446254428958,-0.8293743008579149,-0.4742670961186781,0.41760683235095375,0.18207288437649938,0.4831130476548468,0.4219453339613545,0.7404007560818102,0.6087564696427398,0.22202337927157603,0.25606799720406104,10y
1995-03-13,2005-03-14,0.16741598389586043,0.11234346567981834,-0.8183980465682581,-0.47426709611867857,0.41537660940532445,0.1823605443552927,0.4512407858758922,0.38146257341635126,0.6936118679623049,0.5532729752380243,0.2045654734855201,0.23687805162790798,10y
1995-06-12,2005-06-13,0.12551464795116973,0.10320438484630956,-0.84069976046017,-0.47426709611867846,0.42608884022690513,0.18287978258434825,0.3658299254788963,0.3392496639333523,0.5714444864525539,0.49560796097638077,0.14929782766021885,0.21760814884885912,10y
1995-09-11,2005-09-12,0.12739098217760425,0.09765140514237292,-0.829078373123635,-0.47426709611868023,0.42422697303563955,0.1829443974335714,0.3709036941500102,0.31453410116306796,0.5785581945470983,0.4608543142246337,0.15365372720753298,0.2058995994905299,10y
1995-12-08,2005-12-09,0.11070515236760547,0.09114411270909484,-0.8293743008579149,-0.4742670961186787,0.42696644072430795,0.18334468765574954,0.33729335918697473,0.2839218879513073,0.5329565581510187,0.41753104217943127,0.13348032637747603,0.1921788659913428,10y
1996-03-11,2006-03-14,0.1123219802340687,0.09124896283401962,-0.8183980465682581,-0.4742670961186797,0.4214387157909933,0.1827009973430826,0.3403658513824326,0.2865350750130145,0.5347655447080832,0.4210978760369758,0.13724614899199974,0.19239994421030984,10y
1996-06-10,2006-06-13,0.05889313338705593,0.07818783870237245,-0.84069976046017,-0.474267096118679,0.42980350688315444,0.18277704997449795,0.22806813445294286,0.2227403160349884,0.3613256006725435,0.3282694457355935,0.07005251595982359,0.1648603484033541,10y
1996-09-09,2006-09-12,0.1005052813173628,0.08860575097856827,-0.829078373123635,-0.47426709611867834,0.4273139602985413,0.1826565826744365,0.31825371988623025,0.27791430010689144,0.504574477623171,0.41042193738366195,0.12122530821627778,0.18682668838657107,10y
1996-12-06,2006-12-11,0.09009617954770177,0.08272408265591835,-0.8293743008579149,-0.47426709611867834,0.4254989702004012,0.18247252542287112,0.29660008501616353,0.25080327070253794,0.4742569895699021,0.3698849099152342,0.10863150625056164,0.17442509365064168,10y
1997-03-10,2007-03-15,0.06530558360949978,0.07265044697408629,-0.8183980465682581,-0.474267096118679,0.4225259466323118,0.18208448794009732,0.24243866274256567,0.20204476863906426,0.3801183781231866,0.29542971636737597,0.07979684688073484,0.1531846665489661,10y
1997-06-09,2007-06-14,0.05687938629481937,0.07539677209636131,-0.84069976046017,-0.4742670961186791,0.4255816731748413,0.1809360496101938,0.22596417231295005,0.21906650247322884,0.3545440134232095,0.3186909522711998,0.06765719341193288,0.15897533839769953,10y
1997-09-08,2007-09-13,0.05115281668556593,0.06414133426216084,-0.8290783731236349,-0.4742670961186788,0.42999877156428645,0.18145015061044997,0.2164396487792974,0.16298158823023423,0.3359735769366639,0.23612964138306078,0.061698409153820556,0.13524306195197308,10y
1997-12-05,2007-12-12,0.03186340186863279,0.059462267836460914,-0.8293743008579146,-0.4742670961186787,0.42948262892140393,0.18020772913877153,0.1739871803959829,0.14067124154905492,0.2724791617844579,0.2054793208125596,0.038418602837913964,0.12537717316484742,10y
1998-03-10,2008-03-14,-0.023031269051544956,0.03636794448188607,-0.8183980465682581,-0.47426709611867934,0.4308866127449346,0.18191973306156842,0.04910179172094743,0.022376047493406506,0.07588191797317671,0.03263012746832155,-0.028141891525915372,0.0766824111972243,10y
1998-06-09,2008-06-13,-0.03569677298567031,0.03609821684826886,-0.8406997604601699,-0.474267096118678,0.4408306889050531,0.18366357142394596,0.028831376684609743,0.024996123403296103,0.04528442704207432,0.03661007870171596,-0.04246078643596988,0.07611368602985656,10y
1998-09-08,2008-09-12,-0.018579114586966483,0.04180670610503001,-0.8290783731236351,-0.4742670961186789,0.4385142982527545,0.18244473673559647,0.06759038560666913,0.05600130907145528,0.10712270330217807,0.08323282701363197,-0.022409358619460577,0.08815012984701863,10y
1998-12-07,2008-12-11,-0.08081008369634557,-0.0134740311898508,-0.8293743008579146,-0.5072519211941169,0.4568440303690905,0.21190618208904827,-0.06019875722701148,-0.1803351366370408,-0.0948206547741257,-0.24288076825829139,-0.09743499842321453,-0.026562799719184328,10y
1999-03-10,2009-03-16,-0.13374181037359778,-0.03555305211244819,-0.8373367857409879,-0.5528038503191234,0.48258134262198604,0.21824313374831714,-0.15458608441891752,-0.27006452994758295,-0.23439503581945742,-0.3614820069264996,-0.1597228410970206,-0.06431404573597684,10y
1999-06-09,2009-06-15,-0.1199408053330755,-0.018158313523170322,-0.84069976046017,-0.552803850319123,0.4676547461059467,0.22200201096129402,-0.13946008824164893,-0.17875785704076314,-0.2178032782208125,-0.24114487455876124,-0.14266782384643958,-0.032847661087541044,10y
1999-09-08,2009-09-14,-0.0919847169926995,-0.0077049393417006895,-0.8380099651814154,-0.5528038503191246,0.48942394125823724,0.22240660091503264,-0.04747655497722303,-0.1277774434896794,-0.07291248553130894,-0.1714667140218136,-0.10976566009305906,-0.013937926331831363,10y
1999-12-07,2009-12-11,-0.08283734574676016,-0.007442055066905762,-0.8293743008579149,-0.5528038503191228,0.46032089310689805,0.22216300244144357,-0.05602316529231977,-0.12398428612897722,-0.08740766997563236,-0.16605529773453834,-0.099879325487988,-0.013462379219337219,10y
2000-03-08,2010-03-16,-0.07875346375532055,0.002287857971196239,-0.8373367857409878,-0.552803850319123,0.47553290143443777,0.22113588188470867,-0.02943038815611964,-0.07833766008925044,-0.044384697668080265,-0.10494950873148687,-0.09405231574249892,0.004138643335923768,10y
2000-06-07,2010-06-15,-0.12098517013209953,-0.008649178222760678,-0.8322074957949721,-0.5528038503191238,0.45412352313940374,0.21980573272376303,-0.15418803088998173,-0.12707846464137637,-0.23729991692981972,-0.16910794429120957,-0.1453786113961009,-0.015646016607459703,10y
2000-09-06,2010-09-14,-0.12143178922650577,-0.0111954332869445,-0.8256438893125286,-0.5528038503191234,0.4819742961623082,0.22082234529664302,-0.11833860113985889,-0.13362777660419478,-0.18028796509586684,-0.17796460090115637,-0.1470752594409871,-0.020252089923906254,10y
2000-12-05,2010-12-13,-0.05937022280690085,0.011991084140309916,-0.7691845183012765,-0.5528038503191235,0.45384842975204076,0.21915043939857415,-0.0012559884706396585,-0.027064562157442514,-0.0019326217956280106,-0.03572651092672313,-0.07718593054631209,0.02169139041522175,10y
2001-03-08,2011-03-15,-0.038813921783715455,0.020424268693592262,-0.7794228468364075,-0.5528038503191237,0.4706150194652639,0.21726460487028232,0.061209765140967834,0.010969183789045808,0.09028964086030972,0.01436100116740374,-0.049798285925613986,0.03694668313507893,10y
2001-06-07,2011-06-14,-0.05023662195089551,0.02037160714813613,-0.7210137614248472,-0.5528038503191234,0.446196012373741,0.2141452048711895,0.014188913405496042,0.009968796751243961,0.021364252516055997,0.0129729341643808,-0.06967498352821908,0.03685142051086652,10y
2001-09-06,2011-09-13,-0.04553142371195329,0.022763903731987334,-0.7734829087600809,-0.5528038503191237,0.4892924038146196,0.2186261281689819,0.06528978406284706,0.027852949123468473,0.09466501037454073,0.035790056614385966,-0.0588654554564647,0.041178989109511704,10y
2001-12-11,2011-12-12,-0.0068489882509185085,0.027610771660667943,-0.7401817947459978,-0.552803850319123,0.4698167582901483,0.21999072824065036,0.13507128286509007,0.053487918481052436,0.20001648731448846,0.06913067073018157,-0.009253116328359333,0.04994677885244246,10y
2002-03-14,2012-03-14,0.016189715726956377,0.038909751620498145,-0.7794228468364075,-0.552803850319123,0.4841204199626962,0.21928412983106216,0.1931243890305727,0.10634591502993095,0.2779686676212735,0.13680146386560582,0.020771415403934682,0.0703861805557908,10y
2002-06-13,2012-06-13,0.029920558097985994,0.04579681692628679,-0.7210137614248474,-0.5528038503191233,0.467109939075998,0.2185008825276466,0.21370552727754824,0.1399294830285614,0.313519554234131,0.1794011696478049,0.04149790156412246,0.0828446055501407,10y
2002-09-12,2012-09-12,0.06512860612093019,0.06738986751508103,-0.7734829087600805,-0.5528038503191237,0.4799967039423005,0.21259317008769515,0.2920551564434892,0.2373949688445766,0.41760832844277557,0.3015483692159493,0.08420173915068603,0.12190556827015236,10y
2002-12-11,2012-12-13,0.07901505548692689,0.06678493670662644,-0.7401817947459974,-0.5528038503191235,0.45215197957266196,0.20828818188809253,0.3123999315896155,0.23797164368263715,0.44964826883369413,0.2982156030676237,0.10675087667353651,0.12081127269296826,10y
2003-03-14,2013-03-18,0.10689230205180822,0.08546610675365729,-0.7794228468364075,-0.5528038503191236,0.47033476395601403,0.20625052936884544,0.3724496229530754,0.32493618464232227,0.5212487516832515,0.40250314514622265,0.1371428903908481,0.1546047602677139,10y
2003-06-13,2013-06-17,0.08642870728135388,0.07172520276405336,-0.721013761424847,-0.552803850319123,0.4411447038294104,0.2047453152289462,0.3262379738843947,0.2657641220724682,0.4642852490547892,0.32791678801036706,0.11987109248865918,0.1297480159059091,10y
2003-09-12,2013-09-16,0.08442832369944986,0.07368545480120403,-0.7734829087600809,-0.5528038503191233,0.4691314796757054,0.20438261544087474,0.33038080776243856,0.2765593051975474,0.46094965966041346,0.3397880860316433,0.10915344443071315,0.13329403324283434,10y
2003-12-11,2013-12-13,0.12503124966871337,0.07417544194680326,-0.7401817947459977,-0.5528038503191228,0.4490575595720844,0.20410242922634048,0.408380953855394,0.28082663768005345,0.5794045268997492,0.3445947600709251,0.1689196499511574,0.1341804003426952,10y
2004-03-15,2014-03-18,0.11192135354647603,0.0739193952190873,-0.7794228468364073,-0.5528038503191237,0.4733730962129834,0.20419614946552997,0.3859718692426779,0.28121020913974426,0.5389777146930439,0.34470087480161404,0.14359516660404895,0.13371722207870831,10y
2004-06-15,2014-06-17,0.12572362318906394,0.07748550830822931,-0.7210137614248475,-0.5528038503191225,0.4436114547950063,0.2038496474838615,0.41053642988059175,0.2998041144381186,0.5793352437155576,0.3661321979553834,0.17437062912726156,0.1401681776700696,10y
2004-09-14,2014-09-16,0.12388636643512685,0.08061434556827995,-0.7734829087600809,-0.5528038503191233,0.4703021799793795,0.20362242949477377,0.41031810800912155,0.31651210362492704,0.5687040434730395,0.3856122812614608,0.16016690870871453,0.14582811881961893,10y
2004-12-13,2014-12-15,0.13873223441819094,0.07438695824929042,-0.7401817947459975,-0.5528038503191232,0.451528099210105,0.20400708601245282,0.4393013724630647,0.29016935979430414,0.6174089539932165,0.35387339153101927,0.18742994680894387,0.13456302485293517,10y
2005-03-15,2015-03-18,0.1320135437828429,0.07855619146140436,-0.7794228468364074,-0.5528038503191233,0.4773501658836723,0.20476511757402993,0.4283366811638153,0.31149991838101054,0.5970999281717887,0.38140517619832265,0.16937345924445446,0.14210500056404338,10y
2005-06-14,2015-06-17,0.1402256482951254,0.07920268807988973,-0.7210137614248475,-0.5528038503191235,0.44969668397669943,0.2045116745095841,0.44399602423900125,0.3171941664515928,0.6283521731527372,0.38814980970501706,0.1944840109820031,0.14327448702495013,10y
2005-09-13,2015-09-16,0.09931972741870543,0.07027005378564377,-0.7734829087600811,-0.5528038503191239,0.4876133268078065,0.20654842163256054,0.3715357025556707,0.27814594421772615,0.5160505913303061,0.34136883341041524,0.12840584619758214,0.12711570974963018,10y
2005-12-12,2015-12-15,0.13924354441974995,0.07129526159615596,-0.7401817947459975,-0.5528038503191237,0.46854723301934864,0.2072140906985132,0.4455420749591078,0.285290469159673,0.6277885387869913,0.35121893007848265,0.1881207365651746,0.12897026957210678,10y
2006-03-15,2016-03-17,0.10040770316423542,0.06808186175580011,-0.7794228468364074,-0.5528038503191233,0.4989936737942381,0.20893511331836825,0.3785444213858952,0.2733029065400938,0.5309043269147484,0.3384564710255812,0.12882314596214284,0.12315735810540707,10y
2006-06-14,2016-06-16,0.13556378191956786,0.07639806962180051,-0.7210137614248472,-0.5528038503191235,0.4689775391528283,0.20879264690235114,0.44111127445165116,0.31434883061534463,0.6275512025181031,0.38873218207703225,0.18801830030493524,0.1382010446882693,10y
2006-09-13,2016-09-15,0.10178573278778713,0.07241120511493748,-0.773482908760081,-0.5528038503191224,0.4951991342772845,0.20899778943880443,0.38379574015188905,0.3005931930755831,0.5311800877191803,0.3698970704128711,0.13159402959653377,0.13098896665270326,10y
2006-12-12,2016-12-14,0.13475273800463694,0.06978828908897028,-0.7401817947459977,-0.5528038503191235,0.4749286834284349,0.20919039942943535,0.44387524652616606,0.2919825574711246,0.6250373969629779,0.3607399271204941,0.18205356975968176,0.12624421673018882,10y
2007-03-16,2017-03-17,0.13106833884965452,0.07723226891004153,-0.7794228468364071,-0.5528038503191228,0.4969105614085713,0.2086553636467614,0.43920515152285683,0.32809637382862106,0.6134120784869423,0.4048223906935348,0.1681607607239725,0.1397100777526366,10y
2007-06-15,2017-06-16,0.11970069464733313,0.07010636971768758,-0.7210137614248473,-0.5528038503191228,0.4687759454063763,0.20830779487167164,0.41683300419348857,0.2993757463079291,0.5917930127377365,0.3690349944186319,0.1660172122246099,0.1268196118337753,10y
2007-09-14,2017-09-15,0.11699658426486725,0.07585113200299132,-0.7734829087600806,-0.5528038503191235,0.48803225446462284,0.2065306244200347,0.415282527532282,0.32924300156332076,0.5760602738409848,0.4037431716928825,0.15125943047974616,0.13721165646585828,10y
2007-12-13,2017-12-14,0.17341105969937165,0.08203369459812282,-0.703008773093379,-0.5344798826883457,0.4559147895534326,0.2043367805138995,0.5214766970262498,0.3610794436792523,0.7285602911172206,0.43866335103150084,0.2466698373283855,0.15348322220381216,10y
2008-03-17,2018-03-19,0.21175650880465047,0.10008482453984957,-0.7002627097074179,-0.515218514630071,0.4796949115017151,0.20298075365599544,0.5856233518895541,0.4450553698397969,0.8015413900699558,0.5357081263926361,0.3023958092715319,0.1942570418140173,10y
2008-06-16,2018-06-18,0.2129658321957566,0.09649956385639258,-0.5803757000810251,-0.4922332969804726,0.45355886439890497,0.20212022051144163,0.5959149854121054,0.4310118790144551,0.8217486795479234,0.5168640958067107,0.3669447776087539,0.19604436442709974,10y
2008-09-15,2018-09-17,0.24804371257307145,0.11002253480337254,-0.5794538867481069,-0.4530981927490365,0.4717570566041085,0.19908128806892605,0.6514426621404245,0.4974315104205272,0.8794596839553763,0.5942975041354888,0.428064628171004,0.2428227182629973,10y
2008-12-12,2018-12-17,0.2536809753321905,0.1359331175514642,-0.4449573466059018,-0.27215661157474547,0.43496077075099754,0.16638237873735437,0.6805216109521821,0.6986961029934252,0.9144301898523732,0.8890392329687155,0.5701242540824377,0.499466526882928,10y
2009-03-17,2019-03-20,0.32369699385327255,0.16443572802425455,-0.49880776957419315,-0.19375633367344058,0.42938982504192086,0.15791216137696448,0.8098667174769909,0.8844368482704767,1.1041557719870863,1.1484999843314354,0.6489413629815675,0.8486727886862095,10y
2009-06-16,2019-06-19,0.30504963425255793,0.14476446509392726,-0.47852536701861836,-0.19375633367344014,0.42004176458287373,0.15044145688817548,0.7852649525797094,0.8087398295659336,1.0643851806017164,1.0272647308901994,0.6374785022435167,0.7471470085613587,10y
2009-09-15,2019-09-18,0.2745009373680878,0.13315065937554316,-0.45417567780420864,-0.19375633367344058,0.4258340731226569,0.14940701062808087,0.7261220980128562,0.7478657808540415,0.9663112562223007,0.9476011184607008,0.6043937418560376,0.6872067449415976,10y
2009-12-14,2019-12-17,0.2887633724410559,0.1338696353221902,-0.5022756125247904,-0.19375633367344036,0.42677320577552325,0.14772911602839614,0.7524496383187482,0.761737030581682,0.9954882500127716,0.9595789989349525,0.5749101991823337,0.6909174672339535,10y
2010-03-17,2020-03-19,0.20389633564246834,0.09723274792534387,-0.565577250480298,-0.29427065488362847,0.47216326006238335,0.16564323278232104,0.5804513567273563,0.5016790605939968,0.7429348013701895,0.5772971829675999,0.36051014334348847,0.33041944995771083,10y
2010-06-16,2020-06-18,0.32531621476639816,0.13022243272458134,-0.5929950986149812,-0.3379637630174499,0.48424351818342287,0.17373551219682223,0.7764098954999696,0.660805911997337,1.026460504028021,0.7773839147981643,0.5485984884634246,0.38531477919973817,10y
2010-09-15,2020-09-17,0.3478240788960485,0.13803501066140145,-0.5643759079795658,-0.3379637630174499,0.4786692265535944,0.17327265799737554,0.8165231374737293,0.705110933124159,1.0665696059166605,0.82455906062754,0.61629859456836,0.40843139343987706,10y
2010-12-14,2020-12-16,0.34497465824634177,0.13756247906464525,-0.5174785244925774,-0.3379637630174498,0.4721086818991108,0.1743608482519935,0.8175153427180547,0.7021273918537517,1.0759398328043115,0.8225636773742706,0.6666453619203091,0.4070332210661964,10y
2011-03-16,2021-03-19,0.31667888803618394,0.1400861767656678,-0.6156067323246552,-0.3379637630174501,0.4775987902277042,0.1748988599467678,0.7710165984146141,0.7163646050420058,0.9949856010785848,0.8417003841034995,0.5144175191852444,0.4145005828877421,10y
2011-06-15,2021-06-18,0.35522629395680405,0.1466088130013461,-0.5929950986149815,-0.3379637630174499,0.47976308661095307,0.17489689231023026,0.8299915223639789,0.7513891957630187,1.0906907164710158,0.8832494443877899,0.5990374874707769,0.43380039236270523,10y
2011-09-14,2021-09-17,0.3981058993373925,0.16439418252088633,-0.5643759079795656,-0.3379637630174499,0.4570478363436891,0.16845110470909377,0.9167551667135361,0.8668518420434992,1.21312831001724,1.0280823469065885,0.7053913778187122,0.48642547074609965,10y
2011-12-13,2021-12-16,0.39842876451131826,0.16404370486063957,-0.5174785244925774,-0.33796376301745,0.4411325602263325,0.16376726135972428,0.9343912644664828,0.8858531567132598,1.2359738758702061,1.0429704007626355,0.7699426075739173,0.4853884434118149,10y
2012-03-15,2022-03-18,0.3085486443003893,0.14478834322397738,-0.6156067323246552,-0.3379637630174501,0.4572800418507292,0.16600153963750905,0.7728184727271266,0.7758253591654309,1.0045589857443387,0.9223015493073761,0.5012106400059131,0.4284138096086399,10y
2012-06-14,2022-06-17,0.27518066466385216,0.12921241852887988,-0.5929950986149815,-0.3379637630174497,0.47927089066539585,0.1701828757118631,0.7041354919288505,0.6790384292588937,0.9145728302414261,0.7986135969297595,0.4640521739666534,0.3823262511200303,10y
2012-09-13,2022-09-19,0.28130521508169437,0.12580419561271827,-0.5643759079795656,-0.3379637630174499,0.4827714268018631,0.17220794247146606,0.7116553217147712,0.6534867907055844,0.9318290434986644,0.7709091105122138,0.4984359025684697,0.37224167020007615,10y
2012-12-14,2022-12-16,0.29480906282700925,0.12565812436640855,-0.5601207541711177,-0.3379637630174497,0.4875945421648693,0.17587021805183703,0.7290892454743959,0.6397030227850882,0.9829260141842402,0.7676692782767373,0.5263312609497498,0.3718094604122413,10y
2013-03-19,2023-03-21,0.2530511144546783,0.11981324985954567,-0.6156067323246552,-0.33796376301745,0.48798886107673173,0.17700549697320014,0.6617435611469433,0.604818655423957,0.8748435028720344,0.7310690757325908,0.41105969309189694,0.35451507815457534,10y
2013-06-18,2023-06-21,0.26605089046762265,0.12332223252933572,-0.5929950986149813,-0.3379637630174501,0.49186697084685327,0.1769294686514438,0.6801504906542839,0.6203675778907228,0.9039281145265063,0.750835158114311,0.44865613744366484,0.3648977968178447,10y
2013-09-17,2023-09-20,0.26324556581989267,0.11980388264134012,-0.5643759079795656,-0.33796376301745,0.48727100324205275,0.17694917417570197,0.6765877896354645,0.6006144239774082,0.9039190299031141,0.7300682563069019,0.4664365755127592,0.3544873615197447,10y
2013-12-16,2023-12-19,0.25834318454206584,0.12319371044763949,-0.560120754171118,-0.3379637630174501,0.486078308506877,0.17726054288756696,0.6675658531856271,0.6143671368729583,0.9042027570863103,0.745449693392275,0.4612276596041673,0.3645175132023803,10y
2014-03-19,2024-03-21,0.2536087051762064,0.12731482396180138,-0.615606732324655,-0.3379637630174499,0.48371326057660563,0.17714822675019962,0.660953207149454,0.6334775853341084,0.8726464219009502,0.7692464673057537,0.41196545109006333,0.3767114640489661,10y
2014-06-18,2024-06-21,0.26578054933970763,0.12734663167921845,-0.5929950986149812,-0.33796376301745,0.4891718461893455,0.17730440086586954,0.6774394376919219,0.6306903323091081,0.9024956290530938,0.7680055209072981,0.44820024644465595,0.3768055798119492,10y
2014-09-17,2024-09-20,0.26797276661300273,0.12835321912652464,-0.5643759079795656,-0.3379637630174498,0.4861252930534665,0.17858317830638243,0.6814100479949775,0.6303607357682123,0.9092881681463111,0.7694856736575457,0.4748125545832216,0.3797839684957511,10y
2014-12-16,2024-12-19,0.28043421028803284,0.13155135840039267,-0.560120754171118,-0.3379637630174499,0.4836320453611525,0.178219962748533,0.701145182000997,0.6445634910891329,0.9485913486512361,0.7840293415716408,0.5006674153737207,0.38924693353470663,10y
2015-03-19,2025-03-25,0.23482702477809503,0.12319694344942289,-0.6156067323246552,-0.33796376301745,0.48289998440907306,0.17856585586725787,0.6260715039677374,0.5986765917822914,0.8227963259296075,0.7271763655340164,0.3814562324413523,0.36452707932199785,10y
2015-06-18,2025-06-25,0.2649058158104787,0.1285854509255464,-0.5929950986149815,-0.3379637630174499,0.5050688419448518,0.1842191546696744,0.6651693594284865,0.6087450140696817,0.8843714900662191,0.7404564862427779,0.44672513555204973,0.3804711184935742,10y
2015-09-17,2025-09-24,0.31545018447266093,0.14358809803729633,-0.5643759079795656,-0.3379637630174501,0.48855947847317216,0.1819789420232532,0.7499233712553237,0.6838475808812841,0.9983740978284711,0.8293360017842789,0.5589363047086029,0.42486240760043387,10y
2015-12-16,2025-12-23,0.30392783093940445,0.14485706937099385,-0.560120754171118,-0.33796376301745024,0.4821390458875392,0.18135049592066096,0.7338776088864085,0.6890542604193745,0.987944251457584,0.8311126089447892,0.5426112649390491,0.4286171632060872,10y
1976-12-31,1996-12-05,0.17987661606645466,0.14417981105509514,-0.6424960987876143,-0.3295029956107093,0.3618174039443518,0.14519738310291053,0.39190140876456964,0.37919903554508105,0.5365547090895162,0.47241866819067146,0.2799653047012746,0.43756752738429155,20y
1977-03-31,1997-03-07,0.2013299886362343,0.15304207439349415,-0.6332668019985976,-0.32950299561070884,0.35259857359062174,0.1456958876140827,0.44242276573629064,0.4321380377955481,0.6175776482584115,0.5389244364642489,0.3179228533705453,0.4644633779727625,20y
1977-06-30,1997-06-06,0.21351847659649792,0.15546845327940084,-0.6403731342416201,-0.3295029956107083,0.35245244828511485,0.14651819944420774,0.4705855622883998,0.4454119687754715,0.6725806767343694,0.5566574193829519,0.3334282236080425,0.4718271316206158,20y
1977-09-30,1997-09-05,0.2411872951352132,0.16219215138799936,-0.6380032176760189,-0.3295029956107085,0.348360406911078,0.14743938402836515,0.5367681355442752,0.48379569050465815,0.7769676069244255,0.6059304716910989,0.37803460617919526,0.49223270667809454,20y
1977-12-30,1997-12-04,0.25282157284558693,0.16498067636090585,-0.6424960987876143,-0.32950299561070895,0.36777491955397046,0.1493253710610989,0.5561690877104261,0.49695518177625475,0.7590273367859645,0.6202599343759927,0.3934990007295912,0.5006955279879219,20y
1978-04-03,1998-03-09,0.2698037376966935,0.1726616415299782,-0.6332668019985979,-0.32950299561070906,0.3596395814958962,0.14991327435076815,0.5969984322685419,0.5414234635205343,0.8304292402233655,0.6762487521337754,0.4260506580246897,0.5240062877424311,20y
1978-06-30,1998-06-08,0.2650384425754999,0.17153797359992762,-0.6403731342416201,-0.32950299561070884,0.35520550916164323,0.14989291837559243,0.5896317184559877,0.5373247608882565,0.8349103930664722,0.6706247906387245,0.4138812645370876,0.5205960974102678,20y
1978-09-29,1998-09-04,0.2352214720972483,0.15935741570032902,-0.6380032176760186,-0.32950299561070895,0.35461690920900196,0.15192844692835705,0.523666218303219,0.4659357410527729,0.7397505846122437,0.5769404108205969,0.3686838335299666,0.48362964168192785,20y
1978-12-29,1998-12-04,0.27680696551353146,0.17321199388042485,-0.6424960987876139,-0.32950299561070884,0.3723178907577545,0.15341604155783317,0.6091467821894649,0.5436761433245082,0.8223733086352257,0.6744328216530387,0.430830577860106,0.5256765376575395,20y
1979-03-30,1999-03-09,0.26957166720271575,0.17418742722805258,-0.6332668019985981,-0.32950299561070917,0.3682521108864437,0.15462635021160184,0.5959186024766258,0.5494393596484547,0.8245418083968462,0.6847908663824814,0.42568419243191674,0.5286368547430327,20y
1979-06-29,1999-06-08,0.27488166436184014,0.17487447524450306,-0.6403731342416201,-0.3295029956107085,0.36539308647673535,0.15568823431693155,0.6097067218843983,0.5535146983354333,0.8618568994773589,0.69216813221733,0.4292523369010108,0.5307219587499854,20y
1979-09-28,1999-09-07,0.269994446518385,0.17169333236948248,-0.6380032176760186,-0.32950299561070884,0.3601342958666008,0.15646274753179962,0.6034550977834325,0.5367765163477216,0.8610608043210882,0.6742484196464076,0.42318665335554717,0.5210675916656293,20y
1979-12-28,1999-12-06,0.2825499297324956,0.17540807690530658,-0.642496098787614,-0.3295029956107086,0.37900204659960174,0.1570232943359509,0.6219774432743739,0.5590922194158842,0.8494540674534518,0.7039001701512564,0.4397690978445869,0.5323413724363905,20y
1980-03-28,2000-03-07,0.27695320650665733,0.17752681486069788,-0.6332668019985976,-0.3295029956107087,0.37182419830914804,0.15755322831927343,0.6150161045870395,0.5735380732637239,0.8547826825967394,0.7201665067601251,0.43734047897756473,0.5387714746922572,20y
1980-06-27,2000-06-06,0.26342998921488103,0.1713212970564455,-0.6403731342416199,-0.3295029956107087,0.3705344123107626,0.15952803809993493,0.5878586953458864,0.5386118875772893,0.8329566340294302,0.6779849512249922,0.4113695205637499,0.5199385114509035,20y
1980-09-26,2000-09-05,0.2580990751044221,0.16674125797227424,-0.6380032176760189,-0.32950299561070906,0.36296978739977853,0.15962086435612038,0.5822256089093616,0.5176927957944444,0.8284579286620826,0.6500655674170448,0.4045419646072789,0.5060386709481407,20y
1980-12-29,2000-12-04,0.23207172882037796,0.15534148319583285,-0.624422237546415,-0.32950299561070895,0.38359496641619906,0.15982584149815726,0.5212587242363452,0.46094340402651085,0.7124234934100148,0.5814393115345686,0.3716583344825663,0.47144179344384757,20y
1981-03-30,2001-03-07,0.22315534826111572,0.15285269806433632,-0.6092510750699381,-0.32950299561070895,0.38142029536910954,0.16103790329158157,0.5037048165587734,0.4513449900893611,0.7065617443434252,0.5707629582019427,0.36627813621091915,0.46388864471788904,20y
1981-06-29,2001-06-06,0.21716781107727545,0.15363851527622518,-0.5706955352191934,-0.3295029956107087,0.37623422404222023,0.1632649692041144,0.49455595081291115,0.45814928353573026,0.7049643205370651,0.5801809178107186,0.3805318206911596,0.46627350076580604,20y
1981-09-28,2001-09-05,0.23496081786090817,0.1557814292781161,-0.5676383717147788,-0.32950299561070895,0.3678400596663906,0.16346903649357097,0.5398550120906859,0.4765874513905858,0.7756883710099582,0.6043260134182488,0.4139269463956691,0.47277697427116555,20y
1981-12-28,2001-12-10,0.22792540537756611,0.1508540078869549,-0.6814224814134977,-0.35663159002376366,0.39074013906965305,0.16476591717872577,0.5215108212302992,0.45539343034014534,0.7161724328019733,0.5761215127680651,0.33448471630224574,0.42299676222429694,20y
1982-03-29,2002-03-13,0.24039015024986,0.1561652622441112,-0.6918028945327173,-0.3566315900237652,0.3876176102160725,0.1648317511466245,0.5499037393348347,0.4902518501452048,0.77179692367553,0.6201661464168857,0.3474835854976193,0.43788959422720986,20y
1982-06-28,2002-06-12,0.21301019501092444,0.14989545942284987,-0.7276241435467846,-0.35663159002376466,0.37928608899334343,0.16561670172443957,0.4968796248924751,0.46246272841926805,0.7081390251837422,0.5856460376220544,0.2927475632853686,0.4203089788340438,20y
1982-09-27,2002-09-11,0.19346714826161815,0.13575244163711542,-0.8219678941184817,-0.46217961541641595,0.3795329747139497,0.16870185482911867,0.4565390605690579,0.3901011809787249,0.6519899726850694,0.49231892502999536,0.23537068740270167,0.29372226101924637,20y
1982-12-27,2002-12-10,0.1728385850786145,0.1279308984732832,-0.8252975236663171,-0.47426709611867945,0.3954047175388221,0.1698284487267329,0.4144469782438792,0.35290376786001076,0.5677548405406527,0.4458714251594764,0.2094257890303525,0.26974441094532536,20y
1983-03-25,2003-03-13,0.15744079543174028,0.11761884318543636,-0.8183980465682581,-0.47426709611867823,0.3932117782104595,0.17060013969667734,0.3812690254375911,0.30305998453803956,0.5364434898137581,0.384416116865415,0.19237679768656316,0.2480012721692251,20y
1983-06-24,2003-06-12,0.15652002947274823,0.12154782546764653,-0.84069976046017,-0.474267096118679,0.3929953624786549,0.17146448118208918,0.3806124564801317,0.32781239438685084,0.5452127071785514,0.4165243219453831,0.18617827295094574,0.2562855961595759,20y
1983-09-23,2003-09-11,0.16377972366313487,0.12246144340802445,-0.8290783731236349,-0.47426709611867934,0.38645785573139585,0.17144374964383477,0.39886971834304025,0.33806497688757525,0.5737491720665271,0.4295648992045316,0.19754432026260502,0.25821197466623325,20y
1983-12-22,2003-12-10,0.17100943393600865,0.12650467350633066,-0.8293743008579147,-0.47426709611867957,0.3987384480382953,0.17164071782852125,0.41923670153518283,0.36422761062594544,0.5773845161352923,0.4630032470709482,0.20619090048861466,0.26673719206249635,20y
1984-03-23,2004-03-12,0.1931905749911067,0.131722047638817,-0.8183980465682582,-0.47426709611867945,0.393678083313953,0.1714826887989988,0.4679881279576467,0.3970699817659887,0.6574999869168733,0.5037948136826567,0.2360594282955607,0.2777381115342128,20y
1984-06-22,2004-06-14,0.19037726472796823,0.13233908764799063,-0.84069976046017,-0.47426709611867934,0.39194506957037045,0.1715040577146154,0.4643233399106478,0.40657784509334266,0.662730961112455,0.5151610823080268,0.22645095631258688,0.27903915057787276,20y
1984-09-21,2004-09-13,0.18230875044944517,0.12741670200780697,-0.829078373123635,-0.4742670961186788,0.3845504629280223,0.17118886985017912,0.4507072834880692,0.38777497701990055,0.6424938970698577,0.4898288674364589,0.21989326505114212,0.2686602192109965,20y
1984-12-20,2004-12-10,0.18633693096731818,0.1301683128546638,-0.8293743008579151,-0.4742670961186788,0.39759362684173555,0.17109922963412047,0.4624417253715598,0.4077770549408746,0.6301624298268957,0.5135981890973642,0.22467169621070843,0.27446203609725217,20y
1985-03-22,2005-03-14,0.18689267883532157,0.12671836169811068,-0.818398046568258,-0.47426709611867945,0.39453579517707615,0.17096991363039027,0.46471043095361364,0.39540948728678965,0.6482104001779437,0.49723738466954215,0.22836403339305122,0.26718775714181314,20y
1985-06-21,2005-06-13,0.17163789313412958,0.12383436245078472,-0.84069976046017,-0.4742670961186787,0.39432959941806667,0.17118373608800555,0.4332592431609294,0.3850364738588417,0.6173174347541376,0.4848314651997288,0.20416074942162576,0.26110679712808266,20y
1985-09-20,2005-09-12,0.1862742183581061,0.12635443842082328,-0.8290783731236346,-0.4742670961186788,0.3872760096516878,0.17114514722721408,0.4679286715943876,0.4026790333058043,0.6671636251887442,0.5065131741602926,0.22467624822524265,0.26642041890505685,20y
1985-12-20,2005-12-09,0.1623456613764369,0.11927807070146801,-0.8293743008579149,-0.47426709611867834,0.40117253950131637,0.1711343884258469,0.4188841389315584,0.36979820211206255,0.5735066112848565,0.4654023788156214,0.19574474541652012,0.25149978077252155,20y
1986-03-24,2006-03-14,0.1614725415053968,0.11480291514531138,-0.818398046568258,-0.4742670961186797,0.39724966840558534,0.17081856815717902,0.4167417434356249,0.349748896334269,0.5844172188237888,0.43997360469429264,0.19730318539064265,0.24206384141939993,20y
1986-06-23,2006-06-13,0.1374743636017952,0.10804423858571832,-0.8406997604601701,-0.4742670961186779,0.3952769004550564,0.17045579006578063,0.3640527558424988,0.31634885680876323,0.5193286237787648,0.3977714948994623,0.16352373352235341,0.22781306034075352,20y
1986-09-22,2006-09-12,0.15931920755917717,0.11531600318070812,-0.8290783731236349,-0.47426709611867923,0.389096546220884,0.16988857249558073,0.4130111169534215,0.3570692751351377,0.5950480287666736,0.4511742250355003,0.1921642304561947,0.24314569601061206,20y
1986-12-19,2006-12-11,0.15614845606806327,0.11579715243602529,-0.8293743008579151,-0.47426709611868,0.39937549731768507,0.1694440368791009,0.40913574679953774,0.36206276922481173,0.5643092465247735,0.45648920955511274,0.18827260008724814,0.24416020715687253,20y
1987-03-23,2007-03-15,0.13571753961077015,0.10430505357719277,-0.8183980465682581,-0.47426709611867945,0.3940046379447887,0.16917571047814117,0.36309519796374806,0.3029872359335861,0.510334837697675,0.3805748711581952,0.1658331666111213,0.21992892703459177,20y
1987-06-22,2007-06-14,0.13827504086314257,0.10750376638416559,-0.84069976046017,-0.4742670961186799,0.39008179477332633,0.16832421121839813,0.36890542448226626,0.3234343769293684,0.5272909794274708,0.40575757265984547,0.1644761273483123,0.22667346578322187,20y
1987-09-21,2007-09-13,0.13958376806061268,0.10453942528191762,-0.8290783731236349,-0.4742670961186797,0.3898431752391305,0.1689030057480922,0.3730021569173398,0.30994480680395553,0.5319125410709956,0.3881187321576567,0.16836016061390796,0.22042310364233633,20y
1987-12-18,2007-12-12,0.16017411484681876,0.11883801993779541,-0.8293743008579149,-0.47426709611867945,0.38243417581766026,0.15761595978813162,0.4205064001602457,0.40490051467371335,0.6188734556886941,0.5619566892145543,0.19312645048337368,0.2505719264742281,20y
1988-03-21,2008-03-14,0.1331163225138392,0.1045868990920813,-0.8183980465682582,-0.47426709611867934,0.3822364201315564,0.15737318692407223,0.3602743077139514,0.3274884101928142,0.531594971474922,0.45743944592029673,0.1626547412619425,0.22052320295462738,20y
1988-06-20,2008-06-13,0.13468688318509447,0.10749374377070975,-0.84069976046017,-0.47426709611867923,0.38697548138298793,0.1576204055933747,0.3655769378703976,0.3479166868945558,0.5435960436304876,0.4877698274025224,0.16020806656513323,0.22665233293732615,20y
1988-09-19,2008-09-12,0.12704476784590435,0.10274730211853633,-0.8290783731236349,-0.4742670961186797,0.3907395822924281,0.1587394102883078,0.35029388473873824,0.32358288126983165,0.5160039380403818,0.45215261927497824,0.15323613781800943,0.21664438237314496,20y
1988-12-16,2008-12-11,0.11481415202632395,0.082305289334895,-0.8293743008579147,-0.5072519211941163,0.40643972735960143,0.17770710766095538,0.3267421239070154,0.20549506128814202,0.4808525066873583,0.2694430694351324,0.13843466322450407,0.16225722544557544,20y
1989-03-20,2009-03-16,0.09129439309373089,0.07086861117255605,-0.8373367857409879,-0.5528038503191225,0.42200404197603947,0.18235926563384922,0.2807593568509479,0.15104554235423803,0.4085644377312596,0.19745025242238765,0.10902947851854061,0.1281984760627934,20y
1989-06-19,2009-06-15,0.09189471626022372,0.07673263326468827,-0.8406997604601696,-0.5528038503191224,0.41484904822236685,0.1854337620993093,0.2815759313585625,0.18489205983204682,0.4186234864566267,0.24356537870165737,0.10930741339800522,0.1388062569035872,20y
1989-09-18,2009-09-14,0.09540612731115394,0.07969581509149548,-0.8380099651814154,-0.5528038503191226,0.42724619540855524,0.18613590703533214,0.29423531040528866,0.20272804265755212,0.4311397975817516,0.26695653999732627,0.11384844008448049,0.14416653401652083,20y
1989-12-15,2009-12-11,0.10454171863663775,0.08151520985164051,-0.8293743008579151,-0.552803850319124,0.4148361723269294,0.1861645446294762,0.31239138460511323,0.2148157857268024,0.46553917083822666,0.2843653111294913,0.12604890039213718,0.14745774618715699,20y
1990-03-19,2010-03-16,0.10744638322993394,0.08528780974848993,-0.8373367857409875,-0.552803850319123,0.42404617210485096,0.18616722405089708,0.32171725043733207,0.23662867572337154,0.4717001754220006,0.3126556621076382,0.12831919612232373,0.15428222813436432,20y
1990-06-18,2010-06-15,0.0876061241874484,0.07977196625363936,-0.8406997604601699,-0.5528038503191224,0.41493329834289006,0.1875929578796971,0.27767651061820453,0.21246998407785206,0.4135505654819389,0.28090924580767773,0.1042061962043332,0.1443042884154816,20y
1990-09-17,2010-09-14,0.1051263850865145,0.08722744917462233,-0.8380099651814154,-0.5528038503191232,0.4264807713093663,0.18771875136846886,0.32043864266149347,0.25297170297765176,0.4726452386996754,0.33476207055757207,0.1254476551048607,0.15779095808444094,20y
1990-12-14,2010-12-13,0.12646333565122592,0.09037558348929475,-0.8293743008579146,-0.5528038503191235,0.41436298120357057,0.18711771210425168,0.36611330241697354,0.27253073207266093,0.5441128650946753,0.35978178702191044,0.15248041266821355,0.16348580683206637,20y
1991-03-18,2011-03-15,0.10770147170190913,0.0850770583865108,-0.8373367857409874,-0.5528038503191238,0.4244652604671058,0.186684138631104,0.3286359381520421,0.24967803507779368,0.47877102496541707,0.32819227524794264,0.12862383874201883,0.15390098737083205,20y
1991-06-17,2011-06-14,0.09924607026868393,0.08389635831119535,-0.84069976046017,-0.5528038503191234,0.41158071553520337,0.18653352015517283,0.3088721075793613,0.24712601265135928,0.45643518817459594,0.32443590223541896,0.1180517408668703,0.1517651482759455,20y
1991-09-16,2011-09-13,0.08445808309448366,0.07849990846243604,-0.8380099651814155,-0.5528038503191237,0.4348587621571176,0.18928621855530067,0.2853265556582853,0.22350063961627464,0.4112957800035299,0.2914081415839445,0.1007841035353319,0.14200318687563313,20y
1991-12-13,2011-12-12,0.10371985230291259,0.0815026741382594,-0.8293743008579149,-0.5528038503191233,0.4297885955049671,0.19147454136730754,0.3266444181679696,0.24116718019735772,0.477820188001163,0.31548149874928166,0.12505795295998864,0.14743506958428282,20y
1992-03-16,2012-03-14,0.10999709661919299,0.08453765277962355,-0.8373367857409877,-0.5528038503191228,0.43916748121079047,0.19148975703977342,0.3428137318133073,0.25922877081762097,0.49443904322683635,0.338579451841055,0.13136541770567603,0.1529252242559845,20y
1992-06-15,2012-06-13,0.09743150290128799,0.08071670412729381,-0.8406997604601699,-0.552803850319123,0.4281377443511884,0.1917826848118845,0.3156213010742458,0.24428814107710337,0.46257554912711213,0.31962914793604674,0.11589333967212904,0.14601328134870553,20y
1992-09-14,2012-09-12,0.10166382338901303,0.08410900378074815,-0.8380099651814156,-0.5528038503191242,0.4420854366157798,0.19208188209642857,0.32940469514881654,0.26387992920722564,0.4765892250820337,0.3455584950470555,0.12131576903981621,0.15214981540413197,20y
1992-12-11,2012-12-13,0.10239681479293883,0.0814440086207977,-0.8293743008579152,-0.5528038503191237,0.43135970002101987,0.1922960322013204,0.3302793329699655,0.25422544896085425,0.4835458058808623,0.33322843650862516,0.1234627292972766,0.14732894601544752,20y
1993-03-15,2013-03-18,0.10532371080620662,0.08432802029887343,-0.8373367857409875,-0.552803850319123,0.44147526161863965,0.19238291105410962,0.33942372656431297,0.270969087602155,0.4917143905232804,0.35514518880626966,0.12578416785189023,0.15254600750373298,20y
1993-06-14,2013-06-17,0.11311931344916593,0.08749756286593091,-0.8406997604601701,-0.5528038503191239,0.43043287809112696,0.19258836412319205,0.3546394262943984,0.28870035438698916,0.5213418323915193,0.378541780139734,0.13455375958148044,0.15827958292153738,20y
1993-09-13,2013-09-16,0.11333627101995214,0.08757773881987352,-0.838009965181415,-0.5528038503191222,0.44503179264332354,0.19279534701728393,0.3585371228249366,0.2909674526183062,0.5194478898843854,0.38145468317004505,0.13524453852457083,0.15842461800748442,20y
1993-12-10,2013-12-13,0.13281517097979645,0.08962829731767785,-0.8293743008579149,-0.5528038503191235,0.43414768678263965,0.19298308667544323,0.3978363205572758,0.3024645142119952,0.5839655234433527,0.39714866626159534,0.1601389997765916,0.16213399611080329,20y
1994-03-11,2014-03-18,0.13487069859375156,0.09246235188671315,-0.8373367857409875,-0.552803850319123,0.44460231156108093,0.1932128038389202,0.4032299968609801,0.31780805485097957,0.5850379647559971,0.41747366907114536,0.16107103006874343,0.1672606871919152,20y
1994-06-13,2014-06-17,0.14099874396003464,0.09496647092199573,-0.84069976046017,-0.5528038503191238,0.4326210838432251,0.1931293123144485,0.4161251267072402,0.332513827116523,0.6118981552680225,0.43619755010177197,0.16771593212166114,0.17179053812156567,20y
1994-09-12,2014-09-16,0.1414367109042114,0.0953084597100351,-0.8380099651814152,-0.5528038503191238,0.44544164288109905,0.19312452919428136,0.4188435650302053,0.3372121754286613,0.6058032338958286,0.4419367795795499,0.16877688426245946,0.17240918212674392,20y
1994-12-09,2014-12-15,0.16267607679162222,0.09766364610230571,-0.8293743008579149,-0.5528038503191229,0.4348472080242197,0.19330729020070977,0.4628757273990905,0.35170718585138855,0.6764656981624837,0.46061523369637586,0.19614313660713636,0.17666961987679064,20y
1995-03-13,2015-03-18,0.14824400720118058,0.09531955699722805,-0.8373367857409876,-0.552803850319123,0.447380806400698,0.19383487636097604,0.43532048682427515,0.34384438899692255,0.6322535636354859,0.4523944029558071,0.17704227226801514,0.1724292566743193,20y
1995-06-12,2015-06-17,0.133279610567536,0.09113754294665277,-0.84069976046017,-0.5528038503191232,0.43796812010225117,0.19395823156072317,0.4066731024085332,0.32705460623693444,0.6025604421096497,0.43140341700738544,0.15853413648480566,0.16486416093889505,20y
1995-09-11,2015-09-16,0.11198326508370515,0.08387426780951657,-0.8380099651814155,-0.5528038503191235,0.45696028481560286,0.19505997858145813,0.367808181119205,0.29465706551498516,0.5361164520760774,0.3894931954813444,0.13362999216776927,0.15172518744414948,20y
1995-12-08,2015-12-15,0.12502090834026025,0.08117413845494603,-0.8293743008579149,-0.5528038503191233,0.4481525514275475,0.19560408832521,0.3937551603343738,0.284071738170247,0.583421941473813,0.3765596826512965,0.15074123735319156,0.14684076170613813,20y
1996-03-11,2016-03-17,0.10705295210081411,0.07960327151358948,-0.8373367857409875,-0.5528038503191239,0.4617637202474529,0.19621657502652168,0.36114745980317065,0.2788033763478764,0.5296676228112559,0.3704801275846449,0.1278493360423421,0.14399912639471651,20y
1996-06-10,2016-06-16,0.09753820339026298,0.07729258248116344,-0.84069976046017,-0.5528038503191234,0.44975285799842346,0.19614823706101678,0.3408703808193759,0.27094922087242435,0.5087291299162524,0.3602113757862817,0.11602025833440696,0.1398191825844626,20y
1996-09-09,2016-09-15,0.10180005180106555,0.08047813735492948,-0.8380099651814155,-0.5528038503191235,0.46241975851334555,0.19623218156491393,0.35374866766059626,0.2893131166995414,0.5171290734815764,0.383658267392345,0.1214783308442251,0.14558172362307342,20y
1996-12-06,2016-12-14,0.11202216376717655,0.07623675087775172,-0.8293743008579149,-0.5528038503191235,0.45080738111210666,0.19624805995838618,0.37333585893694005,0.272118616396061,0.554659954550324,0.3612104676727981,0.13506828418881495,0.13790922554852258,20y
1997-03-10,2017-03-17,0.0970299149273317,0.07493891674888431,-0.8373367857409877,-0.5528038503191235,0.46114707327045,0.19579308880425275,0.3463026266213725,0.2686824618486807,0.5064589342613758,0.3554322237622319,0.11587919768921491,0.13556149564736833,20y
1997-06-09,2017-06-16,0.0886825286109616,0.07274830962074064,-0.84069976046017,-0.5528038503191233,0.44763018569073004,0.1950657594800315,0.32733897873953605,0.2613444984111562,0.4852006157092437,0.34447021672675093,0.1054865634342751,0.13159877518715618,20y
1997-09-08,2017-09-15,0.0835959363379426,0.06998021433908708,-0.8380099651814155,-0.5528038503191226,0.45984862105613017,0.19435770723009396,0.3215185936336606,0.25091156667889736,0.46742149914241193,0.3295583519346505,0.09975530102418943,0.12659140181221404,20y
1997-12-05,2017-12-14,0.10053271332744895,0.0706885036995546,-0.8293743008579146,-0.5528038503191234,0.44283038850055995,0.19261842205721472,0.3530666404497988,0.25723131876002303,0.5194965234742644,0.3372080079002999,0.12121512955423952,0.12787266886572413,20y
1998-03-10,2018-03-19,0.08667371322410444,0.06775121089328673,-0.8373367857409878,-0.5528038503191234,0.45595133099419743,0.19281145576093106,0.3284336799320024,0.2448233039923082,0.47391144698011667,0.31971720014675037,0.10351117340127834,0.12255922395289978,20y
1998-06-09,2018-06-18,0.08149178259251788,0.06587111926654265,-0.8406997604601699,-0.552803850319123,0.44721277864683967,0.1930838238036426,0.316263626617426,0.2373778593574652,0.46309104821752317,0.309836595045086,0.0969332768073017,0.11915821358428767,20y
1998-09-08,2018-09-17,0.10110092191065645,0.07537385159109067,-0.8380099651814155,-0.5528038503191232,0.4559447163904053,0.19112840163314102,0.3587829080902855,0.28590301233934073,0.5186351962324208,0.3738892869449641,0.12064405688632802,0.13634827533776905,20y
1998-12-07,2018-12-17,0.0739655990828818,0.05859695790985109,-0.8293743008579146,-0.5528038503191233,0.44605308628421436,0.1905403294501431,0.30189751936934395,0.2047131969474399,0.43790018394479197,0.26699448596389047,0.0891824101691732,0.10599954735486043,20y
1999-03-10,2019-03-20,0.07291597783995529,0.05973415718481556,-0.8373367857409879,-0.5528038503191234,0.45692825070990595,0.19033782759523926,0.3031693367476404,0.21177987855910121,0.4356624734637768,0.27560894399589014,0.08708082468325987,0.10805669524612056,20y
1999-06-09,2019-06-19,0.07075619038228842,0.06017803836269242,-0.84069976046017,-0.552803850319123,0.44457229223432665,0.1896376642161195,0.2955831263328232,0.21604899432074043,0.4297462725178953,0.28016883995291536,0.08416344777303009,0.10885965849903685,20y
1999-09-08,2019-09-18,0.07583477173715458,0.060386628678448684,-0.8380099651814154,-0.5528038503191246,0.4587461318455819,0.18944229152112302,0.31174638253336734,0.2197909530623236,0.4458524549163118,0.28382272888381743,0.09049387822105147,0.10923699001660078,20y
1999-12-07,2019-12-17,0.08798528124087213,0.06086347616337062,-0.8293743008579149,-0.5528038503191228,0.4439057253165337,0.188663808823332,0.3341988124356385,0.22513930784675895,0.4788307882705428,0.2896380529584214,0.10608633659116165,0.11009958799714462,20y
2000-03-08,2020-03-19,0.05370683713336488,0.048686349970258114,-0.8373367857409878,-0.552803850319123,0.4738376136525911,0.19534768836872496,0.2755124008840895,0.16826923679751332,0.3802934550503669,0.20976519356588788,0.06414006651557518,0.08807165496794644,20y
2000-06-07,2020-06-18,0.0792887905797941,0.05851166147217479,-0.8322074957949721,-0.5528038503191238,0.46952338999655563,0.1981125844828092,0.3256174709566633,0.21915560775454565,0.4601970803330634,0.2742061460169834,0.09527526606096347,0.10584524951915052,20y
2000-09-06,2020-09-17,0.08858744725821732,0.0607988572869671,-0.8256438893125286,-0.5528038503191234,0.4804202790253727,0.19848060601870945,0.3480830922807492,0.23335053426079663,0.4885723865806916,0.29139709987789836,0.10729498323057844,0.10998269504068948,20y
2000-12-05,2020-12-16,0.12483111751028164,0.07294132480111348,-0.7691845183012765,-0.5528038503191235,0.4631205296869209,0.19801738009551745,0.41606689773232947,0.2940378082617684,0.5876174843132201,0.3659062819982897,0.1622902106583838,0.1319479319093125,20y
2001-03-08,2021-03-19,0.12199765369953153,0.07859705320095345,-0.7794228468364075,-0.5528038503191237,0.47427800860218833,0.197275947982829,0.41301959183809184,0.3235470556142836,0.5667521699520779,0.4014634694628666,0.156523066002885,0.14217891781249495,20y
2001-06-07,2021-06-18,0.13179241112743356,0.081650164005165,-0.7210137614248472,-0.5528038503191234,0.46346394251176826,0.19550786892669367,0.4312261751920867,0.34143812355279696,0.6015111761790964,0.4223561545153533,0.18278765008172534,0.14770187283976022,20y
2001-09-06,2021-09-17,0.1573776360045842,0.09128380341590203,-0.7734829087600809,-0.5528038503191237,0.47356697570646533,0.19509390897568374,0.4800858479880813,0.3896652693716703,0.6638612851848198,0.47966039029167884,0.20346621007678872,0.16512874026330593,20y
2001-12-11,2021-12-16,0.1771832667540718,0.09370190170749226,-0.7401817947459978,-0.552803850319123,0.45575735907989845,0.19389764954042404,0.5192792263154058,0.40430001002061944,0.7246680111703194,0.497704285548373,0.23937803930299903,0.16950298311670578,20y
2002-03-14,2022-03-18,0.15397276419669237,0.090564887256537,-0.7794228468364075,-0.552803850319123,0.4708691046032668,0.19445508575533843,0.475965532986558,0.3909954804582843,0.6496838133609131,0.4824569122947323,0.19754715277034932,0.16382824975668245,20y
2002-06-13,2022-06-17,0.14760869152215572,0.08670453800981948,-0.7210137614248474,-0.5528038503191233,0.4732257836777133,0.19578080008718007,0.4649238146764094,0.37309084023294853,0.6381320738054881,0.4580154228467487,0.20472382001482956,0.1568450327539625,20y
2002-09-12,2022-09-19,0.1706422372454972,0.09620800544558228,-0.7734829087600805,-0.5528038503191237,0.48141422534946854,0.19340676310473506,0.5066966586102885,0.4212818988155339,0.6918584005101663,0.515836046366007,0.22061539474613928,0.17403642429415628,20y
2002-12-11,2022-12-16,0.1813088268977776,0.0958262320986476,-0.7401817947459974,-0.5528038503191235,0.47016428466024857,0.19274214512580526,0.5269249349313734,0.4203459220461539,0.7316568154776673,0.5152929476273429,0.2449517512923916,0.1733458116171385,20y
2003-03-14,2023-03-21,0.17728467042716045,0.10250593132926089,-0.7794228468364075,-0.5528038503191236,0.4791699242088896,0.19215282091624417,0.5188927800411872,0.45285215592988265,0.7044226222113065,0.5538767760019502,0.22745634304503598,0.18542911969604786,20y
2003-06-13,2023-06-21,0.1739805600349369,0.09722046436751763,-0.721013761424847,-0.552803850319123,0.4671548886852011,0.1913382442548221,0.514150155072799,0.42893486854700763,0.703261270452385,0.5236747938502286,0.24129991595600261,0.1758679218883771,20y
2003-09-12,2023-09-20,0.17112531789695296,0.09650223028588578,-0.7734829087600809,-0.5528038503191233,0.47822570608240234,0.19111025774525886,0.5078804581397393,0.425807553108774,0.6922573945657167,0.5196900950885032,0.22123994720358153,0.17456866523302408,20y
2003-12-11,2023-12-19,0.19079735442232337,0.09841117087908557,-0.7401817947459977,-0.5528038503191228,0.46787165787422774,0.19112443780063193,0.5443944959876468,0.43473416450955343,0.7525566033928703,0.5299930077359034,0.25777093651404626,0.17802186222522642,20y
2004-03-15,2024-03-21,0.1796702532565999,0.1002932581682805,-0.7794228468364073,-0.5528038503191237,0.47850835992793866,0.1911278691203834,0.5231610316124304,0.4436779791223058,0.7092510222554036,0.5407395934728102,0.23051704730732742,0.1814264826671938,20y
2004-06-15,2024-06-21,0.19499657093999678,0.10213413814945982,-0.7210137614248475,-0.5528038503191225,0.4668986429191228,0.19100217408596237,0.5521358737565248,0.4525908803009841,0.7537339155892628,0.5511521016315412,0.2704477797409164,0.1847565607412102,20y
2004-09-14,2024-09-20,0.1939824372098813,0.10422582629472643,-0.7734829087600809,-0.5528038503191233,0.4782017662440067,0.1914765259692523,0.5483925983577077,0.4621272192564072,0.7448564416555319,0.5628527985638867,0.2507908513723227,0.1885403407276538,20y
2004-12-13,2024-12-19,0.2058975552685427,0.10259875841334498,-0.7401817947459975,-0.5528038503191232,0.4678215475965122,0.19156108761868043,0.5714828237512205,0.45427712452774444,0.7865800726618657,0.5528264056495751,0.2781716015309441,0.18559704016916068,20y
2005-03-15,2025-03-25,0.18143681838336434,0.10065027033472362,-0.7794228468364074,-0.5528038503191233,0.48005901733034173,0.19208918062424976,0.526217592585234,0.44419332894284863,0.7113020350361571,0.5413255717832671,0.2327835514699071,0.18207230336152708,20y
2005-06-14,2025-06-25,0.20290076377151767,0.10361789237339947,-0.7210137614248475,-0.5528038503191235,0.4781605033566392,0.19460917253124804,0.563413485958915,0.4546865304315795,0.7691686736817293,0.5544613808854566,0.2814103899633632,0.18744061263969627,20y
2005-09-13,2025-09-24,0.20199409808045243,0.10632187684913808,-0.7734829087600811,-0.5528038503191239,0.48802795679290273,0.19461273752943234,0.5599336025560612,0.46720187021002857,0.7609079985762985,0.5693874352047594,0.2611487542811459,0.19233201213732562,20y
2005-12-12,2025-12-23,0.22172726362354478,0.1074655541469478,-0.7401817947459975,-0.5528038503191237,0.475438132180524,0.19473924326043243,0.5966805509485501,0.47256057513239497,0.8209996230823113,0.575431102664023,0.2995578453799086,0.19440087851217006,20y
1976-12-31,2006-12-11,0.14853008633963083,0.12331645101493205,-0.829374300857915,-0.4742670961186789,0.38417875422634684,0.15859979954318495,0.3540914562122518,0.32757006694809465,0.5096706975983223,0.4321336191090658,0.17908691671057264,0.2600147723173985,30y
1977-03-31,2007-03-15,0.15510144353488786,0.1255967815909309,-0.8183980465682581,-0.4742670961186797,0.377329526212132,0.15874923674526667,0.3682442006692939,0.34160258363643864,0.5335732835945902,0.449586810324628,0.1895183452419833,0.2648228869740139,30y
1977-06-30,2007-06-14,0.15936257004070487,0.12813646714362048,-0.8406997604601701,-0.4742670961186788,0.3783659168431242,0.15880641557993033,0.37801266885582446,0.35710334686584866,0.5564084307074618,0.46968927268211336,0.1895594331482565,0.2701778558796668,30y
1977-09-30,2007-09-13,0.17447943413606226,0.12854374076397046,-0.8290783731236347,-0.4742670961186791,0.3775042505741524,0.1595771485836225,0.41275572130503224,0.35973585724679474,0.6093098714954486,0.4730849925149131,0.21044986794034168,0.27103659903027316,30y
1977-12-30,2007-12-12,0.17526338650861528,0.12868905207891257,-0.8293743008579149,-0.4742670961186791,0.389429747636951,0.16028354549014096,0.4160925722428073,0.3613511762333701,0.5933126317903585,0.475288194765121,0.21132001115457846,0.27134299033620884,30y
1978-04-03,2008-03-14,0.16447800746717522,0.12534703254408486,-0.8183980465682582,-0.47426709611867957,0.3848863686736684,0.16129389401183972,0.3923068932095831,0.3438964670300964,0.5634695734959267,0.4519993563336549,0.2009755621446941,0.26429628698660196,30y
1978-06-30,2008-06-13,0.15579231863432708,0.12453045633401327,-0.8406997604601701,-0.4742670961186788,0.38587099804007424,0.16195007882182336,0.37325960583133316,0.3410108098459722,0.5454061861887441,0.4487768409807977,0.18531267161186263,0.2625745225699808,30y
1978-09-29,2008-09-12,0.14891349440516688,0.11876948537122511,-0.8290783731236349,-0.4742670961186789,0.3853924374409963,0.1629227135514608,0.3585703289257584,0.31073643429186015,0.5257217214886462,0.4089645127226351,0.17961329016956568,0.25042742020944386,30y
1978-12-29,2008-12-11,0.14512946136122107,0.10735576271799019,-0.8293743008579146,-0.5072519211941167,0.4025223604885195,0.17514500729886773,0.3546126004986743,0.24482869487798814,0.5028738802947621,0.3114282415447217,0.1749866872063644,0.21164190460878898,30y
1979-03-30,2009-03-16,0.11813823954797287,0.09964135646966676,-0.8373367857409878,-0.5528038503191235,0.40998182720694726,0.1784174900828273,0.2972065966224711,0.20740635938496618,0.42226065937490503,0.2634783125926538,0.1410880801605155,0.18024721863305698,30y
1979-06-29,2009-06-15,0.12679714508676065,0.10664451246020201,-0.84069976046017,-0.5528038503191236,0.4024347835095546,0.18056072507381335,0.3152252628607791,0.2449737628642149,0.4590983872742113,0.31300706681411883,0.15082333913995202,0.19291564702134054,30y
1979-09-28,2009-09-14,0.1352146257300979,0.10855245703613914,-0.8380099651814155,-0.552803850319123,0.4078364734124011,0.18116144087276054,0.33540011119005436,0.25681632347799765,0.4873003289112563,0.32837830421825626,0.161352049913662,0.19636704225825108,30y
1979-12-28,2009-12-11,0.14598811709167392,0.11099235497519144,-0.829374300857915,-0.5528038503191235,0.4079768401230918,0.18137840373175454,0.36217705449710375,0.2720890515474542,0.5157949683790362,0.34808682459731594,0.17602199265236698,0.20078071979983061,30y
1980-03-28,2010-03-16,0.14607534660487453,0.11594988961549424,-0.8373367857409877,-0.5528038503191226,0.4093642350288587,0.18122741460705308,0.3627473752469604,0.3005311747840593,0.5165732435765656,0.3840473574617084,0.17445232204340277,0.2097487011867929,30y
1980-06-27,2010-06-15,0.12032977874085082,0.10796612757297686,-0.8406997604601699,-0.5528038503191232,0.4004190177053028,0.1818946441327091,0.30620582126332097,0.26377447062563264,0.44457984335902095,0.33685160535337166,0.1431305019939419,0.195306395768861,30y
1980-09-26,2010-09-14,0.11528840424656517,0.10412910524643726,-0.8380099651814156,-0.5528038503191233,0.40659168227652526,0.18235858052388726,0.29781764750320616,0.2482023168871173,0.43101633555440805,0.31661793890600415,0.13757402541341748,0.18836537622942656,30y
1980-12-29,2010-12-13,0.12970764155154013,0.10543312302705132,-0.829374300857915,-0.5528038503191228,0.40877654657759077,0.18190372459176213,0.33392199076103246,0.2592668749783008,0.47403901406777055,0.33091877043475654,0.15639216384854093,0.1907242921086509,30y
1981-03-30,2011-03-15,0.12892685239487922,0.10690276718176683,-0.8373367857409876,-0.5528038503191234,0.41327892293023477,0.18173481152202128,0.33355671044665214,0.27100751978314186,0.4744022805876991,0.3452710879442703,0.15397251690165206,0.19338281945766814,30y
1981-06-29,2011-06-14,0.12094716802363092,0.10738665720251728,-0.8406997604601699,-0.5528038503191234,0.4009113966502065,0.18182595375516075,0.3155061890608703,0.27816684394530355,0.4568691347204736,0.3542376170674378,0.14386487746520665,0.1942581571031478,30y
1981-09-28,2011-09-13,0.13206067990932313,0.10962339684552291,-0.8380099651814154,-0.5528038503191234,0.41234491689367747,0.18363266998227015,0.3441891307965597,0.2937937099156361,0.4913693351167337,0.3724688691810339,0.15758843617179918,0.19830432943301565,30y
1981-12-28,2011-12-12,0.14362750992685336,0.10821248610294787,-0.829374300857915,-0.5528038503191232,0.4187391527048949,0.18501074967451786,0.37398616877654944,0.2915481566137547,0.5252796850454396,0.36978306271840855,0.17317574197594898,0.1957520484715851,30y
1982-03-29,2012-03-14,0.16043711111533354,0.11567889732453596,-0.8373367857409876,-0.5528038503191233,0.42220617366518104,0.18476890474078397,0.4099262986268049,0.33359655016867046,0.5780222915290354,0.4224963053694677,0.19160404015136792,0.20925848699815802,30y
1982-06-28,2012-06-13,0.1477802927977807,0.11409274115379242,-0.8406997604601699,-0.5528038503191239,0.4106289704969904,0.1849166194570345,0.38518538142743003,0.33119041402652555,0.5524238817998012,0.4194223001434125,0.17578248472069374,0.20638919408381234,30y
1982-09-27,2012-09-12,0.14712352783392846,0.1124917815970734,-0.838009965181415,-0.5528038503191227,0.41576924315093217,0.18448929852599597,0.38621985386755,0.3289547990494456,0.5489783522872198,0.4150920458581296,0.17556298128516729,0.20349312243779438,30y
1982-12-27,2012-12-13,0.140768124732096,0.10716909385533535,-0.8293743008579147,-0.552803850319123,0.4151271168614677,0.18352431490362783,0.3766983869657109,0.30768094845047,0.5241494627695036,0.3868440218393544,0.16972810055301177,0.1938645937315174,30y
1983-03-25,2013-03-18,0.14043981580728104,0.10679681163542654,-0.8373367857409878,-0.5528038503191234,0.42043173872015843,0.18321806401363824,0.37675294924341973,0.3099719988713347,0.5280393406877039,0.3892629933217149,0.16772201842655352,0.1931911501227329,30y
1983-06-24,2013-06-17,0.13180232605507025,0.10468811015111767,-0.84069976046017,-0.5528038503191237,0.4096403502790935,0.18324819423932917,0.35864106971477877,0.3034532443532467,0.5120116642767572,0.3810585715521724,0.1567769282852254,0.18937659368812845,30y
1983-09-23,2013-09-16,0.13688436255757308,0.10596142104843298,-0.8380099651814154,-0.5528038503191233,0.4157854730690473,0.183060879538706,0.3717342276621504,0.3139334666666255,0.5266629507045465,0.3934785627133315,0.16334455226667843,0.1916799620466888,30y
1983-12-22,2013-12-13,0.15655885382412738,0.10878430959641894,-0.8293743008579147,-0.5528038503191232,0.4161591889652012,0.18307292300482383,0.4168874805721228,0.33194448801810267,0.5794570810453783,0.4159450925318037,0.18876742824341317,0.19678645424343522,30y
1984-03-23,2014-03-18,0.1642458606016881,0.11211682993971794,-0.8373367857409877,-0.5528038503191232,0.42189732532754715,0.18303066860724748,0.4329753084582248,0.3525392658657432,0.6054631766517907,0.44098756941735817,0.1961526871846928,0.20281484992370263,30y
1984-06-22,2014-06-17,0.1690443562315913,0.11375109844258846,-0.84069976046017,-0.5528038503191233,0.40984316854699654,0.18289845198097618,0.445384393877436,0.3654725380638644,0.6322005900784103,0.4561719071101182,0.20107577542196783,0.20577117611775333,30y
1984-09-21,2014-09-16,0.16274175734963037,0.11159491762813833,-0.8380099651814155,-0.5528038503191233,0.4150459219798049,0.182620182124923,0.43379537290600567,0.35990261600735013,0.6096030482233501,0.44802572650106337,0.1942002650462509,0.20187073147865503,30y
1984-12-20,2014-12-15,0.17123339831473805,0.11125994428799424,-0.8293743008579151,-0.5528038503191237,0.41631332420151324,0.18269919861450534,0.4552172090728635,0.3625193372507757,0.6263748451043186,0.45052129051682255,0.20646094066046186,0.2012647781374277,30y
1985-03-22,2015-03-18,0.16740589104671333,0.11042996660228965,-0.8373367857409875,-0.5528038503191236,0.4239009749301983,0.18289544143033498,0.4472448086265508,0.36258155891027327,0.622343142074112,0.45091220710388885,0.1999265933343299,0.19976338178277964,30y
1985-06-21,2015-06-17,0.1613682237724685,0.10875573050809861,-0.84069976046017,-0.5528038503191237,0.4135517724864027,0.18294336320799082,0.43689178340839874,0.3583138344390477,0.6202207209324937,0.4458280957661612,0.19194512876290237,0.1967347558185709,30y
1985-09-20,2015-09-16,0.1556616718715116,0.10734047539542213,-0.8380099651814151,-0.5528038503191235,0.42333041923926423,0.18367885691419833,0.42616983711031503,0.3543218347525644,0.598560986838397,0.4408647083748518,0.18575157616152385,0.19417461606581873,30y
1985-12-20,2015-12-15,0.15468715053590798,0.1030496419674396,-0.8293743008579149,-0.5528038503191235,0.4247575513600479,0.18392372023217332,0.42768971183150933,0.3364562226800881,0.5908862562734648,0.4192033996542905,0.18651066276818284,0.18641267043988738,30y
1986-03-24,2016-03-17,0.14123405093504027,0.09900645630070093,-0.8373367857409877,-0.5528038503191232,0.433762678910071,0.18437535417380616,0.4005122152926265,0.31918565268040555,0.5594784073060587,0.39835796024268433,0.1686705437287787,0.1790987096843598,30y
1986-06-23,2016-06-16,0.13751412539330032,0.09739346598082022,-0.8406997604601701,-0.5528038503191236,0.4212289848003749,0.18407627286688685,0.39280231078144956,0.31404685907860347,0.5586051778128341,0.3916615443321526,0.1635710295885297,0.17618087487016731,30y
1986-09-22,2016-09-15,0.14026686096954277,0.10082699295031983,-0.8380099651814155,-0.5528038503191236,0.4273394107975186,0.1838271963455614,0.3998088344058138,0.33383966598656484,0.5634879505237084,0.4166207231669111,0.16738089855432361,0.1823919874872692,30y
1986-12-19,2016-12-14,0.14884937425140032,0.1002451064220704,-0.8293743008579151,-0.552803850319123,0.42598880442012627,0.18362632724255196,0.4203464997342327,0.3335384890042212,0.5829538732356463,0.416226484262425,0.1794718911562954,0.18133937808899275,30y
1987-03-23,2017-03-17,0.1337077997371816,0.09520602561720204,-0.8373367857409875,-0.5528038503191237,0.430986719789991,0.18326339425265095,0.3890795256894258,0.31091204680963713,0.5434825684576742,0.3871561542766007,0.15968222346622343,0.1722238829600071,30y
1987-06-22,2017-06-16,0.13263636668481205,0.09489496246854556,-0.84069976046017,-0.5528038503191233,0.41790934087857484,0.1826026809255142,0.38659150310546714,0.3125254737387659,0.5496039138020666,0.38858113360041924,0.15776900734717883,0.171661182196478,30y
1987-09-21,2017-09-15,0.1320192065244774,0.09489265364006005,-0.8380099651814154,-0.5528038503191239,0.42503566154135963,0.18228413211808112,0.3869802829520131,0.31573003783892944,0.5436263835238093,0.3915553371393551,0.15753894584761582,0.17165700561832228,30y
1987-12-18,2017-12-14,0.16468911220699334,0.10643287752236907,-0.8293743008579149,-0.5528038503191235,0.4083407509836803,0.17456193456076954,0.45679342212452106,0.3845375899130689,0.6567828523217593,0.5003250557981369,0.19857031021655352,0.19253280790451682,30y
1988-03-21,2018-03-19,0.1577697996076386,0.1030841641063136,-0.8373367857409877,-0.552803850319123,0.41723468342697423,0.17395733430138074,0.4423784621403832,0.37059505393554965,0.6303547927834654,0.4825141755914946,0.18841856979688615,0.18647511960491067,30y
1988-06-20,2018-06-18,0.16018781229526136,0.10381682312837959,-0.84069976046017,-0.5528038503191233,0.41032143059289156,0.17369803526095384,0.44929618098576085,0.37755867895601203,0.6470453798153953,0.49146651033770655,0.1905410466723341,0.18780047039912637,30y
1988-09-19,2018-09-17,0.16205610596877196,0.10516706609612347,-0.8380099651814155,-0.5528038503191237,0.41982548185862917,0.1733622497598359,0.4535558390664292,0.38799430857596306,0.6424554570390786,0.5040327591656544,0.19338207503736482,0.19024300578842282,30y
1988-12-16,2018-12-17,0.15964967859267687,0.09989385168295861,-0.8293743008579147,-0.5528038503191228,0.4161268577329733,0.17401467564575304,0.4504900774155461,0.3625024936212343,0.6408645039708211,0.4706322905281763,0.19249412289183945,0.18070397234985222,30y
1989-03-20,2019-03-20,0.16534890739142338,0.10119094956320929,-0.8373367857409879,-0.5528038503191225,0.42452295056569306,0.17444966720229887,0.46213327515294444,0.3718769404919255,0.6575707871730391,0.48342998510237095,0.1974700147027465,0.18305037040677954,30y
1989-06-19,2019-06-19,0.1580934641514724,0.09894839004377953,-0.8406997604601696,-0.5528038503191224,0.4165795763207703,0.17453548434955657,0.4493779203834723,0.3632036752954511,0.6468272004158878,0.4719290309232887,0.18804985035910748,0.17899367015381432,30y
1989-09-18,2019-09-18,0.15216879588448862,0.09722787082776341,-0.8380099651814154,-0.5528038503191226,0.42674345172698946,0.17472762994451776,0.43791953893713026,0.35702327208492796,0.6206500709344881,0.46336541797674585,0.18158351595681393,0.17588131987799235,30y
1989-12-15,2019-12-17,0.16337923658481635,0.09869242281963242,-0.8293743008579151,-0.552803850319124,0.4188307711632824,0.17428884394432406,0.46290011317566365,0.3680867707954779,0.6607773071827933,0.47878567428505214,0.19699095621339463,0.17853063570859537,30y
1990-03-19,2020-03-19,0.1391206254174049,0.08925493682612506,-0.8373367857409875,-0.552803850319123,0.44062184070632965,0.1795651413676369,0.41448873424344085,0.3177280916063169,0.5749985981666061,0.4015309747793351,0.16614655869238132,0.16145860195184947,30y
1990-06-18,2020-06-18,0.16164690565025852,0.09633346994570435,-0.8406997604601699,-0.5528038503191224,0.43924199779107753,0.18307200752271535,0.46000988376983587,0.35407757810918533,0.6517351483640993,0.45027716562631537,0.19227661675766222,0.174263384544252,30y
1990-09-17,2020-09-17,0.18102298957239027,0.10390613417859607,-0.8380099651814154,-0.5528038503191232,0.44454533899163556,0.18301185871001027,0.4984506185855421,0.39541301605780094,0.7006540284366422,0.5023107718212597,0.216015318544812,0.18796203050795146,30y
1990-12-14,2020-12-16,0.19507918167037164,0.10588295654751789,-0.8293743008579146,-0.5528038503191235,0.4344443171984295,0.18294599205540024,0.5288796487332265,0.4087830011260002,0.7486878094462796,0.5187262147183905,0.2352124745951007,0.19153802291064653,30y
1991-03-18,2021-03-19,0.17131569780558764,0.1031120132927339,-0.8373367857409874,-0.5528038503191238,0.4429651856766526,0.18286981419508774,0.4830432653167306,0.39824293281875534,0.6702797595166612,0.5043055796131006,0.20459592928786074,0.18652549766650353,30y
1991-06-17,2021-06-18,0.1767999998723908,0.10440982939141663,-0.84069976046017,-0.5528038503191234,0.4355789550725577,0.1827266595624627,0.4955777065674561,0.4078080252907119,0.6975161266417153,0.5160016189814468,0.21030099946218206,0.1888731949517768,30y
1991-09-16,2021-09-17,0.1817837827404969,0.1064031851821392,-0.8380099651814155,-0.5528038503191237,0.44244126851368504,0.18255196259264428,0.5054290466275247,0.42097211147075353,0.7065064124830737,0.5318912889043196,0.21692317549128867,0.19247909565158522,30y
1991-12-13,2021-12-16,0.19342974981247796,0.10834464484588446,-0.8293743008579149,-0.5528038503191233,0.4336244281468897,0.1826785475455373,0.5308805886718766,0.4331067438762759,0.7492177388466423,0.5474968713459932,0.23322370805605125,0.19599111833851943,30y
1992-03-16,2022-03-18,0.17314943552115158,0.10426037696739354,-0.8373367857409877,-0.5528038503191228,0.44526291258540707,0.18337025928954775,0.4909577117630047,0.4144797538410676,0.6814496281156845,0.5248597579263532,0.2067858936448442,0.18860284150916473,30y
1992-06-15,2022-06-17,0.1548163536379188,0.0966459978353662,-0.8406997604601699,-0.552803850319123,0.44582843870449823,0.18482371764734182,0.45640635844930577,0.3773042976612331,0.6372188258433694,0.4767553531877287,0.18415177560319237,0.1748287349655295,30y
1992-09-14,2022-09-19,0.16015184666976956,0.09783293425020734,-0.8380099651814156,-0.5528038503191242,0.45607693717301495,0.1856615414742613,0.4669579104362577,0.3839532262267358,0.6503236838894266,0.48588950043642243,0.1911097162610701,0.17697585534856544,30y
1992-12-11,2022-12-16,0.16267525905203195,0.09598563689849637,-0.8293743008579152,-0.5528038503191237,0.45085980372813145,0.18696981404733656,0.47254038884892535,0.37481524510807157,0.6697635231930127,0.47723600333120886,0.1961421506354352,0.1736341685085688,30y
1993-03-15,2023-03-21,0.1522468456961621,0.09602969565237562,-0.8373367857409875,-0.552803850319123,0.4574642290160547,0.18737879749240843,0.45306459012975653,0.3758386563985013,0.6332576043036974,0.47959914341807786,0.18182271254383472,0.17371386902775646,30y
1993-06-14,2023-06-21,0.1627008898908311,0.09931034031678121,-0.8406997604601701,-0.5528038503191239,0.45181243091225287,0.18751186431862102,0.47345288879722264,0.3927304313747129,0.6675408968660662,0.501386262405935,0.1935303155097537,0.17964842368491302,30y
1993-09-13,2023-09-20,0.16167916751217515,0.09821539994628758,-0.838009965181415,-0.5528038503191222,0.4595034487103392,0.18763070439555946,0.4714328820763933,0.38802900636491866,0.6617780787480488,0.4959081448698764,0.19293227315879752,0.17766772045742785,30y
1993-12-10,2023-12-19,0.1738422847269332,0.10070381002674744,-0.8293743008579149,-0.5528038503191235,0.45208166218790924,0.18787022566120343,0.49508285925310436,0.4002685210954736,0.7038123704091421,0.5119161791295669,0.20960654863203335,0.1821691545176702,30y
1994-03-11,2024-03-21,0.17250125807387295,0.10395844369920804,-0.8373367857409875,-0.552803850319123,0.45797085874779486,0.18799553450726028,0.4923942478400405,0.41664177835200245,0.6888036876989081,0.5331555612900333,0.20601179956667112,0.18805665633333563,30y
1994-06-13,2024-06-21,0.1820176377048328,0.1056551786314992,-0.84069976046017,-0.5528038503191238,0.45222535488964544,0.1879786600980654,0.5111752485025218,0.4259496446171099,0.7217112761161705,0.5449147013255974,0.2165073029225114,0.1911259817935536,30y
1994-09-12,2024-09-20,0.18229462609466052,0.10621442854655982,-0.8380099651814152,-0.5528038503191238,0.4593540279538107,0.1883790215983769,0.5113263124708298,0.42957282430537147,0.7167151501146763,0.549702615959786,0.21753276651691936,0.19213764246620954,30y
1994-12-09,2024-12-19,0.19960673667992812,0.10884525925535415,-0.8293743008579149,-0.5528038503191229,0.4516720289661065,0.18842142791908875,0.545302969550607,0.4437163360151189,0.7729688846708526,0.5670087070546931,0.24067147544052483,0.1968967097326111,30y
1995-03-13,2025-03-25,0.17583374047145273,0.10453427997771803,-0.8373367857409876,-0.552803850319123,0.45947827971410077,0.18886764885876622,0.5007596170304539,0.42385835369644503,0.6998342758648283,0.543068120548566,0.2099916586321375,0.1890983210724245,30y
1995-06-12,2025-06-25,0.17683158332865045,0.1034800393125086,-0.84069976046017,-0.5528038503191232,0.4614093280380173,0.19075427342721946,0.5023372373665874,0.41758406342088344,0.711422218054145,0.5359157864094268,0.21033856751887137,0.18719124197990217,30y
1995-09-11,2025-09-24,0.17568880783725338,0.10342413631508385,-0.8380099651814155,-0.5528038503191235,0.46770097099863894,0.1907744680409318,0.49995792855753823,0.41819176074136577,0.704533913500446,0.5369354796702247,0.2096500222395561,0.18709011569904768,30y
1995-12-08,2025-12-23,0.18363476943937074,0.10199812603240388,-0.8293743008579149,-0.5528038503191233,0.45980543594438456,0.19099210491180268,0.5158164085861308,0.4119899176703394,0.7373102348586337,0.5291536622099821,0.22141362379979304,0.1845105202749986,30y
