start,end,cagr_lump,cagr_pac,mdd_lump,mdd_pac,vol_lump,vol_pac,dvol_lump,dvol_pac,final_lump,final_pac,contributed,invested_lump
1976-01-05,1986-01-01,0.16569,0.15013,-0.20142,-0.15215,0.13073,0.39702,0.07847,0.07743,71536.68577,65801.68956,30000.00000,20605.37022
1976-04-01,1986-03-31,0.16908,0.16861,-0.20142,-0.15120,0.13086,0.42009,0.07922,0.07817,72853.89814,72673.04416,30000.00000,20605.37022
1976-07-01,1986-06-30,0.18200,0.18058,-0.20142,-0.15016,0.13177,0.42297,0.08016,0.07901,78108.97672,77512.24939,30000.00000,20605.37022
1976-10-01,1986-09-30,0.18343,0.17971,-0.20142,-0.14900,0.13394,0.42806,0.08440,0.08334,78713.66963,77148.82222,30000.00000,20605.37022
1977-01-03,1987-01-01,0.17865,0.17654,-0.20142,-0.14765,0.13432,0.44212,0.08491,0.08383,76709.73880,75840.32012,30000.00000,20605.37022
1977-04-01,1987-03-31,0.21585,0.19623,-0.20142,-0.14608,0.13578,0.42739,0.08570,0.08468,93779.99652,84343.60506,30000.00000,20605.37022
1977-07-01,1987-06-30,0.21794,0.19596,-0.20142,-0.14413,0.13781,0.42904,0.08763,0.08669,94843.50984,84217.69792,30000.00000,20605.37022
1977-10-03,1987-09-30,0.24371,0.21128,-0.20142,-0.14177,0.13901,0.43018,0.08796,0.08705,109031.13187,91489.10525,30000.00000,20605.37022
1978-01-03,1988-01-03,0.18713,0.14459,-0.32958,-0.32576,0.16579,0.44638,0.13783,0.13866,80298.64370,63874.67140,30000.00000,20605.37022
1978-04-03,1988-04-03,0.22336,0.16553,-0.32958,-0.32557,0.16892,0.41155,0.14162,0.14263,97662.69605,71475.63537,30000.00000,20605.37022
1978-07-03,1988-06-30,0.20886,0.16001,-0.32958,-0.32537,0.17030,0.42163,0.14283,0.14393,90301.62372,69386.90442,30000.00000,20605.37022
1978-10-02,1988-10-02,0.18766,0.14927,-0.32958,-0.32516,0.17078,0.47092,0.14263,0.14380,80527.94334,65497.91442,30000.00000,20605.37022
1979-01-02,1989-01-02,0.20829,0.15404,-0.32958,-0.32494,0.16978,0.42274,0.14263,0.14399,90022.02083,67196.95354,30000.00000,20605.37022
1979-04-02,1989-04-02,0.20929,0.15822,-0.32958,-0.32469,0.17004,0.42728,0.14309,0.14456,90512.05418,68722.43683,30000.00000,20605.37022
1979-07-02,1989-07-02,0.22764,0.17393,-0.32958,-0.32442,0.17036,0.42128,0.14306,0.14459,99952.95416,74783.40701,30000.00000,20605.37022
1979-10-01,1989-10-01,0.23261,0.18573,-0.32958,-0.32414,0.17051,0.44463,0.14295,0.14451,102675.38100,79695.64014,30000.00000,20605.37022
1980-01-02,1990-01-01,0.23476,0.17828,-0.32958,-0.32383,0.17124,0.41564,0.14476,0.14650,103877.37001,76558.20165,30000.00000,20605.37022
1980-04-01,1990-04-01,0.23049,0.16307,-0.32958,-0.32351,0.17034,0.41238,0.14416,0.14585,101508.85052,70536.39121,30000.00000,20605.37022
1980-07-01,1990-07-01,0.22398,0.17331,-0.32958,-0.32313,0.16978,0.41592,0.14401,0.14564,97995.67242,74532.14938,30000.00000,20605.37022
1980-10-01,1990-09-30,0.18298,0.14651,-0.32958,-0.32277,0.17083,0.42814,0.14516,0.14682,78523.51895,64533.75333,30000.00000,20605.37022
1981-01-02,1991-01-01,0.17022,0.14300,-0.32958,-0.32240,0.17089,0.44248,0.14477,0.14656,73303.12195,63331.93354,30000.00000,20605.37022
1981-04-01,1991-03-31,0.19415,0.16338,-0.32958,-0.32200,0.17141,0.44369,0.14460,0.14650,83399.21488,70655.61353,30000.00000,20605.37022
1981-07-01,1991-06-30,0.21148,0.16722,-0.32958,-0.32156,0.17195,0.43944,0.14485,0.14673,91587.63352,72128.50212,30000.00000,20605.37022
1981-10-01,1991-09-30,0.23151,0.16378,-0.32958,-0.32106,0.17132,0.42603,0.14456,0.14646,102068.32283,70808.70303,30000.00000,20605.37022
1982-01-04,1992-01-01,0.21658,0.15262,-0.32958,-0.32046,0.17154,0.43806,0.14522,0.14719,94147.00946,66686.20609,30000.00000,20605.37022
1982-04-01,1992-03-31,0.24374,0.16040,-0.32958,-0.31976,0.17027,0.42715,0.14456,0.14667,109048.44991,69531.63366,30000.00000,20605.37022
1982-07-01,1992-06-30,0.25297,0.15523,-0.32958,-0.31892,0.17017,0.42594,0.14500,0.14706,114637.40144,67625.47821,30000.00000,20605.37022
1982-10-01,1992-09-30,0.22975,0.14681,-0.32958,-0.31792,0.16799,0.40305,0.14541,0.14752,101102.51714,64640.28820,30000.00000,20605.37022
1983-01-03,1993-01-03,0.21191,0.14683,-0.32958,-0.31693,0.16433,0.40984,0.14415,0.14647,91800.26357,64646.75670,30000.00000,20605.37022
1983-04-04,1993-03-31,0.19712,0.14565,-0.32958,-0.31588,0.16316,0.40886,0.14370,0.14612,84750.48523,64237.43802,30000.00000,20605.37022
1983-07-01,1993-06-30,0.18335,0.14533,-0.32958,-0.31478,0.16273,0.43909,0.14344,0.14592,78679.34050,64128.32710,30000.00000,20605.37022
1983-10-03,1993-09-30,0.18960,0.14403,-0.32958,-0.31388,0.16169,0.43399,0.14323,0.14571,81376.28648,63684.26856,30000.00000,20605.37022
1984-01-03,1994-01-02,0.19037,0.13818,-0.32958,-0.31388,0.16124,0.43415,0.14333,0.14576,81713.92354,61719.13399,30000.00000,20605.37022
1984-04-02,1994-04-03,0.19751,0.13343,-0.32958,-0.31388,0.16067,0.43364,0.14373,0.14620,84928.75863,60169.78448,30000.00000,20605.37022
1984-07-02,1994-06-30,0.19960,0.12462,-0.32958,-0.31388,0.16049,0.42779,0.14393,0.14642,85893.34368,57406.22984,30000.00000,20605.37022
1984-10-01,1994-10-02,0.19169,0.12461,-0.32958,-0.31388,0.15943,0.42404,0.14414,0.14658,82302.11390,57401.29222,30000.00000,20605.37022
1985-01-02,1995-01-02,0.18027,0.10867,-0.32958,-0.31388,0.15920,0.40434,0.14475,0.14721,77382.53034,52732.54280,30000.00000,20605.37022
1985-04-01,1995-04-02,0.17713,0.11771,-0.32958,-0.31388,0.15859,0.42280,0.14536,0.14794,76085.08388,55329.76177,30000.00000,20605.37022
1985-07-01,1995-07-02,0.18277,0.12955,-0.32958,-0.31388,0.15856,0.43133,0.14572,0.14831,78432.56979,58935.35126,30000.00000,20605.37022
1985-10-01,1995-10-01,0.19949,0.13411,-0.32958,-0.31388,0.15818,0.41187,0.14632,0.14900,85839.95501,60390.28399,30000.00000,20605.37022
1986-01-02,1996-01-01,0.18929,0.14177,-0.32958,-0.31388,0.15791,0.41768,0.14633,0.14898,81241.91248,62915.43224,30000.00000,20605.37022
1986-04-01,1996-03-31,0.17843,0.14747,-0.32958,-0.31388,0.15781,0.42314,0.14619,0.14876,76618.85810,64868.38264,30000.00000,20605.37022
1986-07-01,1996-06-30,0.17159,0.14925,-0.32958,-0.31388,0.15699,0.44136,0.14585,0.14839,73844.91466,65490.17225,30000.00000,20605.37022
1986-10-01,1996-09-30,0.18148,0.14084,-0.32958,-0.31388,0.15575,0.41605,0.14404,0.14650,77887.66664,62603.41401,30000.00000,20605.37022
1987-01-02,1997-01-01,0.19772,0.16259,-0.32958,-0.31388,0.15537,0.39987,0.14379,0.14630,85021.92395,70353.86982,30000.00000,20605.37022
1987-04-01,1997-03-31,0.17483,0.16710,-0.32958,-0.31388,0.15521,0.43252,0.14372,0.14618,75145.98305,72083.36313,30000.00000,20605.37022
1987-07-01,1997-06-30,0.17933,0.17429,-0.32958,-0.31388,0.15489,0.42400,0.14309,0.14551,76991.75459,74929.04960,30000.00000,20605.37022
1987-10-01,1997-09-30,0.18148,0.18704,-0.31388,-0.31388,0.15544,0.52305,0.14333,0.14577,77889.68507,80259.87008,30000.00000,20605.37022
1988-01-04,1998-01-01,0.23531,0.19053,-0.19204,-0.14286,0.13048,0.41170,0.09790,0.09921,104187.12775,81784.59198,30000.00000,20605.37022
1988-04-04,1998-03-31,0.24765,0.19766,-0.19204,-0.14000,0.12779,0.41165,0.09296,0.09410,111381.74162,84994.47117,30000.00000,20605.37022
1988-07-01,1998-06-30,0.24320,0.19859,-0.19204,-0.13635,0.12638,0.41622,0.09141,0.09247,108731.47021,85423.88784,30000.00000,20605.37022
1988-10-03,1998-09-30,0.22535,0.17487,-0.19204,-0.18948,0.13300,0.41026,0.10038,0.10165,98721.43969,75161.41855,30000.00000,20605.37022
1989-01-03,1999-01-03,0.25269,0.19938,-0.19204,-0.18936,0.13538,0.39962,0.10161,0.10267,114458.73292,85790.68431,30000.00000,20605.37022
1989-04-03,1999-03-31,0.24742,0.20208,-0.19204,-0.18924,0.13785,0.40740,0.10235,0.10339,111242.94120,87048.77047,30000.00000,20605.37022
1989-07-03,1999-06-30,0.24124,0.20429,-0.19204,-0.18911,0.13960,0.40339,0.10325,0.10429,107588.24254,88098.69865,30000.00000,20605.37022
1989-10-02,1999-09-30,0.22812,0.20373,-0.19204,-0.18898,0.14109,0.43663,0.10399,0.10499,100214.12785,87831.21792,30000.00000,20605.37022
1990-01-02,2000-01-02,0.23168,0.20707,-0.19204,-0.18885,0.14091,0.44890,0.10147,0.10242,102160.98106,89429.46281,30000.00000,20605.37022
1990-04-02,2000-04-02,0.23932,0.19843,-0.19204,-0.18870,0.14446,0.42996,0.10455,0.10550,106472.14085,85349.73132,30000.00000,20605.37022
1990-07-02,2000-07-02,0.23640,0.20124,-0.19204,-0.18854,0.14851,0.44111,0.10787,0.10887,104806.38662,86654.16448,30000.00000,20605.37022
1990-10-01,2000-10-01,0.26875,0.20372,-0.19190,-0.18836,0.14670,0.42832,0.10582,0.10677,124849.85851,87826.66424,30000.00000,20605.37022
1991-01-02,2001-01-01,0.23403,0.16936,-0.19190,-0.18815,0.14919,0.40535,0.10771,0.10868,103469.82841,72963.35849,30000.00000,20605.37022
1991-04-01,2001-04-01,0.19851,0.15188,-0.26025,-0.24442,0.15178,0.42609,0.11138,0.11220,85388.57237,66421.05379,30000.00000,20605.37022
1991-07-01,2001-07-01,0.19722,0.14891,-0.26937,-0.24978,0.15389,0.41878,0.11210,0.11285,84797.04233,65372.41663,30000.00000,20605.37022
1991-10-01,2001-09-30,0.17110,0.12309,-0.35659,-0.32469,0.15699,0.42858,0.11519,0.11592,73650.57072,56939.90629,30000.00000,20605.37022
1992-01-02,2002-01-01,0.15679,0.11684,-0.35659,-0.32303,0.15762,0.43584,0.11500,0.11573,68197.44519,55075.17778,30000.00000,20605.37022
1992-04-01,2002-03-31,0.16224,0.11168,-0.35659,-0.32132,0.15913,0.42345,0.11605,0.11680,70221.68987,53584.38887,30000.00000,20605.37022
1992-07-01,2002-06-30,0.14193,0.09033,-0.35659,-0.31943,0.16130,0.42613,0.11674,0.11730,62971.24416,47854.58192,30000.00000,20605.37022
1992-10-01,2002-09-30,0.10792,0.05303,-0.46211,-0.39778,0.17043,0.43224,0.12388,0.12387,52525.36099,39362.25439,30000.00000,20605.37022
1993-01-04,2003-01-01,0.11068,0.06024,-0.47415,-0.39555,0.17527,0.43521,0.12515,0.12511,53300.60699,40866.47659,30000.00000,20605.37022
1993-04-01,2003-03-31,0.08251,0.03400,-0.47415,-0.39102,0.17854,0.44418,0.12627,0.12619,45922.39654,35673.07772,30000.00000,20605.37022
1993-07-01,2003-06-30,0.11038,0.05784,-0.47415,-0.38607,0.17987,0.43741,0.12647,0.12632,53213.97736,40359.80584,30000.00000,20605.37022
1993-10-01,2003-09-30,0.11518,0.06354,-0.47415,-0.38117,0.18085,0.43558,0.12638,0.12618,54590.80106,41577.29412,30000.00000,20605.37022
1994-01-03,2004-01-01,0.12161,0.06733,-0.47415,-0.37598,0.18140,0.43127,0.12633,0.12604,56492.24153,42407.30139,30000.00000,20605.37022
1994-04-04,2004-03-31,0.14647,0.07672,-0.47415,-0.37019,0.18170,0.43179,0.12603,0.12562,64520.96950,44545.97076,30000.00000,20605.37022
1994-07-01,2004-06-30,0.13716,0.06505,-0.47415,-0.36331,0.18177,0.42875,0.12618,0.12570,61384.21479,41906.92131,30000.00000,20605.37022
1994-10-03,2004-09-30,0.12767,0.05668,-0.47415,-0.35555,0.18213,0.42963,0.12597,0.12538,58346.14091,40117.11461,30000.00000,20605.37022
1995-01-03,2005-01-02,0.14212,0.06491,-0.47415,-0.34655,0.18211,0.42591,0.12609,0.12533,63033.13910,41875.56538,30000.00000,20605.37022
1995-04-03,2005-03-31,0.12790,0.06179,-0.47415,-0.33625,0.18256,0.42771,0.12546,0.12464,58419.42386,41198.34826,30000.00000,20605.37022
1995-07-03,2005-06-30,0.11006,0.05520,-0.47415,-0.32517,0.18288,0.43005,0.12500,0.12415,53123.40033,39808.23501,30000.00000,20605.37022
1995-10-02,2005-10-02,0.10122,0.05346,-0.47415,-0.31310,0.18302,0.43817,0.12462,0.12363,50689.90069,39449.80709,30000.00000,20605.37022
1996-01-02,2006-01-02,0.09526,0.05569,-0.47415,-0.29967,0.18327,0.43562,0.12443,0.12342,49116.49122,39909.72130,30000.00000,20605.37022
1996-04-01,2006-04-02,0.08914,0.05557,-0.47415,-0.28489,0.18268,0.43935,0.12409,0.12304,47554.81481,39886.29399,30000.00000,20605.37022
1996-07-01,2006-07-02,0.08183,0.05088,-0.47415,-0.27615,0.18314,0.45454,0.12382,0.12276,45759.07030,38924.81082,30000.00000,20605.37022
1996-10-01,2006-10-01,0.08171,0.05077,-0.47415,-0.27308,0.18271,0.42721,0.12342,0.12233,45730.26771,38903.47472,30000.00000,20605.37022
1997-01-02,2007-01-02,0.08083,0.05940,-0.47415,-0.26980,0.18229,0.42441,0.12357,0.12248,45519.50574,40688.76657,30000.00000,20605.37022
1997-04-01,2007-04-01,0.07585,0.05705,-0.47415,-0.26629,0.18194,0.42078,0.12421,0.12314,44344.83106,40193.85065,30000.00000,20605.37022
1997-07-01,2007-07-01,0.06266,0.07132,-0.47415,-0.26236,0.18081,0.43187,0.12413,0.12299,41385.58097,43301.85987,30000.00000,20605.37022
1997-10-01,2007-09-30,0.04333,0.06321,-0.47415,-0.25841,0.18149,0.45907,0.12523,0.12409,37433.11932,41505.14999,30000.00000,20605.37022
1998-01-02,2008-01-01,0.03725,0.05899,-0.47415,-0.25415,0.18024,0.43935,0.12337,0.12204,36276.00686,40601.17792,30000.00000,20605.37022
1998-04-01,2008-03-31,-0.00747,0.03817,-0.47415,-0.25051,0.18294,0.44730,0.12462,0.12334,28893.24055,36448.46411,30000.00000,20605.37022
1998-07-01,2008-06-30,-0.00631,0.04513,-0.47415,-0.24668,0.18378,0.45990,0.12546,0.12424,29061.96695,37783.48474,30000.00000,20605.37022
1998-10-01,2008-09-30,0.00813,0.02887,-0.47415,-0.24212,0.18633,0.41323,0.12956,0.12887,31258.87083,34746.57129,30000.00000,20605.37022
1999-01-04,2009-01-01,-0.13000,-0.05981,-0.50715,-0.45670,0.21271,0.44653,0.15748,0.15673,16096.54856,22332.60292,30000.00000,20605.37022
1999-04-01,2009-03-31,-0.17547,-0.08851,-0.55260,-0.48238,0.22018,0.45744,0.16383,0.16269,13183.91271,19481.85658,30000.00000,20605.37022
1999-07-01,2009-06-30,-0.12187,-0.02411,-0.55260,-0.48035,0.22226,0.47345,0.16516,0.16399,16699.20850,26592.91612,30000.00000,20605.37022
1999-10-01,2009-09-30,-0.09276,-0.01058,-0.55260,-0.47827,0.22246,0.44523,0.16593,0.16467,19097.67225,28446.82932,30000.00000,20605.37022
2000-01-03,2010-01-03,-0.09671,0.01167,-0.55260,-0.47606,0.22232,0.47948,0.16618,0.16465,18749.25202,31824.64383,30000.00000,20605.37022
2000-04-03,2010-03-31,-0.10237,0.01409,-0.55260,-0.47385,0.22018,0.48006,0.16550,0.16391,18262.76813,32218.66471,30000.00000,20605.37022
2000-07-03,2010-06-30,-0.10555,0.00722,-0.55260,-0.47160,0.22016,0.47051,0.16582,0.16416,17995.31701,31115.17219,30000.00000,20605.37022
2000-10-02,2010-09-30,-0.09815,0.01060,-0.55260,-0.46924,0.22098,0.46981,0.16644,0.16479,18623.63561,31652.58348,30000.00000,20605.37022
2001-01-02,2011-01-02,-0.05093,0.03301,-0.55260,-0.46658,0.21836,0.45824,0.16620,0.16457,23313.03904,35492.03184,30000.00000,20605.37022
2001-04-02,2011-03-31,-0.01152,0.04854,-0.55260,-0.46355,0.21611,0.44670,0.16543,0.16361,28313.36655,38454.82840,30000.00000,20605.37022
2001-07-02,2011-06-30,-0.02531,0.04944,-0.55260,-0.46009,0.21436,0.47437,0.16529,0.16335,26434.36160,38636.48425,30000.00000,20605.37022
2001-10-01,2011-10-02,-0.00747,0.03235,-0.55260,-0.45628,0.21779,0.45488,0.16949,0.16767,28894.36914,35371.89067,30000.00000,20605.37022
2002-01-02,2012-01-02,-0.02178,0.03839,-0.55260,-0.45172,0.22026,0.46982,0.17052,0.16836,26902.10137,36489.96112,30000.00000,20605.37022
2002-04-01,2012-04-01,-0.00025,0.05691,-0.55260,-0.44696,0.21918,0.48000,0.17078,0.16845,29962.24274,40165.09301,30000.00000,20605.37022
2002-07-01,2012-07-01,0.01897,0.04203,-0.55260,-0.44152,0.21829,0.46872,0.17102,0.16860,33029.82126,37181.95395,30000.00000,20605.37022
2002-10-01,2012-09-30,0.06327,0.05825,-0.55260,-0.43691,0.21133,0.44820,0.16715,0.16534,41517.73259,40446.41880,30000.00000,20605.37022
2003-01-02,2013-01-01,0.05062,0.05652,-0.55260,-0.43184,0.20801,0.46842,0.16676,0.16482,38872.24937,40082.80487,30000.00000,20605.37022
2003-04-01,2013-03-31,0.07592,0.06799,-0.55260,-0.42591,0.20554,0.43065,0.16663,0.16445,44360.81227,42553.98018,30000.00000,20605.37022
2003-07-01,2013-06-30,0.06514,0.08010,-0.55260,-0.41946,0.20496,0.44782,0.16670,0.16445,41926.26877,45343.44035,30000.00000,20605.37022
2003-10-01,2013-09-30,0.05838,0.07777,-0.55260,-0.41296,0.20417,0.44406,0.16688,0.16442,40472.37613,44793.39911,30000.00000,20605.37022
2004-01-02,2014-01-01,0.06023,0.09340,-0.55260,-0.40629,0.20419,0.44928,0.16690,0.16429,40866.07349,48637.25133,30000.00000,20605.37022
2004-04-01,2014-03-31,0.06106,0.09617,-0.55260,-0.40211,0.20419,0.45849,0.16721,0.16443,41041.73105,49354.88445,30000.00000,20605.37022
2004-07-01,2014-06-30,0.06981,0.10204,-0.55260,-0.39794,0.20393,0.45871,0.16762,0.16465,42962.79742,50912.45940,30000.00000,20605.37022
2004-10-01,2014-09-30,0.07699,0.10721,-0.55260,-0.39307,0.20373,0.44920,0.16776,0.16473,44610.42422,52327.22004,30000.00000,20605.37022
2005-01-03,2015-01-01,0.07039,0.10981,-0.55260,-0.38756,0.20433,0.45777,0.16792,0.16473,43092.19354,53052.67852,30000.00000,20605.37022
2005-04-01,2015-03-31,0.08103,0.11351,-0.55260,-0.38135,0.20488,0.45449,0.16786,0.16454,45567.96356,54107.99425,30000.00000,20605.37022
2005-07-01,2015-06-30,0.07715,0.11081,-0.55260,-0.37382,0.20476,0.44445,0.16782,0.16444,44647.82358,53335.25277,30000.00000,20605.37022
2005-10-03,2015-09-30,0.05337,0.09031,-0.55260,-0.36610,0.20698,0.45535,0.16896,0.16539,39431.77063,47849.10036,30000.00000,20605.37022
2006-01-03,2016-01-03,0.06511,0.10619,-0.55260,-0.36180,0.20754,0.45171,0.16884,0.16505,41919.05980,52045.48859,30000.00000,20605.37022
2006-04-03,2016-03-31,0.04926,0.09309,-0.55260,-0.35676,0.20909,0.45323,0.16932,0.16543,38600.33721,48557.84812,30000.00000,20605.37022
2006-07-03,2016-06-30,0.06347,0.10261,-0.55260,-0.35058,0.20918,0.44926,0.16988,0.16573,41562.26389,51066.57355,30000.00000,20605.37022
2006-10-02,2016-10-02,0.06253,0.10708,-0.55260,-0.34265,0.20916,0.44149,0.17022,0.16581,41359.02980,52289.51968,30000.00000,20605.37022
2007-01-03,2017-01-02,0.05255,0.10723,-0.55260,-0.33288,0.20927,0.45344,0.16976,0.16515,39263.45853,52330.82227,30000.00000,20605.37022
2007-04-02,2017-04-02,0.06871,0.12235,-0.55260,-0.32031,0.20865,0.44663,0.16946,0.16465,42715.91640,56715.35491,30000.00000,20605.37022
2007-07-02,2017-07-02,0.05920,0.12346,-0.55260,-0.30357,0.20829,0.46867,0.16941,0.16465,40645.33181,57051.22134,30000.00000,20605.37022
2007-10-01,2017-10-01,0.05948,0.12541,-0.55260,-0.27927,0.20630,0.45434,0.16903,0.16425,40704.96538,57649.28887,30000.00000,20605.37022
2008-01-02,2018-01-01,0.08459,0.13581,-0.51821,-0.26727,0.20416,0.47623,0.16876,0.16400,46428.62441,60940.99662,30000.00000,20605.37022
2008-04-01,2018-04-01,0.09733,0.13591,-0.51505,-0.26727,0.20265,0.45765,0.16925,0.16454,49658.62921,60974.20960,30000.00000,20605.37022
2008-07-01,2018-07-01,0.11331,0.13756,-0.47266,-0.26727,0.20194,0.45974,0.16879,0.16390,54051.17588,61514.32908,30000.00000,20605.37022
2008-10-01,2018-09-30,0.14288,0.14535,-0.40910,-0.26727,0.19427,0.49604,0.16100,0.15540,63291.32842,64136.70635,30000.00000,20605.37022
2009-01-02,2019-01-01,0.17624,0.13332,-0.27203,-0.18598,0.16616,0.46689,0.13138,0.12910,75718.86742,60133.58560,30000.00000,20605.37022
2009-04-01,2019-03-31,0.20218,0.12753,-0.19374,-0.18559,0.15455,0.40637,0.12082,0.11938,87096.13506,58302.64177,30000.00000,20605.37022
2009-07-01,2019-06-30,0.17375,0.11723,-0.19374,-0.18520,0.15001,0.40593,0.11809,0.11655,74712.69426,55190.20643,30000.00000,20605.37022
2009-10-01,2019-09-30,0.16386,0.12241,-0.19374,-0.18481,0.14904,0.42707,0.11791,0.11685,70838.68536,56734.06482,30000.00000,20605.37022
2010-01-04,2020-01-01,0.15884,0.13024,-0.19374,-0.18442,0.14766,0.44548,0.11747,0.11634,68950.04217,59153.28638,30000.00000,20605.37022
2010-04-01,2020-03-31,0.15008,0.12376,-0.33796,-0.33505,0.17104,0.44512,0.14642,0.14647,65782.30831,57143.96235,30000.00000,20605.37022
2010-07-01,2020-06-30,0.17355,0.11728,-0.33796,-0.33492,0.17390,0.42663,0.14844,0.14812,74631.34764,55202.61363,30000.00000,20605.37022
2010-10-01,2020-09-30,0.17976,0.13846,-0.33796,-0.33477,0.17358,0.42702,0.14907,0.14875,77168.65083,61812.71249,30000.00000,20605.37022
2011-01-03,2021-01-03,0.16737,0.14029,-0.33796,-0.33462,0.17446,0.43240,0.14932,0.14900,72188.09601,62420.53134,30000.00000,20605.37022
2011-04-01,2021-03-31,0.17036,0.14716,-0.33796,-0.33447,0.17503,0.42990,0.14937,0.14903,73357.96712,64760.90393,30000.00000,20605.37022
2011-07-01,2021-06-30,0.18293,0.15594,-0.33796,-0.33431,0.17476,0.44560,0.14945,0.14920,78498.75552,67883.88503,30000.00000,20605.37022
2011-10-03,2021-09-30,0.23287,0.16395,-0.33796,-0.33412,0.16724,0.39174,0.14125,0.14090,102821.64084,70871.01486,30000.00000,20605.37022
2012-01-03,2022-01-02,0.20432,0.15684,-0.33796,-0.33391,0.16350,0.42359,0.13945,0.13928,88110.97643,68213.78258,30000.00000,20605.37022
2012-04-02,2022-03-31,0.17578,0.14218,-0.33796,-0.33369,0.16628,0.43896,0.14031,0.14013,75533.71447,63054.42517,30000.00000,20605.37022
2012-07-02,2022-06-30,0.17359,0.12743,-0.33796,-0.33346,0.17033,0.42924,0.14507,0.14523,74648.19025,58271.76602,30000.00000,20605.37022
2012-10-01,2022-10-02,0.15675,0.11570,-0.33796,-0.33321,0.17271,0.44343,0.14666,0.14682,68179.70956,54742.27206,30000.00000,20605.37022
2013-01-02,2023-01-02,0.15934,0.11557,-0.33796,-0.33294,0.17583,0.42890,0.14705,0.14726,69135.47376,54703.53454,30000.00000,20605.37022
2013-04-01,2023-04-02,0.14104,0.10457,-0.33796,-0.33265,0.17715,0.42737,0.14697,0.14728,62672.72213,51599.50508,30000.00000,20605.37022
2013-07-01,2023-07-02,0.14699,0.11217,-0.33796,-0.33235,0.17680,0.42872,0.14646,0.14673,64700.70311,53722.32121,30000.00000,20605.37022
2013-10-01,2023-10-01,0.14983,0.11942,-0.33796,-0.33203,0.17708,0.42289,0.14626,0.14656,65693.19502,55835.54838,30000.00000,20605.37022
2014-01-02,2024-01-01,0.13762,0.11743,-0.33796,-0.33169,0.17738,0.43425,0.14661,0.14679,61534.59504,55249.01089,30000.00000,20605.37022
2014-04-01,2024-03-31,0.15219,0.13295,-0.33796,-0.33133,0.17726,0.43576,0.14639,0.14662,66530.69823,60017.21310,30000.00000,20605.37022
2014-07-01,2024-06-30,0.14803,0.13297,-0.33796,-0.33094,0.17741,0.43961,0.14606,0.14633,65063.76418,60021.41747,30000.00000,20605.37022
2014-10-01,2024-09-30,0.15816,0.13625,-0.33796,-0.33053,0.17853,0.42814,0.14689,0.14697,68699.98197,61084.07147,30000.00000,20605.37022
2015-01-02,2025-01-01,0.16349,0.14767,-0.33796,-0.33007,0.17828,0.44864,0.14691,0.14685,70698.32935,64937.60577,30000.00000,20605.37022
2015-04-01,2025-03-31,0.15630,0.13624,-0.33796,-0.32957,0.17876,0.43947,0.14765,0.14758,68017.63418,61082.98505,30000.00000,20605.37022
2015-07-01,2025-06-30,0.15651,0.13381,-0.33796,-0.32902,0.18430,0.43973,0.15197,0.15202,68094.58875,60293.20208,30000.00000,20605.37022
2015-10-01,2025-09-30,0.18423,0.14258,-0.33796,-0.32837,0.18178,0.42559,0.15043,0.15067,79051.52973,63189.14006,30000.00000,20605.37022
2016-01-04,2025-12-30,0.18600,0.14778,-0.33796,-0.32763,0.18131,0.45005,0.15101,0.15123,79812.35229,64975.94823,30000.00000,20605.37022
