,Bitcoin,Oro,Argento,Rame,Petrolio (WTI),Treasury USA 20+,Nasdaq 100,Energy,Healthcare,Financials,Value (S&P500),Consumer Staples,Small Cap (Russell 2000),Real Estate (REIT),Difesa & Aerospazio,Semiconduttori,USA (S&P 500),ACWI (ETF),Mercati Emergenti,Europa,Germania,Regno Unito,Cina,Giappone,America Latina,Corea del Sud,Australia,India,Canada,Taiwan,MSCI World
Bitcoin,1.0,0.05137223226232361,0.08062642129821075,0.13254165463397571,0.0981567843282623,0.04563174129035335,0.32248117843844365,0.16124206660471374,0.12967184962060818,0.30890320165527674,0.29129290064922225,0.17306125869211633,0.2750582595919027,0.21220921694480038,0.27108037964765735,0.1796786068768477,0.34404215936513916,0.31952462432389067,0.14931109096028844,0.2551733444349595,0.26903383714164636,0.21693027771011114,0.024894796001150427,0.2014790163866607,0.17353719512853058,0.11819657207602463,0.28991625963174467,0.21551714711688072,0.27293463421818753,0.1432421045290886,0.3412305383876348
Oro,0.05137223226232361,1.0,0.7564983676337637,0.2971002405593122,0.0812468690064584,0.2379492066055231,0.01445976584394616,0.11790537676376492,0.07588926731524068,-0.043540406169308495,0.06337510569771097,0.15147074283262654,0.040113450049167325,0.13466628390892108,0.038332866592838646,-0.02521076374576691,0.06912996450630976,0.1671165931392903,0.3406772093162285,0.21032016981615495,0.15076519258441778,0.1959774737572064,0.25841113865008936,0.15287347348004388,0.31200492186124634,0.2233113020658454,0.27125655239840935,0.20894027058284578,0.3012147824973874,0.15638882529522366,0.13278650939388056
Argento,0.08062642129821075,0.7564983676337637,1.0,0.40118923551498403,0.24516656339627077,0.040055914144289835,0.16297976753502297,0.24661393644434595,0.18136720084854066,0.12354622021746113,0.21269890826274263,0.17348824185029732,0.1964379909478801,0.20333933747862198,0.18208809511863464,0.11110004259516944,0.23156707115093886,0.3461578711422831,0.4240213536146921,0.35110857267779266,0.29146205373651185,0.3290623123465882,0.2841286723827227,0.2371607403927212,0.37942034626976906,0.3279720088340554,0.3607804373887401,0.34144096811125757,0.40186051208972434,0.2683790622450042,0.28862808176077115
Rame,0.13254165463397571,0.2971002405593122,0.40118923551498403,1.0,0.32598915830006364,-0.23475800743326528,0.35016057908186643,0.412340148737508,0.2624118478548786,0.4290360222284183,0.46266092291836164,0.23309933030291827,0.4075345218382565,0.306919327614604,0.3641230097872781,0.3757912999341529,0.4414009376841723,0.5789544190450783,0.5485476921461945,0.5073436689476043,0.43425604493651915,0.5128612856876975,0.4193114112278791,0.33571130470640853,0.46964796282616433,0.4791773939657422,0.5338434489567564,0.43343330725501256,0.5637114247058724,0.45970801857101695,0.4886790950717988
Petrolio (WTI),0.0981567843282623,0.0812468690064584,0.24516656339627077,0.32598915830006364,1.0,-0.2828959550298288,0.15963050792235853,0.5714612162672373,0.1026714100605297,0.24087023644973554,0.28368263397501575,0.11727937102132749,0.2773371671754714,0.1582627476416484,0.29481898663198525,0.1297085279314405,0.26081983155731037,0.3804032846179259,0.3353919242312501,0.3835918343844272,0.24984923599382666,0.39307048846327425,0.2927948136981091,0.22403219702721472,0.3685284735472427,0.18907728790690956,0.33480475326183307,0.23644270663060318,0.40897848869911857,0.19415372060267133,0.3125353438874322
Treasury USA 20+,0.04563174129035335,0.2379492066055231,0.040055914144289835,-0.23475800743326528,-0.2828959550298288,1.0,-0.09034178007740663,-0.2646982379350233,0.011504053730247005,-0.19567862450090082,-0.13842138032528145,0.0707036443615091,-0.145440788067656,0.1370832349510116,-0.16250793983132952,-0.089079518348414,-0.10000081533901198,-0.06513948815297743,-0.05056387949930928,-0.0706231580425598,-0.09390528068226128,-0.13766293466646584,-0.03706935737166657,0.010396167352218823,-0.13580737246190774,-0.010588462533275871,0.0005298295652799395,-0.06970029854170287,-0.10472112989922713,-0.026816836721221423,-0.09714361611959174
Nasdaq 100,0.32248117843844365,0.01445976584394616,0.16297976753502297,0.35016057908186643,0.15963050792235853,-0.09034178007740663,1.0,0.3397099231342765,0.5843938615471613,0.5228765599318332,0.7347379280791619,0.31995204010880757,0.7603874984056659,0.6156418572977701,0.668049816522843,0.8720856037304844,0.8416070202317892,0.8795243048891647,0.6917753960310139,0.7284533822924452,0.7010451735199587,0.5985628115982161,0.4375611669282292,0.569534928819683,0.5183853222851483,0.6552044867468696,0.6111644100241224,0.5486277899032359,0.6809629632819638,0.6725944491163058,0.8396176622626946
Energy,0.16124206660471374,0.11790537676376492,0.24661393644434595,0.412340148737508,0.5714612162672373,-0.2646982379350233,0.3397099231342765,1.0,0.400122292583685,0.5318933945399957,0.6590877126078442,0.37728914882648695,0.607296552304831,0.4022938202244229,0.5907063955252101,0.3657849286399684,0.5752267372906641,0.6271045689935418,0.5484899054291916,0.6020368700271963,0.5023719329724676,0.6739464567343197,0.39253681586964845,0.43374193682016154,0.6220467228768428,0.4165955616506521,0.5620362628128392,0.40938221464261726,0.6693569936246325,0.3708035858863191,0.6296341363055148
Healthcare,0.12967184962060818,0.07588926731524068,0.18136720084854066,0.2624118478548786,0.1026714100605297,0.011504053730247005,0.5843938615471613,0.400122292583685,1.0,0.6192768714458529,0.7375687837283412,0.577574586463966,0.6443120960527012,0.5889998848056448,0.6065798115224754,0.48135826278056865,0.751017235105571,0.7160527173611152,0.48460873188427783,0.6659640323200834,0.6179180621618368,0.628236547338695,0.32086757433235175,0.526880218044927,0.45636665241722474,0.49439364490791216,0.5722976232477798,0.4985781707263168,0.5803751088935512,0.43116322501164467,0.7254019859986035
Financials,0.30890320165527674,-0.043540406169308495,0.12354622021746113,0.4290360222284183,0.24087023644973554,-0.19567862450090082,0.5228765599318332,0.5318933945399957,0.6192768714458529,1.0,0.905149321759621,0.5471209138319968,0.7878162493731657,0.7131470912089529,0.7483237594454165,0.5492226625929879,0.8141378087839198,0.8405204201407532,0.6084178370158156,0.7643328094565134,0.6782051469194931,0.7280519340634777,0.42166753918108413,0.5496559681300175,0.5703355055690014,0.505184815597775,0.6267963057013627,0.6150525008342207,0.6755598624366411,0.5032136474173498,0.8288712418032622
Value (S&P500),0.29129290064922225,0.06337510569771097,0.21269890826274263,0.46266092291836164,0.28368263397501575,-0.13842138032528145,0.7347379280791619,0.6590877126078442,0.7375687837283412,0.905149321759621,1.0,0.6797769144312942,0.8771056252732637,0.7678827779487285,0.8237524643019026,0.6872237534339928,0.9439300894427806,0.931889327778379,0.7270144195938116,0.8564191349810519,0.8294155205388013,0.8375712610184556,0.47757800131508893,0.6530055904061673,0.6731425990148094,0.649592656800456,0.7578284747827168,0.6178630704163912,0.8118574794569167,0.6165278657563533,0.9423459625144255
Consumer Staples,0.17306125869211633,0.15147074283262654,0.17348824185029732,0.23309933030291827,0.11727937102132749,0.0707036443615091,0.31995204010880757,0.37728914882648695,0.577574586463966,0.5471209138319968,0.6797769144312942,1.0,0.5052614723319505,0.6295551480504331,0.5750717108810568,0.3899477077710242,0.6093025987748575,0.6845629626848205,0.49900169915111514,0.667364321025662,0.48178592126062153,0.565840498433437,0.3142919320098612,0.38827953575389257,0.48637800523751756,0.3934368762968098,0.48701534387983664,0.46387890316202895,0.45944332848910957,0.3288570859421901,0.6819399216030504
Small Cap (Russell 2000),0.2750582595919027,0.040113450049167325,0.1964379909478801,0.4075345218382565,0.2773371671754714,-0.145440788067656,0.7603874984056659,0.607296552304831,0.6443120960527012,0.7878162493731657,0.8771056252732637,0.5052614723319505,1.0,0.7346393540909922,0.7968891416755906,0.742864430283128,0.873041538483673,0.8667216405755755,0.7026747074967331,0.7536026070682559,0.7454705928299428,0.726952599892328,0.4240318398936716,0.6351173346031486,0.6024036866697289,0.6719157458477588,0.7463759304564794,0.5578576543610321,0.7795799061364092,0.6463938930133591,0.865954418412407
Real Estate (REIT),0.21220921694480038,0.13466628390892108,0.20333933747862198,0.306919327614604,0.1582627476416484,0.1370832349510116,0.6156418572977701,0.4022938202244229,0.5889998848056448,0.7131470912089529,0.7678827779487285,0.6295551480504331,0.7346393540909922,1.0,0.6197317869861737,0.5064052562870928,0.7345903461585099,0.7655805597344549,0.6047077119000251,0.6898847707253309,0.6694359037678288,0.6498534781545028,0.3609270863155707,0.5648653520169031,0.508775178779165,0.5451866831713923,0.7000095263716593,0.5722271837958981,0.6530929319241934,0.5616553657642153,0.7382944144053227
Difesa & Aerospazio,0.27108037964765735,0.038332866592838646,0.18208809511863464,0.3641230097872781,0.29481898663198525,-0.16250793983132952,0.668049816522843,0.5907063955252101,0.6065798115224754,0.7483237594454165,0.8237524643019026,0.5750717108810568,0.7968891416755906,0.6197317869861737,1.0,0.5801937122990333,0.7920705168382511,0.7784726960669559,0.6135829672965514,0.7313376840956486,0.7117367170263629,0.7268652096723248,0.36891265095643466,0.6408040552514145,0.5781674558465861,0.5990822726549441,0.6662888338629095,0.520795301977587,0.7133152727250667,0.5347536404832319,0.7892136070356489
Semiconduttori,0.1796786068768477,-0.02521076374576691,0.11110004259516944,0.3757912999341529,0.1297085279314405,-0.089079518348414,0.8720856037304844,0.3657849286399684,0.48135826278056865,0.5492226625929879,0.6872237534339928,0.3899477077710242,0.742864430283128,0.5064052562870928,0.5801937122990333,1.0,0.7744848474632329,0.76353155949163,0.6506890473666328,0.6292525421758368,0.6452701637314588,0.5459660268211286,0.3557417539436972,0.5389937833405523,0.45943810245066946,0.6955289798617357,0.5674145055982742,0.4499438366259721,0.5960043441497943,0.7286981109557278,0.7405229141490935
USA (S&P 500),0.34404215936513916,0.06912996450630976,0.23156707115093886,0.4414009376841723,0.26081983155731037,-0.10000081533901198,0.8416070202317892,0.5752267372906641,0.751017235105571,0.8141378087839198,0.9439300894427806,0.6093025987748575,0.873041538483673,0.7345903461585099,0.7920705168382511,0.7744848474632329,1.0,0.9634669042260524,0.7397253580077243,0.8469896709182412,0.7913315786883294,0.791249491373651,0.47945090035911714,0.633641686956026,0.6351582296103137,0.6880413621570588,0.7292156174930298,0.6143462622382835,0.8099755687937855,0.6735869592945939,0.9714113513378448
ACWI (ETF),0.31952462432389067,0.1671165931392903,0.3461578711422831,0.5789544190450783,0.3804032846179259,-0.06513948815297743,0.8795243048891647,0.6271045689935418,0.7160527173611152,0.8405204201407532,0.931889327778379,0.6845629626848205,0.8667216405755755,0.7655805597344549,0.7784726960669559,0.76353155949163,0.9634669042260524,1.0,0.8755736339835208,0.9384521859168675,0.9066836913482212,0.8971630207608268,0.6046485280461931,0.8091684471130685,0.7226637990837276,0.7697755855205175,0.8797057871137857,0.7005339684216185,0.8866595001993294,0.8034756237966237,0.9882976192623307
Mercati Emergenti,0.14931109096028844,0.3406772093162285,0.4240213536146921,0.5485476921461945,0.3353919242312501,-0.05056387949930928,0.6917753960310139,0.5484899054291916,0.48460873188427783,0.6084178370158156,0.7270144195938116,0.49900169915111514,0.7026747074967331,0.6047077119000251,0.6135829672965514,0.6506890473666328,0.7397253580077243,0.8755736339835208,1.0,0.8238611655485835,0.8034327269389835,0.793808849615037,0.7781597786054131,0.6874718156362083,0.80081289315554,0.8469925243845245,0.8398855591201687,0.7490829441912938,0.8131089147178057,0.8348937220696375,0.8143264597705461
Europa,0.2551733444349595,0.21032016981615495,0.35110857267779266,0.5073436689476043,0.3835918343844272,-0.0706231580425598,0.7284533822924452,0.6020368700271963,0.6659640323200834,0.7643328094565134,0.8564191349810519,0.667364321025662,0.7536026070682559,0.6898847707253309,0.7313376840956486,0.6292525421758368,0.8469896709182412,0.9384521859168675,0.8238611655485835,1.0,0.9525053806073139,0.9542571756971435,0.5873000550982765,0.7559065528944356,0.716586167136651,0.7147546002932419,0.8509090013307,0.6856897925812736,0.8338064418257015,0.7090348405606564,0.9289353403249311
Germania,0.26903383714164636,0.15076519258441778,0.29146205373651185,0.43425604493651915,0.24984923599382666,-0.09390528068226128,0.7010451735199587,0.5023719329724676,0.6179180621618368,0.6782051469194931,0.8294155205388013,0.48178592126062153,0.7454705928299428,0.6694359037678288,0.7117367170263629,0.6452701637314588,0.7913315786883294,0.9066836913482212,0.8034327269389835,0.9525053806073139,1.0,0.8280903429858456,0.5900001733123551,0.5845380543703013,0.6821921211651734,0.6979390863920292,0.7339453393945662,0.6785296065397065,0.7535705795180543,0.6479168540264998,0.89202721286135
Regno Unito,0.21693027771011114,0.1959774737572064,0.3290623123465882,0.5128612856876975,0.39307048846327425,-0.13766293466646584,0.5985628115982161,0.6739464567343197,0.628236547338695,0.7280519340634777,0.8375712610184556,0.565840498433437,0.726952599892328,0.6498534781545028,0.7268652096723248,0.5459660268211286,0.791249491373651,0.8971630207608268,0.793808849615037,0.9542571756971435,0.8280903429858456,1.0,0.6009089806724768,0.6206735751572883,0.7310812621111131,0.6425847511318784,0.7980483472073949,0.6597485668061663,0.802469536045854,0.6080128576880527,0.8909541672141688
Cina,0.024894796001150427,0.25841113865008936,0.2841286723827227,0.4193114112278791,0.2927948136981091,-0.03706935737166657,0.4375611669282292,0.39253681586964845,0.32086757433235175,0.42166753918108413,0.47757800131508893,0.3142919320098612,0.4240318398936716,0.3609270863155707,0.36891265095643466,0.3557417539436972,0.47945090035911714,0.6046485280461931,0.7781597786054131,0.5873000550982765,0.5900001733123551,0.6009089806724768,1.0,0.4690080173371855,0.5394284309169444,0.5205682526254798,0.6085587854468807,0.5075367549167569,0.5666381913212246,0.5665583385994633,0.5545977458455285
Giappone,0.2014790163866607,0.15287347348004388,0.2371607403927212,0.33571130470640853,0.22403219702721472,0.010396167352218823,0.569534928819683,0.43374193682016154,0.526880218044927,0.5496559681300175,0.6530055904061673,0.38827953575389257,0.6351173346031486,0.5648653520169031,0.6408040552514145,0.5389937833405523,0.633641686956026,0.8091684471130685,0.6874718156362083,0.7559065528944356,0.5845380543703013,0.6206735751572883,0.4690080173371855,1.0,0.5054742772747047,0.6239371721168743,0.6290306107102304,0.5785181209183805,0.5998798342530638,0.5389132063074598,0.7336070508993069
America Latina,0.17353719512853058,0.31200492186124634,0.37942034626976906,0.46964796282616433,0.3685284735472427,-0.13580737246190774,0.5183853222851483,0.6220467228768428,0.45636665241722474,0.5703355055690014,0.6731425990148094,0.48637800523751756,0.6024036866697289,0.508775178779165,0.5781674558465861,0.45943810245066946,0.6351582296103137,0.7226637990837276,0.80081289315554,0.716586167136651,0.6821921211651734,0.7310812621111131,0.5394284309169444,0.5054742772747047,1.0,0.6179562986025864,0.7591782230560699,0.6371965655381641,0.777598597725942,0.5866201383213219,0.7113286717433823
Corea del Sud,0.11819657207602463,0.2233113020658454,0.3279720088340554,0.4791773939657422,0.18907728790690956,-0.010588462533275871,0.6552044867468696,0.4165955616506521,0.49439364490791216,0.505184815597775,0.649592656800456,0.3934368762968098,0.6719157458477588,0.5451866831713923,0.5990822726549441,0.6955289798617357,0.6880413621570588,0.7697755855205175,0.8469925243845245,0.7147546002932419,0.6979390863920292,0.6425847511318784,0.5205682526254798,0.6239371721168743,0.6179562986025864,1.0,0.704246374660918,0.5715328072013112,0.6732246330501797,0.7899964200392645,0.7204628669094504
Australia,0.28991625963174467,0.27125655239840935,0.3607804373887401,0.5338434489567564,0.33480475326183307,0.0005298295652799395,0.6111644100241224,0.5620362628128392,0.5722976232477798,0.6267963057013627,0.7578284747827168,0.48701534387983664,0.7463759304564794,0.7000095263716593,0.6662888338629095,0.5674145055982742,0.7292156174930298,0.8797057871137857,0.8398855591201687,0.8509090013307,0.7339453393945662,0.7980483472073949,0.6085587854468807,0.6290306107102304,0.7591782230560699,0.704246374660918,1.0,0.6871481590930778,0.7950881842818714,0.6514909209388566,0.8432471412714196
India,0.21551714711688072,0.20894027058284578,0.34144096811125757,0.43343330725501256,0.23644270663060318,-0.06970029854170287,0.5486277899032359,0.40938221464261726,0.4985781707263168,0.6150525008342207,0.6178630704163912,0.46387890316202895,0.5578576543610321,0.5722271837958981,0.520795301977587,0.4499438366259721,0.6143462622382835,0.7005339684216185,0.7490829441912938,0.6856897925812736,0.6785296065397065,0.6597485668061663,0.5075367549167569,0.5785181209183805,0.6371965655381641,0.5715328072013112,0.6871481590930778,1.0,0.6627348786356635,0.6191285095446287,0.6766330514497297
Canada,0.27293463421818753,0.3012147824973874,0.40186051208972434,0.5637114247058724,0.40897848869911857,-0.10472112989922713,0.6809629632819638,0.6693569936246325,0.5803751088935512,0.6755598624366411,0.8118574794569167,0.45944332848910957,0.7795799061364092,0.6530929319241934,0.7133152727250667,0.5960043441497943,0.8099755687937855,0.8866595001993294,0.8131089147178057,0.8338064418257015,0.7535705795180543,0.802469536045854,0.5666381913212246,0.5998798342530638,0.777598597725942,0.6732246330501797,0.7950881842818714,0.6627348786356635,1.0,0.6335283403105547,0.8633147409352315
Taiwan,0.1432421045290886,0.15638882529522366,0.2683790622450042,0.45970801857101695,0.19415372060267133,-0.026816836721221423,0.6725944491163058,0.3708035858863191,0.43116322501164467,0.5032136474173498,0.6165278657563533,0.3288570859421901,0.6463938930133591,0.5616553657642153,0.5347536404832319,0.7286981109557278,0.6735869592945939,0.8034756237966237,0.8348937220696375,0.7090348405606564,0.6479168540264998,0.6080128576880527,0.5665583385994633,0.5389132063074598,0.5866201383213219,0.7899964200392645,0.6514909209388566,0.6191285095446287,0.6335283403105547,1.0,0.6960554163328929
MSCI World,0.3412305383876348,0.13278650939388056,0.28862808176077115,0.4886790950717988,0.3125353438874322,-0.09714361611959174,0.8396176622626946,0.6296341363055148,0.7254019859986035,0.8288712418032622,0.9423459625144255,0.6819399216030504,0.865954418412407,0.7382944144053227,0.7892136070356489,0.7405229141490935,0.9714113513378448,0.9882976192623307,0.8143264597705461,0.9289353403249311,0.89202721286135,0.8909541672141688,0.5545977458455285,0.7336070508993069,0.7113286717433823,0.7204628669094504,0.8432471412714196,0.6766330514497297,0.8633147409352315,0.6960554163328929,1.0
