date,in_2x_ndx,in_2x_sp,dd_ndx,dd_sp
1976-01-05,False,False,0.0000,0.0000
1976-02-02,False,False,0.0000,0.0000
1976-03-01,False,False,-0.0200,-0.0195
1976-04-01,False,False,-0.0179,-0.0106
1976-05-03,False,False,-0.0330,-0.0223
1976-06-01,False,False,-0.0465,-0.0299
1976-07-01,False,False,-0.0197,-0.0065
1976-08-02,False,False,-0.0135,-0.0242
1976-09-01,False,False,-0.0209,-0.0128
1976-10-01,False,False,-0.0225,-0.0328
1976-11-01,False,False,-0.0230,-0.0397
1976-12-01,False,False,-0.0075,-0.0424
1977-01-03,False,False,-0.0019,-0.0041
1977-02-01,False,False,-0.0161,-0.0425
1977-03-01,False,False,-0.0280,-0.0571
1977-04-01,False,False,-0.0341,-0.0672
1977-05-02,False,False,-0.0209,-0.0666
1977-06-01,False,False,-0.0265,-0.0822
1977-07-01,False,False,0.0000,-0.0485
1977-08-01,False,False,-0.0228,-0.0547
1977-09-01,False,False,-0.0263,-0.0727
1977-10-03,False,False,-0.0189,-0.0699
1977-11-01,False,False,-0.0618,-0.1182
1977-12-01,False,False,-0.0062,-0.0822
1978-01-03,False,False,-0.0100,-0.0868
1978-02-01,False,False,-0.0334,-0.1209
1978-03-01,False,False,-0.0341,-0.1442
1978-04-03,False,False,-0.0029,-0.1276
1978-05-01,False,False,0.0000,-0.0328
1978-06-01,False,False,-0.0130,-0.0318
1978-07-03,False,False,-0.0350,-0.0501
1978-08-01,False,False,0.0000,-0.0000
1978-09-01,False,False,-0.0036,-0.0122
1978-10-02,False,False,-0.0427,-0.0351
1978-11-01,False,False,-0.1767,-0.0883
1978-12-01,False,False,-0.1656,-0.0896
1979-01-02,False,False,-0.1538,-0.0816
1979-02-01,False,False,-0.0969,-0.0466
1979-03-01,False,False,-0.1143,-0.0721
1979-04-02,False,False,-0.0567,-0.0295
1979-05-01,False,False,-0.0392,-0.0180
1979-06-01,False,False,-0.0538,-0.0377
1979-07-02,False,False,-0.0159,-0.0087
1979-08-01,False,False,0.0000,0.0000
1979-09-04,False,False,-0.0130,-0.0170
1979-10-01,False,False,-0.0070,-0.0163
1979-11-01,False,False,-0.1042,-0.0744
1979-12-03,False,False,-0.0554,-0.0407
1980-01-02,False,False,-0.0271,-0.0373
1980-02-01,False,False,0.0000,-0.0003
1980-03-03,False,False,-0.0507,-0.0479
1980-04-01,False,False,-0.1943,-0.1312
1980-05-01,False,False,-0.1547,-0.0990
1980-06-02,False,False,-0.0913,-0.0495
1980-07-01,False,False,-0.0428,-0.0145
1980-08-01,False,False,0.0000,-0.0091
1980-09-02,False,False,-0.0003,-0.0170
1980-10-01,False,False,-0.0323,-0.0239
1980-11-03,False,False,-0.0315,-0.0325
1980-12-01,False,False,-0.0156,-0.0234
1981-01-02,False,False,-0.0221,-0.0257
1981-02-02,False,False,-0.0724,-0.0895
1981-03-02,False,False,-0.0437,-0.0494
1981-04-01,False,False,0.0000,-0.0126
1981-05-01,False,False,-0.0146,-0.0366
1981-06-01,False,False,-0.0020,-0.0352
1981-07-01,False,False,-0.0396,-0.0504
1981-08-03,False,False,-0.0585,-0.0411
1981-09-01,False,False,-0.1266,-0.0921
1981-10-01,False,False,-0.1896,-0.1319
1981-11-02,False,False,-0.1173,-0.0748
1981-12-01,False,False,-0.1000,-0.0566
1982-01-04,False,False,-0.1250,-0.0774
1982-02-01,False,False,-0.1640,-0.1107
1982-03-01,False,False,-0.1939,-0.1407
1982-04-01,True,False,-0.2066,-0.1322
1982-05-03,False,False,-0.1723,-0.1048
1982-06-01,True,False,-0.2063,-0.1402
1982-07-01,True,False,-0.2366,-0.1585
1982-08-02,True,False,-0.2466,-0.1520
1982-09-01,True,False,-0.2066,-0.0749
1982-10-01,False,False,-0.1556,-0.0413
1982-11-01,False,False,-0.0401,-0.0254
1982-12-01,False,False,0.0000,-0.0272
1983-01-03,False,False,-0.0420,-0.0273
1983-02-01,False,False,-0.0008,-0.0236
1983-03-01,False,False,-0.0024,0.0000
1983-04-04,False,False,-0.0080,-0.0021
1983-05-02,False,False,-0.0086,-0.0139
1983-06-01,False,False,-0.0131,-0.0214
1983-07-01,False,False,-0.0223,-0.0126
1983-08-01,False,False,-0.0816,-0.0491
1983-09-01,False,False,-0.1045,-0.0325
1983-10-03,False,False,-0.1042,-0.0242
1983-11-01,False,False,-0.1699,-0.0495
1983-12-01,False,False,-0.1302,-0.0296
1984-01-03,False,False,-0.1559,-0.0405
1984-02-01,False,False,-0.1900,-0.0447
1984-03-01,True,False,-0.2293,-0.0680
1984-04-02,True,False,-0.2405,-0.0656
1984-05-01,True,False,-0.2391,-0.0402
1984-06-01,True,False,-0.2828,-0.0866
1984-07-02,True,False,-0.2767,-0.0832
1984-08-01,True,False,-0.2905,-0.0742
1984-09-04,True,False,-0.2357,-0.0160
1984-10-01,True,False,-0.2464,-0.0234
1984-11-01,True,False,-0.2461,-0.0023
1984-12-03,True,False,-0.2676,-0.0415
1985-01-02,True,False,-0.2523,-0.0229
1985-02-01,False,False,-0.1535,-0.0054
1985-03-01,False,False,-0.1269,0.0000
1985-04-01,False,False,-0.1477,-0.0072
1985-05-01,False,False,-0.1498,-0.0269
1985-06-03,False,False,-0.1165,-0.0011
1985-07-01,False,False,-0.0986,0.0000
1985-08-01,False,False,-0.0757,-0.0164
1985-09-03,False,False,-0.0984,-0.0344
1985-10-01,False,False,-0.1433,-0.0459
1985-11-01,False,False,-0.1058,-0.0088
1985-12-02,False,False,-0.0485,-0.0100
1986-01-02,False,False,-0.0119,-0.0098
1986-02-03,False,False,0.0000,0.0000
1986-03-03,False,False,0.0000,-0.0065
1986-04-01,False,False,-0.0015,-0.0158
1986-05-01,False,False,-0.0272,-0.0381
1986-06-02,False,False,-0.0020,-0.0116
1986-07-01,False,False,0.0000,0.0000
1986-08-01,False,False,-0.0985,-0.0678
1986-09-02,False,False,-0.0754,-0.0185
1986-10-01,False,False,-0.1431,-0.0773
1986-11-03,False,False,-0.1217,-0.0260
1986-12-01,False,False,-0.1296,-0.0106
1987-01-02,False,False,-0.1408,-0.0270
1987-02-02,False,False,-0.0340,0.0000
1987-03-02,False,False,-0.0025,-0.0082
1987-04-01,False,False,-0.0257,-0.0300
1987-05-01,False,False,-0.0482,-0.0441
1987-06-01,False,False,-0.0560,-0.0359
1987-07-01,False,False,-0.0345,-0.0209
1987-08-03,False,False,-0.0148,-0.0033
1987-09-01,False,False,-0.0061,-0.0392
1987-10-01,False,False,-0.0150,-0.0253
1987-11-02,True,True,-0.2788,-0.2363
1987-12-01,True,True,-0.3295,-0.3053
1988-01-04,True,True,-0.2565,-0.2311
1988-02-01,True,True,-0.2396,-0.2317
1988-03-01,False,False,-0.1932,-0.1928
1988-04-04,False,True,-0.1831,-0.2240
1988-05-02,False,True,-0.1659,-0.2053
1988-06-01,False,False,-0.1767,-0.1873
1988-07-01,False,False,-0.1330,-0.1693
1988-08-01,False,False,-0.1477,-0.1657
1988-09-01,False,True,-0.1808,-0.2056
1988-10-03,False,False,-0.1555,-0.1631
1988-11-01,False,False,-0.1602,-0.1369
1988-12-01,False,False,-0.1788,-0.1547
1989-01-03,False,False,-0.1685,-0.1435
1989-02-01,False,False,-0.1143,-0.0731
1989-03-01,False,False,-0.1218,-0.1019
1989-04-03,False,False,-0.1046,-0.0701
1989-05-01,False,False,-0.0610,-0.0276
1989-06-01,False,False,-0.0152,0.0000
1989-07-03,False,False,-0.0423,-0.0275
1989-08-01,False,False,-0.0043,-0.0066
1989-09-01,False,False,0.0000,0.0000
1989-10-02,False,False,0.0000,-0.0056
1989-11-01,False,False,-0.0599,-0.0497
1989-12-01,False,False,-0.0589,-0.0208
1990-01-02,False,False,-0.0544,0.0000
1990-02-01,False,False,-0.1399,-0.0833
1990-03-01,False,False,-0.1205,-0.0699
1990-04-02,False,False,-0.1082,-0.0505
1990-05-01,False,False,-0.1315,-0.0660
1990-06-01,False,False,-0.0486,0.0000
1990-07-02,False,False,-0.0488,-0.0189
1990-08-01,False,False,-0.1026,-0.0349
1990-09-04,True,False,-0.2142,-0.1201
1990-10-01,True,False,-0.2699,-0.1398
1990-11-01,True,False,-0.3194,-0.1585
1990-12-03,True,False,-0.2561,-0.1088
1991-01-02,True,False,-0.2338,-0.0998
1991-02-01,False,False,-0.1401,-0.0509
1991-03-01,False,False,-0.0597,0.0000
1991-04-01,False,False,-0.0100,-0.0129
1991-05-01,False,False,-0.0459,-0.0248
1991-06-03,False,False,-0.0082,-0.0044
1991-07-01,False,False,-0.0587,-0.0280
1991-08-01,False,False,-0.0140,-0.0017
1991-09-03,False,False,-0.0104,-0.0110
1991-10-01,False,False,0.0000,-0.0159
1991-11-01,False,False,-0.0038,-0.0077
1991-12-02,False,False,-0.0454,-0.0388
1992-01-02,False,False,0.0000,0.0000
1992-02-03,False,False,-0.0117,-0.0252
1992-03-02,False,False,-0.0147,-0.0161
1992-04-01,False,False,-0.0664,-0.0331
1992-05-01,False,False,-0.1035,-0.0108
1992-06-01,False,False,-0.0877,-0.0012
1992-07-01,False,False,-0.1177,-0.0092
1992-08-03,False,False,-0.0970,0.0000
1992-09-01,False,False,-0.1230,-0.0188
1992-10-01,False,False,-0.1033,-0.0196
1992-11-02,False,False,-0.0579,-0.0018
1992-12-01,False,False,0.0000,-0.0012
1993-01-04,False,False,-0.0076,-0.0124
1993-02-01,False,False,-0.0076,0.0000
1993-03-01,False,False,-0.0555,-0.0150
1993-04-01,False,False,-0.0313,-0.0115
1993-05-03,False,False,-0.0594,-0.0264
1993-06-01,False,False,-0.0064,0.0000
1993-07-01,False,False,-0.0074,-0.0083
1993-08-02,False,False,-0.0068,-0.0035
1993-09-01,False,False,0.0000,-0.0008
1993-10-01,False,False,-0.0006,-0.0025
1993-11-01,False,False,-0.0046,0.0000
1993-12-01,False,False,-0.0300,-0.0131
1994-01-03,False,False,-0.0212,-0.0113
1994-02-01,False,False,-0.0040,-0.0040
1994-03-01,False,False,-0.0148,-0.0346
1994-04-04,False,False,-0.0952,-0.0853
1994-05-02,False,False,-0.0787,-0.0539
1994-06-01,False,False,-0.0851,-0.0420
1994-07-01,False,False,-0.1208,-0.0636
1994-08-01,False,False,-0.0984,-0.0304
1994-09-01,False,False,-0.0560,-0.0059
1994-10-03,False,False,-0.0535,-0.0276
1994-11-01,False,False,-0.0395,-0.0113
1994-12-01,False,False,-0.0780,-0.0502
1995-01-03,False,False,-0.0751,-0.0263
1995-02-01,False,False,-0.0567,0.0000
1995-03-01,False,False,-0.0150,-0.0047
1995-04-03,False,False,-0.0098,-0.0037
1995-05-01,False,False,-0.0028,-0.0008
1995-06-01,False,False,-0.0123,0.0000
1995-07-03,False,False,-0.0059,-0.0065
1995-08-01,False,False,-0.0193,-0.0096
1995-09-01,False,False,-0.0115,0.0000
1995-10-02,False,False,-0.0373,-0.0079
1995-11-01,False,False,-0.0252,-0.0101
1995-12-01,False,False,-0.0113,-0.0009
1996-01-02,False,False,-0.0104,-0.0005
1996-02-01,False,False,-0.0003,0.0000
1996-03-01,False,False,-0.0284,-0.0247
1996-04-01,False,False,-0.0100,-0.0088
1996-05-01,False,False,0.0000,-0.0057
1996-06-03,False,False,-0.0079,-0.0155
1996-07-01,False,False,-0.0414,-0.0023
1996-08-01,False,False,-0.1203,-0.0385
1996-09-03,False,False,-0.0855,-0.0297
1996-10-01,False,False,-0.0221,0.0000
1996-11-01,False,False,-0.0289,-0.0091
1996-12-02,False,False,0.0000,-0.0005
1997-01-02,False,False,-0.0270,-0.0259
1997-02-03,False,False,-0.0087,0.0000
1997-03-03,False,False,-0.0554,-0.0251
1997-04-01,False,False,-0.1233,-0.0674
1997-05-01,False,False,-0.0847,-0.0179
1997-06-02,False,False,-0.0038,-0.0037
1997-07-01,False,False,-0.0098,-0.0081
1997-08-01,False,False,0.0000,-0.0074
1997-09-02,False,False,-0.0076,-0.0329
1997-10-01,False,False,-0.0042,-0.0026
1997-11-03,False,False,-0.0664,-0.0437
1997-12-01,False,False,-0.0659,-0.0060
1998-01-02,False,False,-0.0941,-0.0077
1998-02-02,False,False,-0.0532,0.0000
1998-03-02,False,False,-0.0104,-0.0015
1998-04-01,False,False,0.0000,0.0000
1998-05-01,False,False,-0.0230,-0.0080
1998-06-01,False,False,-0.0891,-0.0335
1998-07-01,False,False,-0.0016,0.0000
1998-08-03,False,False,-0.0810,-0.0620
1998-09-01,True,False,-0.2180,-0.1606
1998-10-01,False,False,-0.1995,-0.1662
1998-11-02,False,False,-0.1059,-0.0591
1998-12-01,False,False,-0.0063,-0.0142
1999-01-04,False,False,0.0000,-0.0109
1999-02-01,False,False,0.0000,-0.0051
1999-03-01,False,False,-0.0856,-0.0330
1999-04-01,False,False,-0.0067,-0.0168
1999-05-03,False,False,-0.0439,-0.0058
1999-06-01,False,False,-0.0905,-0.0530
1999-07-01,False,False,0.0000,0.0000
1999-08-02,False,False,-0.0841,-0.0635
1999-09-01,False,False,-0.0397,-0.0603
1999-10-01,False,False,-0.0520,-0.0934
1999-11-01,False,False,0.0000,-0.0420
1999-12-01,False,False,-0.0273,-0.0187
2000-01-03,False,False,0.0000,-0.0095
2000-02-01,False,False,-0.0433,-0.0399
2000-03-01,False,False,0.0000,-0.0595
2000-04-03,False,False,-0.1634,-0.0138
2000-05-01,True,False,-0.2160,-0.0377
2000-06-01,True,False,-0.2904,-0.0494
2000-07-03,True,False,-0.2093,-0.0349
2000-08-01,True,False,-0.2700,-0.0547
2000-09-01,False,False,-0.1613,0.0000
2000-10-02,True,False,-0.2931,-0.0548
2000-11-01,True,False,-0.3397,-0.0637
2000-12-01,True,False,-0.4760,-0.1326
2001-01-02,True,False,-0.5460,-0.1529
2001-02-01,True,False,-0.4488,-0.0924
2001-03-01,True,False,-0.5675,-0.1791
2001-04-02,True,True,-0.6468,-0.2412
2001-05-01,True,False,-0.5705,-0.1605
2001-06-01,True,False,-0.5743,-0.1634
2001-07-02,True,False,-0.5744,-0.1784
2001-08-01,True,False,-0.5903,-0.1914
2001-09-04,True,True,-0.6493,-0.2456
2001-10-01,True,True,-0.7068,-0.3079
2001-11-01,True,True,-0.6541,-0.2766
2001-12-03,True,True,-0.6227,-0.2451
2002-01-02,True,True,-0.6080,-0.2277
2002-02-01,True,True,-0.6214,-0.2486
2002-03-01,True,True,-0.6429,-0.2413
2002-04-01,True,True,-0.6311,-0.2306
2002-05-01,True,True,-0.6677,-0.2700
2002-06-03,True,True,-0.6905,-0.2999
2002-07-01,True,True,-0.7219,-0.3475
2002-08-01,True,True,-0.7465,-0.4032
2002-09-03,True,True,-0.7497,-0.4067
2002-10-01,True,True,-0.7596,-0.4263
2002-11-01,True,True,-0.7305,-0.3893
2002-12-02,True,True,-0.7059,-0.3657
2003-01-02,True,True,-0.7257,-0.3821
2003-02-03,True,True,-0.7354,-0.4143
2003-03-03,True,True,-0.7392,-0.4308
2003-04-01,True,True,-0.7313,-0.4138
2003-05-01,True,True,-0.7071,-0.3733
2003-06-02,True,True,-0.6858,-0.3377
2003-07-01,True,True,-0.6748,-0.3263
2003-08-01,True,True,-0.6605,-0.3268
2003-09-02,True,True,-0.6353,-0.2971
2003-10-01,True,True,-0.6371,-0.2988
2003-11-03,True,True,-0.6099,-0.2696
2003-12-01,True,True,-0.6059,-0.2610
2004-01-02,True,True,-0.6039,-0.2335
2004-02-02,True,True,-0.5869,-0.2140
2004-03-01,True,False,-0.5924,-0.1987
2004-04-01,True,True,-0.6001,-0.2140
2004-05-03,True,True,-0.6185,-0.2232
2004-06-01,True,True,-0.6093,-0.2196
2004-07-01,True,True,-0.6025,-0.2131
2004-08-02,True,True,-0.6250,-0.2276
2004-09-01,True,True,-0.6335,-0.2269
2004-10-01,True,True,-0.6153,-0.2079
2004-11-01,True,True,-0.6078,-0.2074
2004-12-01,True,False,-0.5765,-0.1636
2005-01-03,True,False,-0.5737,-0.1549
2005-02-01,True,False,-0.5902,-0.1627
2005-03-01,True,False,-0.5897,-0.1468
2005-04-01,True,False,-0.6069,-0.1720
2005-05-02,True,False,-0.6180,-0.1784
2005-06-01,True,False,-0.5864,-0.1489
2005-07-01,True,False,-0.5925,-0.1531
2005-08-01,True,False,-0.5652,-0.1229
2005-09-01,True,False,-0.5746,-0.1313
2005-10-03,True,False,-0.5731,-0.1264
2005-11-01,True,False,-0.5812,-0.1421
2005-12-01,True,False,-0.5509,-0.0966
2006-01-03,True,False,-0.5556,-0.0923
2006-02-01,True,False,-0.5423,-0.0813
2006-03-01,True,False,-0.5415,-0.0738
2006-04-03,True,False,-0.5372,-0.0676
2006-05-01,True,False,-0.5435,-0.0610
2006-06-01,True,False,-0.5603,-0.0736
2006-07-03,True,False,-0.5661,-0.0760
2006-08-01,True,False,-0.5916,-0.0813
2006-09-01,True,False,-0.5656,-0.0508
2006-10-02,True,False,-0.5568,-0.0347
2006-11-01,True,False,-0.5376,-0.0150
2006-12-01,True,False,-0.5220,-0.0063
2007-01-03,True,False,-0.5200,-0.0070
2007-02-01,True,False,-0.5111,0.0000
2007-03-01,True,False,-0.5238,-0.0382
2007-04-02,True,False,-0.5202,-0.0220
2007-05-01,True,False,-0.4986,-0.0058
2007-06-01,True,False,-0.4823,0.0000
2007-07-02,True,False,-0.4786,-0.0115
2007-08-01,True,False,-0.4941,-0.0556
2007-09-04,True,False,-0.4790,-0.0388
2007-10-01,True,False,-0.4571,-0.0002
2007-11-01,True,False,-0.4464,-0.0351
2007-12-03,True,False,-0.4777,-0.0566
2008-01-02,True,False,-0.4831,-0.0714
2008-02-01,True,False,-0.5220,-0.1031
2008-03-03,True,False,-0.5526,-0.1429
2008-04-01,True,False,-0.5320,-0.1164
2008-05-01,True,False,-0.5086,-0.0895
2008-06-02,True,False,-0.5065,-0.1033
2008-07-01,True,False,-0.5434,-0.1670
2008-08-01,True,False,-0.5423,-0.1813
2008-09-02,True,False,-0.5347,-0.1685
2008-10-01,True,True,-0.5901,-0.2428
2008-11-03,True,True,-0.6581,-0.3681
2008-12-01,True,True,-0.7231,-0.4650
2009-01-02,True,True,-0.6767,-0.3875
2009-02-02,True,True,-0.7040,-0.4560
2009-03-02,True,True,-0.7380,-0.5369
2009-04-01,True,True,-0.6927,-0.4624
2009-05-01,True,True,-0.6595,-0.4168
2009-06-01,True,True,-0.6378,-0.3719
2009-07-01,True,True,-0.6344,-0.3835
2009-08-03,True,True,-0.6021,-0.3289
2009-09-01,True,True,-0.6100,-0.3307
2009-10-01,True,True,-0.5925,-0.3080
2009-11-02,True,True,-0.5941,-0.2979
2009-12-01,True,True,-0.5690,-0.2523
2010-01-04,True,True,-0.5428,-0.2346
2010-02-01,True,True,-0.5699,-0.2631
2010-03-01,True,True,-0.5497,-0.2440
2010-04-01,True,True,-0.5241,-0.2004
2010-05-03,True,False,-0.5051,-0.1827
2010-06-01,True,True,-0.5598,-0.2710
2010-07-01,True,True,-0.5838,-0.2993
2010-08-02,True,True,-0.5453,-0.2308
2010-09-01,True,True,-0.5688,-0.2606
2010-10-01,True,True,-0.5304,-0.2142
2010-11-01,True,False,-0.5039,-0.1867
2010-12-01,True,False,-0.4950,-0.1705
2011-01-03,True,False,-0.4669,-0.1239
2011-02-01,True,False,-0.4551,-0.0980
2011-03-01,True,False,-0.4578,-0.0977
2011-04-01,True,False,-0.4475,-0.0781
2011-05-02,True,False,-0.4327,-0.0569
2011-06-01,True,False,-0.4515,-0.0878
2011-07-01,True,False,-0.4422,-0.0689
2011-08-01,True,False,-0.4564,-0.1042
2011-09-01,True,False,-0.4957,-0.1600
2011-10-03,True,True,-0.5373,-0.2320
2011-11-01,True,False,-0.4836,-0.1473
2011-12-01,True,False,-0.4798,-0.1274
2012-01-03,True,False,-0.4754,-0.1030
2012-02-01,True,False,-0.4358,-0.0685
2012-03-01,True,False,-0.4080,-0.0318
2012-04-02,True,False,-0.3821,0.0000
2012-05-01,True,False,-0.3958,-0.0077
2012-06-01,True,False,-0.4558,-0.0963
2012-07-02,True,False,-0.4154,-0.0327
2012-08-01,True,False,-0.4216,-0.0240
2012-09-04,True,False,-0.3909,-0.0085
2012-10-01,True,False,-0.3833,-0.0136
2012-11-01,True,False,-0.4018,-0.0235
2012-12-03,True,False,-0.4053,-0.0341
2013-01-02,True,False,-0.3835,0.0000
2013-02-01,True,False,-0.3703,0.0000
2013-03-01,True,False,-0.3722,-0.0077
2013-04-01,True,False,-0.3584,-0.0044
2013-05-01,True,False,-0.3465,-0.0092
2013-06-03,True,False,-0.3136,-0.0166
2013-07-01,True,False,-0.3197,-0.0303
2013-08-01,True,False,-0.2719,0.0000
2013-09-03,True,False,-0.2844,-0.0392
2013-10-01,True,False,-0.2438,-0.0170
2013-11-01,True,False,-0.2231,-0.0056
2013-12-02,False,False,-0.1987,-0.0033
2014-01-02,False,False,-0.1794,-0.0088
2014-02-03,True,False,-0.2083,-0.0567
2014-03-03,False,False,-0.1528,-0.0073
2014-04-01,False,False,-0.1546,0.0000
2014-05-01,False,False,-0.1825,-0.0023
2014-06-02,False,False,-0.1607,0.0000
2014-07-01,False,False,-0.1169,0.0000
2014-08-01,False,False,-0.1379,-0.0312
2014-09-02,False,False,-0.0892,-0.0005
2014-10-01,False,False,-0.1241,-0.0317
2014-11-03,False,False,-0.0812,-0.0000
2014-12-01,False,False,-0.0636,-0.0092
2015-01-02,False,False,-0.0637,-0.0153
2015-02-02,False,False,-0.0737,-0.0316
2015-03-02,False,False,-0.0080,0.0000
2015-04-01,False,False,-0.0334,-0.0256
2015-05-01,False,False,-0.0170,-0.0041
2015-06-01,False,False,-0.0046,-0.0085
2015-07-01,False,False,-0.0285,-0.0229
2015-08-03,False,False,-0.0198,-0.0134
2015-09-01,False,False,-0.1117,-0.0985
2015-10-01,False,False,-0.1134,-0.0921
2015-11-02,False,False,-0.0176,-0.0052
2015-12-01,False,False,-0.0120,-0.0043
2016-01-04,False,False,-0.0605,-0.0451
2016-02-01,False,False,-0.1147,-0.0783
2016-03-01,False,False,-0.1014,-0.0581
2016-04-01,False,False,-0.0583,-0.0112
2016-05-02,False,False,-0.0769,-0.0093
2016-06-01,False,False,-0.0511,0.0000
2016-07-01,False,False,-0.0683,-0.0062
2016-08-01,False,False,-0.0066,-0.0014
2016-09-01,False,False,-0.0066,-0.0078
2016-10-03,False,False,-0.0072,-0.0104
2016-11-01,False,False,-0.0348,-0.0314
2016-12-01,False,False,-0.0274,-0.0097
2017-01-03,False,False,-0.0106,-0.0051
2017-02-01,False,False,-0.0032,-0.0078
2017-03-01,False,False,0.0000,0.0000
2017-04-03,False,False,-0.0033,-0.0137
2017-05-01,False,False,0.0000,-0.0000
2017-06-01,False,False,0.0000,0.0000
2017-07-03,False,False,-0.0335,-0.0092
2017-08-01,False,False,-0.0093,-0.0003
2017-09-01,False,False,0.0000,-0.0003
2017-10-02,False,False,0.0000,0.0000
2017-11-01,False,False,-0.0017,-0.0004
2017-12-01,False,False,-0.0094,-0.0020
2018-01-02,False,False,0.0000,0.0000
2018-02-01,False,False,-0.0160,-0.0174
2018-03-01,False,False,-0.0433,-0.0664
2018-04-02,False,False,-0.0946,-0.0984
2018-05-01,False,False,-0.0603,-0.0715
2018-06-01,False,False,-0.0045,-0.0420
2018-07-02,False,False,-0.0275,-0.0433
2018-08-01,False,False,-0.0284,-0.0114
2018-09-04,False,False,-0.0023,-0.0057
2018-10-01,False,False,-0.0089,-0.0016
2018-11-01,False,False,-0.0833,-0.0629
2018-12-03,False,False,-0.0824,-0.0442
2019-01-02,False,False,-0.1780,-0.1389
2019-02-01,False,False,-0.1043,-0.0698
2019-03-01,False,False,-0.0634,-0.0350
2019-04-01,False,False,-0.0346,-0.0116
2019-05-01,False,False,-0.0122,-0.0074
2019-06-03,False,False,-0.1018,-0.0668
2019-07-01,False,False,-0.0089,0.0000
2019-08-01,False,False,-0.0263,-0.0236
2019-09-03,False,False,-0.0547,-0.0376
2019-10-01,False,False,-0.0506,-0.0248
2019-11-01,False,False,0.0000,0.0000
2019-12-02,False,False,-0.0158,-0.0125
2020-01-02,False,False,0.0000,0.0000
2020-02-03,False,False,-0.0137,-0.0235
2020-03-02,False,False,-0.0881,-0.0868
2020-04-01,True,True,-0.2502,-0.2685
2020-05-01,False,False,-0.1235,-0.1604
2020-06-01,False,False,-0.0270,-0.0921
2020-07-01,False,False,0.0000,-0.0727
2020-08-03,False,False,0.0000,-0.0180
2020-09-01,False,False,0.0000,0.0000
2020-10-01,False,False,-0.0605,-0.0545
2020-11-02,False,False,-0.0911,-0.0729
2020-12-01,False,False,0.0000,0.0000
2021-01-04,False,False,-0.0156,-0.0147
2021-02-01,False,False,-0.0171,-0.0208
2021-03-01,False,False,-0.0359,-0.0078
2021-04-01,False,False,-0.0437,0.0000
2021-05-03,False,False,-0.0172,-0.0044
2021-06-01,False,False,-0.0285,-0.0063
2021-07-01,False,False,-0.0004,0.0000
2021-08-02,False,False,-0.0108,-0.0077
2021-09-01,False,False,0.0000,-0.0009
2021-10-01,False,False,-0.0525,-0.0386
2021-11-01,False,False,0.0000,0.0000
2021-12-01,False,False,-0.0500,-0.0403
2022-01-03,False,False,-0.0140,0.0000
2022-02-01,False,False,-0.1066,-0.0511
2022-03-01,False,False,-0.1572,-0.1003
2022-04-01,False,False,-0.1118,-0.0490
2022-05-02,True,False,-0.2193,-0.1297
2022-06-01,True,False,-0.2530,-0.1400
2022-07-01,True,False,-0.3070,-0.1967
2022-08-01,True,False,-0.2297,-0.1340
2022-09-01,True,False,-0.2661,-0.1647
2022-10-03,True,True,-0.3265,-0.2243
2022-11-01,True,False,-0.3218,-0.1857
2022-12-01,True,False,-0.2849,-0.1379
2023-01-03,True,False,-0.3531,-0.1901
2023-02-01,True,False,-0.2641,-0.1265
2023-03-01,True,False,-0.2913,-0.1610
2023-04-03,True,False,-0.2409,-0.1229
2023-05-01,True,False,-0.2394,-0.1125
2023-06-01,False,False,-0.1841,-0.0999
2023-07-03,False,False,-0.1395,-0.0487
2023-08-01,False,False,-0.1104,-0.0229
2023-09-01,False,False,-0.1261,-0.0359
2023-10-02,False,False,-0.1712,-0.0844
2023-11-01,False,False,-0.1866,-0.0952
2023-12-01,False,False,-0.1091,-0.0190
2024-01-02,False,False,-0.0804,-0.0085
2024-02-01,False,False,-0.0433,-0.0044
2024-03-01,False,False,0.0000,0.0000
2024-04-01,False,False,-0.0019,-0.0020
2024-05-01,False,False,-0.0509,-0.0449
2024-06-03,False,False,-0.0112,-0.0071
2024-07-01,False,False,0.0000,-0.0022
2024-08-01,False,False,-0.0779,-0.0389
2024-09-03,False,False,-0.0810,-0.0244
2024-10-01,False,False,-0.0395,-0.0093
2024-11-01,False,False,-0.0253,-0.0232
2024-12-02,False,False,0.0000,0.0000
2025-01-02,False,False,-0.0443,-0.0364
2025-02-03,False,False,-0.0388,-0.0203
2025-03-03,False,False,-0.0904,-0.0479
2025-04-01,False,False,-0.1350,-0.0832
2025-05-01,False,False,-0.1221,-0.0879
2025-06-02,False,False,-0.0462,-0.0339
2025-07-01,False,False,-0.0082,-0.0011
2025-08-01,False,False,-0.0250,-0.0238
2025-09-02,False,False,-0.0200,-0.0133
2025-10-01,False,False,-0.0015,0.0000
2025-11-03,False,False,-0.0052,-0.0056
2025-12-01,False,False,-0.0285,-0.0114
